Inicio GRADUACAO,Fim GRADUACAO,Inicio MESTRADO,Fim MESTRADO,Inicio DOUTORADO,Fim DOUTORADO,Pesquisador,Departamento,Nome de Citação,Titulo do artigo,Ano de Publicação,País de publicação,DOI,Titulo do periódico/revista,ISSN,Volume,Fascículo,Série,Página inicial,Página final,Local de publicação,Autores,Inicio,Data
2006,2012.0,2014.0,2016.0,2016.0,,252,Ecologia,,"EXPLOSIVE POLLEN RELEASE, STIGMA RECEPTIVITY, AND POLLEN DISPERSAL PATTERN OF BOEHMERIA CAUDATA SW. (URTICACEAE) IN A BRAZILIAN RAIN FOREST 1/SUP",2016,,10.1139/cjb-2016-0031,Botany,19162790,94,,8,607,614,,"MONTOYA-PFEIFFER, PAULA MARIA ;KEVAN, PETER G. ;GONZÁLEZ-CHAVES, ADRIAN ;QUEIROZ, ELISA PEREIRA ;DEC, ENDERLEI",,2016.0
2006,2012.0,2014.0,2016.0,2016.0,,252,Ecologia,,"BEEKEEPING PRACTICES AND GEOGRAPHIC DISTANCE, NOT LAND USE, DRIVE GENE FLOW ACROSS TROPICAL BEES",2016,,10.1111/mec.13852,MOLECULAR ECOLOGY,9621083,25,,21,5345,5358,,"JAFFÉ, RODOLFO ;IMPERATRIZ-FONSECA, VERA L. ;TAVARES, MARA G. ;JHA, SHALENE ;CARVALHEIRO, LUÍSA G. ;POPE, NATHANIEL ;ACOSTA, ANDRÉ L. ;ALVES, DENISE A. ;ARIAS, MARIA C. ;DE LA RÚA, PILAR ;FRANCISCO, FLÁVIO O. ;GIANNINI, TEREZA C. ;GONZÁLEZ-CHAVES, ADRIAN",,2016.0
2006,2012.0,2014.0,2016.0,2016.0,,252,Ecologia,,FOREST PROXIMITY RATHER THAN LOCAL FOREST COVER AFFECTS BEE DIVERSITY AND COFFEE POLLINATION SERVICES,2020,,10.1007/s10980-020-01061-1,LANDSCAPE ECOLOGY,9212973,X,,,1,15,,"GONZÁLEZ-CHAVES, ADRIAN ;JAFFÉ, RODOLFO ;METZGER, JEAN PAUL ;DE M. P. KLEINERT, ASTRID",,2016.0
2006,2012.0,2014.0,2016.0,2016.0,,252,Ecologia,,CONSIDERING LANDSCAPE-LEVEL PROCESSES IN ECOSYSTEM SERVICE ASSESSMENTS,2021,,10.1016/j.scitotenv.2021.149028,SCIENCE OF THE TOTAL ENVIRONMENT,489697,796,,,149028,,,"METZGER, JEAN PAUL ;VILLARREAL-ROSAS, JARAMAR ;SUÁREZ-CASTRO, ANDRÉS F. ;LÓPEZ-CUBILLOS, SOFÍA ;GONZÁLEZ-CHAVES, ADRIAN ;RUNTING, REBECCA K. ;HOHLENWERGER, CAMILA ;RHODES, JONATHAN R.",,2016.0
2006,2012.0,2014.0,2016.0,2016.0,,252,Ecologia,,EFFECTS OF LANDSCAPE STRUCTURE AND CLIMATE SEASONALITY ON POLLEN INTAKE BY HONEYBEES IN NEOTROPICAL HIGHLAND AGROECOSYSTEMS,2021,,10.1111/afe.12446,AGRICULTURAL AND FOREST ENTOMOLOGY,14619555,23,,3,afe.12446,,,"MONTOYA'PFEIFFER, PAULA MARÍA ;GONZÁLEZ'CHAVES, ADRIAN ;NATES'PARRA, GUIOMAR",,2016.0
2006,2012.0,2014.0,2016.0,2016.0,,252,Ecologia,,THE VALUE OF BIOTIC POLLINATION AND DENSE FOREST FOR FRUIT SET OF ARABICA COFFEE: A GLOBAL ASSESSMENT,2022,,10.1016/j.agee.2021.107680,AGRICULTURE ECOSYSTEMS & ENVIRONMENT,1678809,323,,,107680,,,"MOREAUX, CÉLINE ;METZGER, JEAN PAUL ;PHILPOTT, STACY M. ;RAHBEK, CARSTEN ;SATURNI, FERNANDA T. ;SRITONGCHUAY, TUANJIT ;TSCHARNTKE, TEJA ;UNO, SHINSUKE ;VERGARA, CARLOS H. ;VIANA, BLANDINA F. ;STRANGE, NIELS ;MEIRELES, DESIRÉE A.L. ;DALSGAARD, BO ;SONNE, JESPER ;BADANO, ERNESTO I. ;CLASSEN, ALICE ;GONZÁLEZ-CHAVES, ADRIAN ;HIPÓLITO, JULIANA ;KLEIN, ALEXANDRA-MARIA ;MARUYAMA, PIETRO K.",,2016.0
2006,2012.0,2014.0,2016.0,2016.0,,252,Ecologia,,POSITIVE FOREST COVER EFFECTS ON COFFEE YIELDS ARE CONSISTENT ACROSS REGIONS,2021,,10.1111/1365-2664.14057,JOURNAL OF APPLIED ECOLOGY,218901,59,,1,330,341,,"GONZÁLEZ'CHAVES, ADRIAN ;CARVALHEIRO, LUÍSA G. ;GARIBALDI, LUCAS A. ;METZGER, JEAN PAUL",,2016.0
2006,2012.0,2014.0,2016.0,2016.0,,252,Ecologia,,PRIVATE RESERVES SUFFER FROM THE SAME LOCATION BIASES OF PUBLIC PROTECTED AREAS,2021,,10.1016/j.biocon.2021.109283,BIOLOGICAL CONSERVATION,63207,261,,,109283,,,"D'ALBERTAS, FRANCISCO ;GONZÁLEZ-CHAVES, ADRIAN ;BORGES-MATOS, CLARICE ;ZAGO DE ALMEIDA PACIELLO, VITOR ;MARON, MARTINE ;METZGER, JEAN PAUL",,2016.0
2008,2009.0,,,2017.0,,253,Ecologia,,"IDENTIFICATION OF AREAS IN BRAZIL THAT OPTIMIZE CONSERVATION OF FOREST CARBON, JAGUARS, AND BIODIVERSITY",2014,,10.1111/cobi.12202,Conservation Biology,8888892,28,,2,580,593,,"DE BARROS, ALAN E. ;MACDONALD, EWAN A. ;MATSUMOTO, MARCELO H. ;PAULA, ROGÉRIO C. ;NIJHAWAN, SAHIL ;MALHI, Y. ;MACDONALD, DAVID W.",,2017.0
2008,2009.0,,,2017.0,,253,Ecologia,,ENVIRONMENTAL AND ANTHROPOGENIC FACTORS SYNERGISTICALLY AFFECT SPACE USE OF JAGUARS,2021,,10.1016/j.cub.2021.06.029,CURRENT BIOLOGY,9609822,31,,15,3457,34660000,,"THOMPSON, JEFFREY J. ;MCBRIDE, ROY T. ;CUNHA DE PAULA, ROGERIO ;CULLEN, LAURY ;SILVEIRA, LEANDRO ;KANTEK, DANIEL L.Z. ;RAMALHO, EMILIANO E. ;MARANHÃO, LOUISE ;HABERFELD, MARIO ;SANA, DENIS A. ;MEDELLIN, RODRIGO A. ;MORATO, RONALDO G. ;CARRILLO, EDUARDO ;MONTALVO, VICTOR H. ;MONROY-VILCHIS, OCTAVIO ;CRUZ, PAULA ;JACOMO, ANAH T.A. ;ALVES, GISELLE B. ;CASSAIGNE, IVONNE ;THOMPSON, RON ;SÁENZ-BOLAÑOS, CAROLINA ;CRUZ, JUAN CARLOS ;NIEBUHR, BERNARDO B. ;ALFARO, LUIS D. ;HAGNAUER, ISABEL ;XAVIER DA SILVA, MARINA ;VOGLIOTTI, ALEXANDRE ;MORAES, MARCELA F.D. ;MIYAZAKI, SELMA S. ;ARAUJO, GEDIENDSON R. ;CRUZ DA SILVA, LEANES ;LEUZINGER, LUCAS ;CARVALHO, MARINA M. ;ALEGRE, VANESA BEJARANO ;RAMPIM, LILIAN ;SARTORELLO, LEONARDO ;QUIGLEY, HOWARD ;TORTATO, FERNANDO R. ;HOOGESTEIJN, RAFAEL ;CRAWSHAW, PETER G. ;DEVLIN, ALLISON L. ;MAY JÚNIOR, JOARES A. ;POWELL, GEORGE V.N. ;TOBLER, MATHIAS W. ;OSHIMA, JÚLIA EMI F. ;CARRILLO-PERCASTEGUI, SAMIA E. ;PAYÁN, ESTEBÁN ;AZEVEDO, FERNANDO C.C. ;CONCONE, HENRIQUE V.B. ;QUIROGA, VERÓNICA A. ;COSTA, SEBASTIÁN A. ;ARRABAL, JUAN P. ;VANDERHOEVEN, EZEQUIEL ;DI BLANCO, YAMIL E. ;LOPES, ALEXANDRE M.C. ;DE BARROS, ALAN E. ;RIBEIRO, MILTON CEZAR ;PAVIOLO, AGUSTÍN ;DE LA TORRE, J. ANTONIO ;LIMA, FERNANDO",,2017.0
2008,2009.0,,,2017.0,,253,Ecologia,,EVERY CASE IS DIFFERENT: CAUTIONARY INSIGHTS ABOUT GENERALISATIONS IN HUMAN-WILDLIFE CONFLICT FROM A RANGE-WIDE STUDY OF PEOPLE AND JAGUARS,2021,,10.1016/j.biocon.2021.109185,BIOLOGICAL CONSERVATION,63207,260,,,109185,,,"ZIMMERMANN, ALEXANDRA ;MARCHINI, SILVIO ;SOTO-SHOENDER, JOSE ;PEROVIC, PABLO G. ;EARLE, SAMANTHA ;QUIROGA-PACHECO, CARMEN JULIA ;MACDONALD, DAVID W. ;JOHNSON, PAUL ;DE BARROS, ALAN EDUARDO ;INSKIP, CHLOE ;AMIT, RONIT ;SOTO, ERIKA CUELLAR ;LOPEZ-GONZALEZ, CARLOS A. ;SILLERO-ZUBIRI, CLAUDIO ;DE PAULA, ROGERIO",,2017.0
2015,2019.0,,,2020.0,,320,Genética,,PARKIN IS DOWNREGULATED AMONG AUTOPHAGY-RELATED PROTEINS PRIOR TO HYPERPHOSPHORYLATION OF TAU IN TS65DN MICE,2021,,10.1016/j.bbrc.2021.05.016,BIOCHEMICAL AND BIOPHYSICAL RESEARCH COMMUNICATIONS,0006291X,561,,,59,64,,"HENRIQUE, ALAN M. ;GIANETTI, NATHÁLIA G. ;FERRARI, MERARI F.R.",,2020.0
2007,2011.0,2013.0,2015.0,2020.0,,360,Zoologia,,"GENERA OF BELYTINAE (HYMENOPTERA: DIAPRIIDAE) RECORDED IN THE ATLANTIC DENSE OMBROPHILOUS FOREST FROM PARAIBA TO SANTA CATARINA, BRAZIL",2017,,10.11606/0031-1049.2017.57.06,PAPÉIS AVULSOS DE ZOOLOGIA (ONLINE),18070205,57,,6,57,,,"QUADROS, A. L. ;BRANDÃO, C. R. F.",,2020.0
2012,2016.0,2016.0,2019.0,2019.0,,361,Zoologia,,MORPHOLOGICAL AND MORPHOMETRIC DESCRIPTION OF A NOVEL SHELLED AMOEBA ARCELLA GANDALFI SP. NOV. (AMOEBOZOA: ARCELLINIDA) FROM BRAZILIAN CONTINENTAL WATERS,2016,,,ACTA PROTOZOOLOGICA,651583,55,,4,221,229,,"FERES, J. C. ;Porfirio-Sousa, A. L. ;RIBEIRO, G. M. ;ROCHA, G. M. ;STERZA, J. M. ;SOUZA, M. B. G. ;SOARES, C. E. A. ;LAHR, D. J. G.",,2019.0
2012,2016.0,2016.0,2019.0,2019.0,,361,Zoologia,,"MEETING REPORT: 8TH INTERNATIONAL SYMPOSIUM ON TESTATE AMOEBAE, ILHABELA, SAO PAULO, BRAZIL, 12-14 SEPTEMBER 2016",2017,,10.1111/jeu.12380,JOURNAL OF EUKARYOTIC MICROBIOLOGY,10665234,64,,4,555,557,,"LAHR, DANIEL J. G. ;LARA, ENRIQUE ;HOFSTATTER, PAULO G. ;RIBEIRO, GIULIA M. ;PORFÍRIO-SOUSA, ALFREDO L. ;JUNIOR, SAMUEL P.",,2019.0
2012,2016.0,2016.0,2019.0,2019.0,,361,Zoologia,,PHYLOGENOMICS AND MORPHOLOGICAL RECONSTRUCTION OF ARCELLINIDA TESTATE AMOEBAE HIGHLIGHT DIVERSITY OF MICROBIAL EUKARYOTES IN THE NEOPROTEROZOIC,2019,,10.1016/j.cub.2019.01.078,CURRENT BIOLOGY,9609822,26,,6,991,1001,,"LAHR, DANIEL J.G. ;KANG, SEUNGHO ;BROWN, MATTHEW W. ;KOSAKYAN, ANUSH ;LARA, ENRIQUE ;MITCHELL, EDWARD A.D. ;MORAIS, LUANA ;PORFIRIO-SOUSA, ALFREDO L. ;RIBEIRO, GIULIA M. ;TICE, ALEXANDER K. ;PÁNEK, TOMÁ?",,2019.0
2012,2016.0,2016.0,2019.0,2019.0,,361,Zoologia,,CURRENT KNOWLEDGE AND RESEARCH PERSPECTIVES OF THE SHELL FORMATION PROCESS IN THE GENUS ARCELLA (ARCELLINIDA: AMOEBOZOA),2020,,10.21685/1680-0826-2020-14-1-1,Protistology,16800826,14,,1,3,14,,"Porfirio-Sousa, A. L. ;LAHR, DANIEL J. G.",,2019.0
2012,2016.0,2016.0,2019.0,2019.0,,361,Zoologia,,"DE NOVO SEQUENCING, ASSEMBLY, AND ANNOTATION OF THE TRANSCRIPTOME FOR THE FREE-LIVING TESTATE AMOEBA ARCELLA INTERMEDIA",2020,,10.1111/jeu.12788,JOURNAL OF EUKARYOTIC MICROBIOLOGY,10665234,1,,0,1,10,,"RIBEIRO, GIULIA M. ;PORFÍRIO'SOUSA, ALFREDO L. ;MAURER'ALCALÁ, XYRUS X. ;KATZ, LAURA A. ;LAHR, DANIEL J.G.",,2019.0
2012,2016.0,2016.0,2019.0,2019.0,,361,Zoologia,,GROWTH RATE MODULATION ENABLES COEXISTENCE IN A COMPETITIVE EXCLUSION SCENARIO BETWEEN MICROBIAL EUKARYOTES,2019,,10.4467/16890027AP.19.019.12021,ACTA PROTOZOOLOGICA,651583,58,,4,217,233,,"RIBEIRO, GIULIA M. ;PRADO, PAULO INÁCIO ;COUTINHO, RENATO MENDES ;RILLO, MARINA COSTA ;PEREIRA JUNIOR, SAMUEL ;PORFIRIO-SOUSA, ALFREDO L. ;LAHR, DANIEL J. G.",,2019.0
2012,2016.0,2016.0,2019.0,2019.0,,361,Zoologia,,THE SEXUAL ANCESTOR OF ALL EUKARYOTES: A DEFENSE OF THE -MEIOSIS TOOLKIT-,2020,,10.1002/bies.202000037,BioEssays,15211878,42,,1,2000037,14,,"HOFSTATTER, PAULO G. ;RIBEIRO, GIULIA M. ;PORFÍRIO'SOUSA, ALFREDO L. ;LAHR, DANIEL J. G.",,2019.0
2012,2016.0,2016.0,2019.0,2019.0,,361,Zoologia,,PHYLOGENETIC RECONSTRUCTION AND EVOLUTION OF THE RAB GTPASE GENE FAMILY IN AMOEBOZOA,2021,,10.1080/21541248.2021.1903794,Small GTPases,21541248,12,,,1,14,,"PORFÍRIO-SOUSA, ALFREDO L. ;TICE, ALEXANDER K. ;BROWN, MATTHEW W. ;J. G. LAHR, DANIEL",,2019.0
2012,2016.0,2016.0,2019.0,2019.0,,361,Zoologia,,ANALYSES OF THE PERICYTE TRANSCRIPTOME IN ISCHEMIC SKELETAL MUSCLES,2021,,10.1186/s13287-021-02247-3,Stem Cell Research & Therapy,17576512,12,,1,183,,,"TENG, YUAN-CHI ;PORFÍRIO-SOUSA, ALFREDO LEONARDO ;RIBEIRO, GIULIA MAGRI ;AREND, MARCELA CORSO ;DA SILVA MEIRELLES, LINDOLFO ;CHEN, ELIZABETH SUCHI ;ROSA, DANIELA SANTORO ;HAN, SANG WON",,2019.0
2012,2016.0,2016.0,2019.0,2019.0,,361,Zoologia,,"MORPHOMETRIC AND GENETIC ANALYSIS OF ARCELLA INTERMEDIA AND ARCELLA INTERMEDIA LAEVIS (AMOEBOZOA, ARCELLINIDA) ILLUMINATE PHENOTYPIC PLASTICITY IN MICROBIAL EUKARYOTES",2017,,10.1016/j.ejop.2016.11.003,EUROPEAN JOURNAL OF PROTISTOLOGY,9324739,58,,,187,194,,"PORFÍRIO-SOUSA, ALFREDO L. ;RIBEIRO, GIULIA M. ;LAHR, DANIEL J.G.",,2019.0
2011,2016.0,2017.0,2019.0,2019.0,,219,Botânica,,"FLORISTICA E FITOSSOCIOLOGIA DE UM CAMPO PASTEJADO NA FAZENDA EXPERIMENTAL DA RESSACADA, FLORIANOPOLIS, SANTA CATARINA, BRASIL",2018,,,REVISTA BRASILEIRA DE BIOCIÊNCIAS,16792343,16,,1,1,10,,"DELLA, A. P.;DELLA, ALINE POSSAMAI;BFG (The Brazil Flora Group) ;FAGA-PACHECO, F. ;SCHMIDT, W. ;MICHELENA, E. ;MAFRA, G. ;HADDAD, M. F. ;VIEIRA, P. H. M. ;ZANNIN, A. ;TREVISAN, R.",,2019.0
2011,2016.0,2017.0,2019.0,2019.0,,219,Botânica,,PTERIDOPHYTES AS ECOLOGICAL INDICATORS: AN OVERVIEW,2019,,10.1590/2236-8906-52/2018,HOEHNEA,22368906,46,,1,1/e522018,25,,"DELLA, A. P.;DELLA, ALINE POSSAMAI;BFG (The Brazil Flora Group) ;FALKENBERG, D. B.",,2019.0
2011,2016.0,2017.0,2019.0,2019.0,,219,Botânica,,"PTERIDOFITAS USADAS NA LEGISLACAO COMO INDICADORAS DE ESTAGIOS SUCESSIONAIS NO ESTADO DE SANTA CATARINA, BRASIL",2019,,10.1590/2236-8906-57/2018,HOEHNEA,22368906,46,,2,1/ e572018,14,,"DELLA, A. P.;DELLA, ALINE POSSAMAI;BFG (The Brazil Flora Group) ;FALKENBERG, D. B.",,2019.0
2011,2016.0,2017.0,2019.0,2019.0,,219,Botânica,,"LICOFITAS E SAMAMBAIAS DO PARQUE ESTADUAL MONTE ALEGRE (PEMA), PARA, BRASIL",2019,,10.1590/2236-8906-73/2018,HOEHNEA,22368906,46,,3,1,9,,"DELLA, ALINE POSSAMAI ;FERREIRA, IVONETE ;MACIEL, SEBASTIÃO ;PIETROBOM, MARCIO ROBERTO",,2019.0
2011,2016.0,2017.0,2019.0,2019.0,,219,Botânica,,JAMESONIA A?INTERMEDIA: A NEW HYBRID BETWEEN J. BIARDII AND J. INSIGNIS (PTERIDACEAE) FROM BRAZIL,2020,,10.1640/0002-8444-110.1.20,AMERICAN FERN JOURNAL,28444,110,,1,20,28,,"DELLA, ALINE POSSAMAI ;MYNSSEN, CLAUDINE M. ;PRADO, JEFFERSON",,2019.0
2011,2016.0,2017.0,2019.0,2019.0,,219,Botânica,,JAMESONIA (PTERIDACEAE) IN BRASIL,2020,,10.1590/1676-0611-BN-2020-0986,BIOTA NEOTROPICA (ONLINE. EDIÇÃO EM INGLÊS),16760611,20,,2,1/ e20200986,24,,"DELLA, A. P. ;PRADO, J.",,2019.0
2011,2016.0,2017.0,2019.0,2019.0,,219,Botânica,,TRYONIA (PTERIDACEAE) IN BRAZIL,2020,,10.1007/s40415-020-00606-7,Brazilian Journal of Botany,18069959,43,,2,341,354,,"DELLA, A. P. ;PRADO, J.",,2019.0
2011,2016.0,2017.0,2019.0,2019.0,,219,Botânica,,BRAZILIAN FLORA 2020: LEVERAGING THE POWER 1 OF A COLLABORATIVE SCIENTIFIC NETWORK,2021,,,TAXON,400262,,,,,,,"BFG, T. B. F. G. ;DELLA, A. P.",,2019.0
2013,2017.0,2018.0,2020.0,,,254,Ecologia,,A NON-DISRUPTIVE METHOD FOR OBTAINING DNA SAMPLES FROM SEA ANEMONES (CNIDARIA: ANTHOZOA: ACTINIARIA),2017,,10.1007/s12686-017-0953-4,Conservation Genetics Resources,18777252,1,,,1,3,,"CAMPOS, AMANDA B. ;PAVASOVIC, ANA ;PRENTIS, PETER J.",,2021.0
2013,2017.0,2018.0,2020.0,,,254,Ecologia,,INTEGRATING COMPUTATIONAL METHODS TO INVESTIGATE THE MACROECOLOGY OF MICROBIOMES,2020,,10.3389/fgene.2019.01344,Frontiers in Genetics,16648021,10,,,1344,,,"MASCARENHAS, RILQUER ;MENEZES, RAFAEL ;VEIGA, RAFAEL ;COUTINHO, FELIPE H. ;DUTILH, BAS E. ;GUIMARÃES, PAULO R. ;ASSIS, ANA PAULA A. ;ARA, ANDERSON ;MIRANDA, JOSÉ G. V. ;ANDRADE, ROBERTO F. S. ;VILELA, BRUNO ;RUZISKA, FLÁVIA M. ;MEIRELLES, PEDRO MILET ;MOREIRA, EDUARDO FREITAS ;CAMPOS, AMANDA B. ;LOIOLA, MIGUEL ;REIS, KAIKE ;TRINDADE-SILVA, AMARO E. ;BARBOSA, FELIPE A. S. ;SALLES, LUCAS",,2021.0
2013,2017.0,2018.0,2020.0,,,254,Ecologia,,THE GILL-ASSOCIATED MICROBIOME IS THE MAIN SOURCE OF WOOD PLANT POLYSACCHARIDE HYDROLASES AND SECONDARY METABOLITE GENE CLUSTERS IN THE MANGROVE SHIPWORM NEOTEREDO REYNEI,2018,,10.1371/journal.pone.0200437,PLoS One,19326203,13,,11,e0200437,,,"BRITO, THAIS L. ;MEIRELLES, PEDRO M. ;TRINDADE-SILVA, AMARO E. ;CAMPOS, AMANDA B. ;BASTIAAN VON MEIJENFELDT, F. A. ;DANIEL, JULIO P. ;RIBEIRO, GABRIELLA B. ;SILVA, GENIVALDO G. Z. ;WILKE, DIEGO V. ;DE MORAES, DANIELA T. ;DUTILH, BAS E.",,2021.0
2008,2013.0,2013.0,2015.0,,,321,Genética,,HUMAN ADIPOSE-DERIVED MESENCHYMAL STROMAL CELLS INJECTED SYSTEMICALLY INTO GRMD DOGS WITHOUT IMMUNOSUPPRESSION ARE ABLE TO REACH THE HOST MUSCLE AND EXPRESS HUMAN DYSTROPHIN,2012,,10.3727/096368911x,Cell Transplantation,9636897,21,,7,1407,1417,,"VIEIRA, N. M. ;ANDRADE, T. ;CAETANO, H. V. A. ;VAINZOF, M. ;ZATZ, M. ;VALADARES, M. ;ZUCCONI, E. ;SECCO, M. ;BUENO JUNIOR, C. R. ;BRANDALISE, V. ;ASSONI, A. ;GOMES, J. ;LANDINI, V.",,2015.0
2008,2013.0,2013.0,2015.0,,,321,Genética,,HUMAN ADIPOSE TISSUE DERIVED PERICYTES INCREASE LIFE SPAN IN UTRN TM1KED DMD MDX /J MICE,2014,,10.1007/s12015-014-9537-9,Stem Cell Reviews,15508943,10,,,830,840,,"VALADARES, M. C. ;VAINZOF, M. ;MARGARIDO, P. F. ;BARACAT, E. ;PÉAULT, B. ;ZATZ, M. ;GOMES, J. P. ;CASTELLO, G. ;ASSONI, A. ;PELLATI, M. ;BUENO, C. ;CORSELLI, M. ;SILVA, H. ;BARTOLINI, P.",,2015.0
2008,2013.0,2013.0,2015.0,,,321,Genética,,DIFFERENT DONORS MESENCHYMAL STROMAL CELLS SECRETOMES REVEAL HETEROGENEOUS PROFILE OF RELEVANCE FOR THERAPEUTIC USE,2016,,10.1089/scd.2016.0218,Stem Cells and Development,15473287,ahead,,,ahead of printi,,,"ASSONI, AMANDA FARIA ;CASTELLO, GIULIANA ;VALADARES, MARCOS ;BECCARI, MELINDA ;GOMES, JULIANA ;PELATTI, MAYRA ;MITNE-NETO, MIGUEL ;CARVALHO, VALDEMIR MELECHCO ;ZATZ, MAYANA",,2015.0
2008,2011.0,2013.0,2015.0,2016.0,,362,Zoologia,,"LARGE-SCALE MOLECULAR PHYLOGENY, MORPHOLOGY, DIVERGENCE-TIME ESTIMATION, AND THE FOSSIL RECORD OF ADVANCED CAENOPHIDIAN SNAKES (SQUAMATA: SERPENTES)",2019,,10.1371/journal.pone.0216148,PLoS One,19326203,14,,5,e0216148,,,"ZAHER, HUSSAM ;WILKINSON, MARK ;ZHANG, YA-PING ;GRAZZIOTIN, FELIPE G. ;MURPHY, ROBERT W. ;ARREDONDO, JUAN CAMILO ;GRABOSKI, ROBERTA ;MACHADO-FILHO, PAULO ROBERTO ;MAHLOW, KRISTIN ;MONTINGELLI, GIOVANNA G. ;Quadros, Ana Bottallo ;ORLOV, NIKOLAI L.",,2016.0
2008,2011.0,2013.0,2015.0,2016.0,,362,Zoologia,,"A NEW TEIID LIZARD OF THE GENUS GRAVENHORST, 1838 (SQUAMATA, TEIIDAE), FROM THE LOWER MIOCENE OF ARGENTINA",2018,,10.1080/02724634.2018.1484754,JOURNAL OF VERTEBRATE PALEONTOLOGY,2724634,38,,,1,18,,"Quadros, Ana B.;QUADROS, ANA B.;Quadros, Ana Bottallo ;CHAFRAT, P. ;ZAHER, H.",,2016.0
2007,2010.0,2013.0,2015.0,,,363,Zoologia,,STINGLESS BEES (MELIPONA SCUTELLARIS) LEARN TO ASSOCIATE FOOTPRINT CUES AT FOOD SOURCES WITH A SPECIFIC REWARD CONTEXT,2016,,10.1007/s00359-016-1104-1,JOURNAL OF COMPARATIVE PHYSIOLOGY A-NEUROETHOLOGY SENSORY NEURAL AND BEHAVIORAL PHYSIOLOGY,14321351,202,,2023-10-09 00:00:00,657,666,,"ROSELINO, ANA CAROLINA ;RODRIGUES, ANDRÉ VIEIRA ;HRNCIR, MICHAEL",,2019.0
2006,2010.0,2012.0,2015.0,2017.0,,220,Botânica,,"EFFECTS OF TEMPERATURE, SALINITY, IRRADIANCE AND NUTRIENTS ON THE DEVELOPMENT OF CARPOSPORELINGS AND TETRASPOROPHYTES IN GRACILARIA DOMINGENSIS (KUTZ.) SONDER EX DICKIE (RHODOPHYTA, GRACILARIALES).",2012,,10.1515/bot-2011-0074,Botanica Marina (Print),68055,55,,3,253,259,,"RAMLOV, F ;SOUZA, J. M. C ;MARASCHIN, M ;HORTA, P.A ;YOKOYA, N. S. ;FARIA, A. V. F.;FARIA, ANDRÉ V. F.",,2017.0
2006,2010.0,2012.0,2015.0,2017.0,,220,Botânica,,"PHYSIOLOGICAL ASSESSMENT OF THE MARICULTURE POTENTIAL OF A GRACILARIA CAUDATA (GRACILARIALES, RHODOPHYTA) VARIANT",2016,,10.1007/s10811-015-0761-8,Journal of Applied Phycology,15735176,28,,4,2445,2452,,"FARIA, ANDRÉ V. F. ;PLASTINO, ESTELA M.",,2017.0
2006,2010.0,2012.0,2015.0,2017.0,,220,Botânica,,"ECOTYPES OF GRACILARIA CAUDATA (GRACILARIALES, RHODOPHYTA): PHYSIOLOGICAL AND MORPHOLOGICAL APPROACHES CONSIDERING LIFE HISTORY PHASES",2016,,10.1007/s10811-016-1018-x,JOURNAL OF APPLIED PHYCOLOGY,9218971,29,,2,707,719,,"FARIA, ANDRÉ V. F. ;BONOMI-BARUFI, JOSÉ ;PLASTINO, ESTELA M.",,2017.0
2006,2010.0,2012.0,2015.0,2017.0,,220,Botânica,,"GROWTH AND ACCUMULATION OF CAROTENOIDS AND NITROGEN COMPOUNDS IN GRACILARIA DOMINGENSIS (KUTZ.) SONDER EX DICKIE (GRACILARIALES, RHODOPHYTA) CULTURED UNDER DIFFERENT IRRADIANCE AND NUTRIENT LEVELS",2011,,10.1590/S0102-695X2011005000081,Revista Brasileira de Farmacognosia (Impresso),0102695X,21,,2,255,261,,"RAMLOV, F ;SOUZA, J. M. C ;FARIA, A. V. F.;FARIA, ANDRÉ V. F. ;MARASCHIN, M ;HORTA, P.A ;YOKOYA, N. S.",,2017.0
2004,2008.0,2010.0,2013.0,2016.0,,322,Genética,,EFFECTS OF ANTIPSYCHOTICS WITH DIFFERENT WEIGHT GAIN LIABILITIES ON HUMAN IN VITRO MODELS OF ADIPOSE TISSUE DIFFERENTIATION AND METABOLISM,2011,,10.1016/j.pnpbp.2011.07.017,Progress in Neuro-Psychopharmacology & Biological Psychiatry,2785846,35,,8,1884,1890,,"SERTIÉ, ANDRÉA L. ;SUZUKI, ANGELA MAY;SUZUKI, A M;SUZUKI, A. M. ;SERTIÉ, ROGÉRIO A.L. ;ANDREOTTI, SANDRA ;LIMA, FÁBIO B. ;PASSOS-BUENO, MARIA RITA ;GATTAZ, WAGNER F.",,2016.0
2004,2008.0,2010.0,2013.0,2016.0,,322,Genética,,ALTERED MTORC1 SIGNALING IN MULTIPOTENT STEM CELLS FROM NEARLY 25% OF PATIENTS WITH NONSYNDROMIC AUTISM SPECTRUM DISORDERS,2015,,10.1038/mp.2014.175,Molecular Psychiatry,13594184,20,,5,551,552,,"SUZUKI, A M ;GRIESI-OLIVEIRA, K ;DE OLIVEIRA FREITAS MACHADO, C ;VADASZ, E ;ZACHI, E C ;PASSOS-BUENO, M R ;SERTIE, A L",,2016.0
2004,2008.0,2010.0,2013.0,2016.0,,322,Genética,,ACTIN CYTOSKELETON DYNAMICS IN STEM CELLS FROM AUTISTIC INDIVIDUALS,2018,,10.1038/s41598-018-29309-6,Scientific Reports,20452322,8,,1,11138,,,"Griesi-Oliveira, Karina ;ZACHI, ELAINE CRISTINA ;Vadasz, Estevão ;Passos-Bueno, M. R. ;SUZUKI, ANGELA MAY;SUZUKI, A M;SUZUKI, A. M. ;ALVES, ALINE YASUDA ;MAFRA, ANA CAROLINA CINTRA NUNES ;YAMAMOTO, GUILHERME LOPES ;EZQUINA, SUZANA ;MAGALHÃES, YULI THAMIRES ;FORTI, FABIO LUIS ;SERTIE, ANDREA LAURATO",,2016.0
2004,2008.0,2010.0,2013.0,2016.0,,322,Genética,,IMPROVEMENT OF OSTEOGENIC POTENTIAL THROUGH DIFFERENTIATION OF INDUCED PLURIPOTENT STEM CELLS FROM HUMAN EXFOLIATED DENTAL TISSUE TOWARDS MESENCHYMAL-LIKE STEM CELLS,2015,,10.1155/2015/249098,Stem Cells International,1687966X,2015,,,1,9,,"ISHIY, FELIPE AUGUSTO ANDRE ;Fanganiello, Roberto Dalto ;Griesi-Oliveira, Karina ;SUZUKI, ANGELA MAY;SUZUKI, A M;SUZUKI, A. M. ;Kobayashi, Gerson Shigeru ;MORALES, ANDRESSA GOIS ;CAPELO, LUCIANE PORTAS ;Passos-Bueno, M. R.",,2016.0
2004,2008.0,2010.0,2013.0,2016.0,,322,Genética,,TRANSCRIPTOME OF IPSC-DERIVED NEURONAL CELLS REVEALS A MODULE OF CO-EXPRESSED GENES CONSISTENTLY ASSOCIATED WITH AUTISM SPECTRUM DISORDER,2020,,10.1038/s41380-020-0669-9,Molecular Psychiatry,14765578,,,,,,,"GRIESI-OLIVEIRA, K. ;SUNAGA-FRANZE, D. Y. ;BUENO, A. P. ;SEABRA, G. ;SARDINHA, L. ;COSTA, S. S. ;ROSENBERG, C. ;ZACHI, E. C. ;SERTIE, A. L. ;MARTINS-DE-SOUZA, D. ;REIS, E. M. ;FOGO, M. S. ;VOINEAGU, I. ;PASSOS-BUENO, M. R. ;PINTO, B. G. G. ;ALVES, A. Y. ;SUZUKI, A. M. ;MORALES, A. G. ;EZQUINA, S. ;SOSA, O. J. ;SUTTON, G. J.",,2016.0
2011,2014.0,2015.0,2016.0,2017.0,,323,Genética,,"DIPHENYL DITELLURIDE INTOXICATION TRIGGERS HISTOLOGICAL CHANGES IN LIVER, KIDNEY, AND LUNG OF MICE",2015,,10.1155/2015/784612,ANAL CELL PATHOL,22107177,2015,,,1,10,,"DA LUZ, SÔNIA CRISTINA ALMEIDA ;DAUBERMANN, MELISSA FALSTER ;THOMÉ, GUSTAVO ROBERTO ;DOS SANTOS, MATHEUS MÜLLING ;RAMOS, ANGELICA ;TORRES SALAZAR, GERSON ;DA ROCHA, JOÃO BATISTA TEIXEIRA ;BARBOSA, NILDA VARGAS",,2017.0
2011,2014.0,2015.0,2016.0,2017.0,,323,Genética,,EFFECT OF SYZYGIUM CUMINI AND BAUHINIA FORFICATA AQUEOUS-LEAF EXTRACTS ON OXIDATIVE AND MITOCHONDRIAL PARAMETERS IN VITRO,2015,,,EXCLI Journal,16112156,14,,,1219,1231,,"ECKER, A. ;ROCHA, J. B. T. ;BARBOSA, N. B. V. ;VIEIRA, F. A. ;PRESTES, A. ;DOS SANTOS, MATHEUS MÜLLING ;RAMOS, A. ;FERREIRA, R. D. ;MACEDO, G. T. ;KLIMACZEWSKI, C. V. ;SEEGER, R. L.",,2017.0
2011,2014.0,2015.0,2016.0,2017.0,,323,Genética,,SELENIUM AND MERCURY LEVELS IN RAT LIVER SLICES CO-TREATED WITH DIPHENYL DISELENIDE AND METHYLMERCURY,2016,,10.1007/s10534-016-9936-2,BioMetals (Oxford),9660844,29,,,543,550,,"DALLA CORTE, CRISTIANE LENZ ;RAMOS, ANGÉLICA ;DOS SANTOS, CLARISSA MARQUES MOREIRA ;DRESSLER, VALDERI LUIZ ;DA ROCHA, JOÃO BATISTA TEIXEIRA",,2017.0
2011,2014.0,2015.0,2016.0,2017.0,,323,Genética,,METHYL AND ETHYLMERCURY ELICIT OXIDATIVE STRESS AND UNBALANCE THE ANTIOXIDANT SYSTEM IN SACCHAROMYCES CEREVISIAE,2020,,10.1016/j.cbi.2019.108867,CHEMICO-BIOLOGICAL INTERACTIONS,92797,315,,,108867,,,"RAMOS, ANGELICA ;DOS SANTOS, MATHEUS M. ;DE MACEDO, GABRIEL T. ;WILDNER, GUILHERME ;PRESTES, ALESSANDRO S. ;MASUDA, CLAUDIO A. ;DALLA CORTE, CRISTIANE L. ;TEIXEIRA DA ROCHA, JOÃO BATISTA ;BARBOSA, NILDA V.",,2017.0
2011,2014.0,2015.0,2016.0,2017.0,,323,Genética,,ASSESSMENT OF SUBMITOCHONDRIAL PROTEIN LOCALIZATION IN BUDDING YEAST SACCHAROMYCES CEREVISIAE/EM,2021,,10.3791/62853,Jove-Journal of Visualized Experiments,1940087X,1,,173,1,,,"GOMES, FERNANDO ;TURANO, HELENA ;RAMOS, ANGÉLICA ;NETTO, LUIS E. S.",,2017.0
2011,2014.0,2015.0,2016.0,2017.0,,323,Genética,,PRELIMINARY IN VITRO EVALUATION OF CARYOCAR CORIACEUM WITTM. LEAF AND BARK EXTRACTS AS ANTIOXIDANTS,2016,,,International Journal of Applied Research in Natural Products,19406223,9,,3,18,25,,"Duavy, SM ;RAMOS, A.;RAMOS, ANGELICA;RAMOS, ANGÉLICA ;TORRES, G. ;ECKER, A. ;Seeger, R. ;Rocha, JBT ;Costa, JGM ;Barbosa, NBV.",,2017.0
2010,2012.0,2015.0,2018.0,2018.0,,324,Genética,,MUSCLE SATELLITE CELLS: EXPLORING THE BASIC BIOLOGY TO RULE THEM,2016,,10.1155/2016/1078686,Stem Cells International,1687966X,2016,,,1,14,,"ALMEIDA, CAMILA F. ;FERNANDES, STEPHANIE A. ;RIBEIRO JUNIOR, ANTONIO F. ;KEITH OKAMOTO, OSWALDO ;VAINZOF, MARIZ",,2018.0
2010,2012.0,2015.0,2018.0,2018.0,,324,Genética,,THE MDX MUTATION IN THE 129/SV BACKGROUND RESULTS IN A MILDER PHENOTYPE: TRANSCRIPTOME COMPARATIVE ANALYSIS SEARCHING FOR THE PROTECTIVE FACTORS,2016,,10.1371/journal.pone.0150748,Plos One,19326203,11,,3,e0150748,,,"CALYJUR, PRISCILA CLARA ;ALMEIDA, CAMILA DE FREITAS ;AYUB-GUERRIERI, DANIELLE ;Ribeiro, Antonio Fernando ;FERNANDES, STEPHANIE DE ALCÂNTARA ;ISHIBA, RENATA ;SANTOS, ANDRE LUIS FERNANDES DOS ;ONOFRE-OLIVEIRA, PAULA ;VAINZOF, MARIZ",,2018.0
2010,2012.0,2015.0,2018.0,2018.0,,324,Genética,,ZIKA VIRUS SELECTIVELY KILLS AGGRESSIVE HUMAN EMBRYONAL CNS TUMOR CELLS IN VITRO AND IN VIVO,2018,,10.1158/0008-5472.can-17-3201,CANCER RESEARCH,85472,3201,,2018,canres.3201.20,,,"KAID, CAROLINI ;RIBEIRO JÚNIOR, ANTONIO F. ;VENTINI, DANIELLA CRISTINA ;PUGLIA, ANA L. P. ;GOMES, ROSELANE P. ;ZATZ, MAYANA ;OKAMOTO, OSWALDO K. ;GOULART, ERNESTO ;CAIRES-JÚNIOR, LUIZ CARLOS ;ARAUJO, BRUNO HENRIQUE SILVA ;SOARES-SCHANOSKI, ALESSANDRA ;SIQUEIRA BUENO, HELOISA MARIA ;SILVA, KAYQUE ALVES TELLES ;ASTRAY, RENATO M. ;ASSONI, AMANDA F.",,2018.0
2010,2012.0,2015.0,2018.0,2018.0,,324,Genética,,MUSCLE SATELLITE CELLS AND IMPAIRED LATE STAGE REGENERATION IN DIFFERENT MURINE MODELS FOR MUSCULAR DYSTROPHIES,2019,,10.1038/s41598-019-48156-7,Scientific Reports,20452322,9,,1,11842,,,"Ribeiro, Antonio F. ;SOUZA, LUCAS S. ;ALMEIDA, CAMILA F. ;ISHIBA, RENATA ;FERNANDES, STEPHANIE A. ;GUERRIERI, DANIELLE A. ;SANTOS, ANDRÉ L. F. ;ONOFRE-OLIVEIRA, PAULA C. G. ;VAINZOF, MARIZ",,2018.0
2010,2012.0,2015.0,2018.0,2018.0,,324,Genética,,FASTER REGENERATION ASSOCIATED TO HIGH EXPRESSION OF FAM65B AND HDAC6 IN DYSFERLIN-DEFICIENT MOUSE,2019,,10.1007/s10735-019-09834-y,JOURNAL OF MOLECULAR HISTOLOGY,15672379,50,,4,375,387,,"ISHIBA, RENATA ;SANTOS, ANDRÉ LUIS F. ;ALMEIDA, CAMILA F. ;CAIRES, LUIZ CARLOS ;Ribeiro, Antonio F. ;AYUB-GUERRIERI, DANIELLE ;FERNANDES, STEPHANIE A. ;SOUZA, LUCAS S. ;VAINZOF, MARIZ",,2018.0
2010,2012.0,2015.0,2018.0,2018.0,,324,Genética,,PRE-COATING DECELLULARIZED LIVER WITH HEPG2-CONDITIONED MEDIUM IMPROVES HEPATIC RECELLULARIZATION,2021,,10.1016/j.msec.2020.111862,Materials Science & Engineering C-Materials for Biological Applications,9284931,121,,,111862,,,"CAIRES-JÚNIOR, LUIZ CARLOS ;RIBEIRO-JR, ANTÔNIO FERNANDO ;ISHIBA, RENATA ;BRAGA, KARINA ANDRIGHETTI OLIVEIRA ;NEPOMUCENO, NATALIA ;CALDINI, ELIA ;RANGEL, THADEU ;RAIA, SILVANO ;LELKES, PETER I. ;ZATZ, MAYANA ;GOULART, ERNESTO ;TELLES-SILVA, KAYQUE ALVES ;ARAUJO, BRUNO HENRIQUE SILVA ;MUSSO, CAMILA MANSO ;KOBAYASHI, GERSON ;OLIVEIRA, DANYLLO ;ASSONI, AMANDA ;CARVALHO, VALDEMIR MELECHCO",,2018.0
2010,2012.0,2015.0,2018.0,2018.0,,324,Genética,,ASSOCIATION OF THREE DIFFERENT MUTATIONS IN THE CLCN1 GENE MODULATING THE PHENOTYPE IN A CONSANGUINEOUS FAMILY WITH MYOTONIA CONGENITA,2021,,10.1007/s12031-020-01785-4,JOURNAL OF MOLECULAR NEUROSCIENCE,8958696,71,,,33464536,,,"SOUZA, LUCAS SANTOS ;CALYJUR, PRISCILA ;Ribeiro, Antonio Fernando ;GURGEL-GIANNETTI, JULIANA ;PAVANELLO, RITA CASSIA MINGRONI ;ZATZ, MAYANA ;VAINZOF, MARIZ",,2018.0
2011,2014.0,2015.0,2017.0,2017.0,,291,Fisiologia,,EFFECTS OF PROLONGED FASTING ON POSTPRANDIAL METABOLIC RATES OF BOA CONSTRICTOR LINNAEUS 1758 (SERPENTES: BOIDAE),2020,,,HERPETOLOGY NOTES,20715773,13,,,621,625,,"Figueiredo, A. C.;FIGUEIREDO, AYMAM C.;DE FIGUEIREDO, AYMAM C.;COBO DE FIGUEIREDO, AYMAM ;BARROS, F. C. ;CARVALHO, J. E.",,2019.0
2011,2014.0,2015.0,2017.0,2017.0,,291,Fisiologia,,DO PROLONGED FASTING PERIODS INFLUENCE THE POSTPRANDIAL METABOLIC RESPONSES IN TURTLES? WHAT CAN TRACHEMYS SCRIPTA ELEGANS TEACH US ABOUT THIS?,2020,,10.1002/jez.2416,Journal of Experimental Zoology Part A-Ecological and Integrative Physiology,24715638,33,,,1,8,,"FIGUEIREDO, AYMAM C. ;CARVALHO, JOSÉ E.",,2019.0
2011,2014.0,2015.0,2017.0,2017.0,,291,Fisiologia,,SYSTEMIC HORMONAL AND IMMUNE REGULATION INDUCED BY INTRAPERITONEAL LPS INJECTION IN BULLFROGS (LITHOBATES CATESBEIANUS),2020,,10.1016/j.cbpa.2020.110872,COMPARATIVE BIOCHEMISTRY AND PHYSIOLOGY A-MOLECULAR & INTEGRATIVE PHYSIOLOGY,10956433,252,,,110872,,,"DE FIGUEIREDO, AYMAM C. ;TITON, STEFANNY C.M. ;BRAZ, TITON ;VASCONCELOS-TEIXEIRA, RONYELLE ;BARSOTTI, ADRIANA M.G. ;GOMES, FERNANDO R.",,2019.0
2011,2014.0,2015.0,2017.0,2017.0,,291,Fisiologia,,IMMUNE AND HORMONAL MODULATION IN THE POSTPRANDIAL PERIOD OF BULLFROGS ( ),2021,,10.1242/jeb.243153,JOURNAL OF EXPERIMENTAL BIOLOGY,220949,0,,,0,,,"DE FIGUEIREDO, AYMAM C. ;TITON, STEFANNY C. M. ;CYRINO, JOÃO C. ;NOGUEIRA, LETÍCIA A. K. ;GOMES, FERNANDO R.",,2019.0
2011,2014.0,2015.0,2017.0,2017.0,,291,Fisiologia,,IMMUNE AND HORMONAL REGULATION OF THE BOA CONSTRICTOR (SERPENTES; BOIDAE) IN RESPONSE TO FEEDING,2021,,10.1016/j.cbpa.2021.111119,COMPARATIVE BIOCHEMISTRY AND PHYSIOLOGY A-MOLECULAR & INTEGRATIVE PHYSIOLOGY,10956433,111119,,11119,111119,,,"DE FIGUEIREDO, AYMAM C. ;NOGUEIRA, LETÍCIA A.K. ;TITON, STEFANNY C.M. ;GOMES, FERNANDO R. ;DE CARVALHO, JOSÉ E.",,2019.0
2011,2014.0,2015.0,2017.0,2017.0,,291,Fisiologia,,PLASMA STEROIDS AND IMMUNE MEASURES VARY WITH RESTRAINT DURATION IN A TOAD (RHINELLA ICTERICA),2022,,10.1016/j.ygcen.2022.113987,GENERAL AND COMPARATIVE ENDOCRINOLOGY,166480,318,,,113987,,,"CHRISTIE MONTEIRO TITON, STEFANNY ;TITON JUNIOR, BRAZ ;COBO DE FIGUEIREDO, AYMAM ;RANGEL FLORESTE, FELIPE ;SIQUEIRA LIMA, ALAN ;CUNHA CYRINO, JOÃO ;RIBEIRO GOMES, FERNANDO",,2019.0
2011,2014.0,2015.0,2017.0,2017.0,,291,Fisiologia,,DAY VS. NIGHT VARIATION IN THE LPS EFFECTS ON TOAD'S IMMUNITY AND ENDOCRINE MEDIATORS,2022,,10.1016/j.cbpa.2022.111184,COMPARATIVE BIOCHEMISTRY AND PHYSIOLOGY A-MOLECULAR & INTEGRATIVE PHYSIOLOGY,10956433,111184,,,111184,,,"TITON, STEFANNY C.M. ;TITON, BRAZ ;MUXEL, SANDRA M. ;DE FIGUEIREDO, AYMAM C. ;FLORESTE, FELIPE R. ;LIMA, ALAN S. ;GOMES, FERNANDO R. ;ASSIS, VANIA R.",,2019.0
2012,2018.0,,,2020.0,,221,Botânica,,"THE STATE OF THE ART OF SCHOOL GARDENS AS A PEDAGOGICAL TOOL FOR THE NEW ENVIRONMENTAL RATIONALE PARADIGM IN BUTANTA, SAO PAULO, BRAZIL",2020,,10.34117/bjdv6n4-041,Brazilian Journal of Development,25258761,6,,4,17184,17219,,"LAHAM, BEATRIZ SINELLI ;AIRES, FRANCISCO MELO ;SOTO, GABRIEL AKIRA TESHIMA ;ARRUDA, GUSTAVO LOPUMO",,2020.0
2012,2015.0,2016.0,2018.0,2018.0,,292,Fisiologia,,"MORPHOLOGICAL ASPECTS OF ORAL DENTICLES IN THE SHARPNOSE SHARK (MULLER AND HENLE, 1839) (ELASMOBRANCHII, CARCHARHINIDAE)",2015,,10.1111/ahe.12178,"Anatomia, Histologia, Embryologia",3402096,45,,2,,,,"CIENA, A. P. ;DE S. RANGEL, B. ;BRUNO, C. E. M. ;MIGLINO, M. A. ;DE AMORIM, A. F. ;RICI, R. E. G. ;WATANABE, I.",,2018.0
2012,2015.0,2016.0,2018.0,2018.0,,292,Fisiologia,,DENTAL SEXUAL DIMORPHISM AND MORPHOLOGY OF UROTRYGON MICROPHTHALMUM,2016,,10.1007/s00435-016-0312-0,Zoomorphology (Berlin. Print),0720213X,135,,,367,374,,"RANGEL, B. S. ;SANTANDER NETO, J. ;RICI, R. E. G. ;LESSA, R.",,2018.0
2012,2015.0,2016.0,2018.0,2018.0,,292,Fisiologia,,A PRELIMINARY INVESTIGATION INTO THE MORPHOLOGY OF ORAL PAPILLAE AND DENTICLES OF BLUE SHARKS ( PRIONACE GLAUCA ) WITH INFERENCES ABOUT ITS FUNCTIONAL SIGNIFICANCE ACROSS LIFE STAGES,2016,,10.1111/joa.12574,JOURNAL OF ANATOMY,218782,230,,3,389,397,,"RANGEL, BIANCA DE S. ;WOSNICK, NATASCHA ;HAMMERSCHLAG, NEIL ;CIENA, ADRIANO P. ;KFOURY JUNIOR, JOSÉ ROBERTO ;RICI, ROSE E. G.",,2018.0
2012,2015.0,2016.0,2018.0,2018.0,,292,Fisiologia,,"TALKING TO THE DEAD: USING POST-MORTEM DATA IN THE ASSESSMENT OF STRESS IN TIGER SHARKS (GALEOCERDO CUVIER) (PERON AND LESUEUR, 1822)",2017,,10.1007/s10695-016-0276-5,Fish Physiology and Biochemistry,9201742,43,,1,165,178,,"WOSNICK, NATASCHA ;BORNATOWSKI, HUGO ;FERRAZ, CAROLINA ;AFONSO, ANDRÉ ;SOUSA RANGEL, BIANCA ;HAZIN, FÁBIO HISSA VIEIRA ;FREIRE, CAROLINA ARRUDA",,2018.0
2012,2015.0,2016.0,2018.0,2018.0,,292,Fisiologia,,"MORPHOLOGICAL ANALYSIS OF THE OVIDUCT, OVIDUCAL GLAND AND ISTHMUS OF THE BLUE SHARK PRIONACE GLAUCA (LINNAEUS, 1758) (ELASMOBRANCHII: CARCHARHINIFORMES)",2015,,10.1590/1982-0224-20140062,Neotropical Ichthyology,19820224,13,,4,663,672,,"RANGEL, BIANCA S. ;BRUNO, CARLOS E. MALAVASI ;SALMON, THIERRY ;CIENA, ADRIANO P. ;MIGLINO, MARIA A. ;AMORIM, ALBERTO F. ;RICI, ROSE E. G.",,2018.0
2012,2015.0,2016.0,2018.0,2018.0,,292,Fisiologia,,"ECOMORPHOLOGY OF ORAL PAPILLAE AND DENTICLES OF ZAPTERYX BREVIROSTRIS (CHONDRICHTHYES, RHINOBATIDAE)",2016,,10.1007/s00435-016-0304-0,ZOOMORPHOLOGY,0720213X,135,,2,189,195,,"RANGEL, BIANCA DE SOUSA ;CIENA, ADRIANO POLICAN ;WOSNICK, NATASCHA ;DE AMORIM, ALBERTO FERREIRA ;KFOURY JUNIOR, JOSÉ ROBERTO ;RICI, ROSE ELI GRASSI",,2018.0
2012,2015.0,2016.0,2018.0,2018.0,,292,Fisiologia,,MICROSCOPIC ASPECTS OF THE NICTITATING MEMBRANE IN CARCHARHINIDAE AND SPHYRNIDAE SHARKS: A PRELIMINARY STUDY,2017,,10.1007/s00435-017-0351-1,ZOOMORPHOLOGY,0720213X,136,,3,359,364,,"POSCAI, ALINE NAYARA ;DE SOUSA RANGEL, BIANCA ;DA SILVA CASAS, ANDRÉ LUIS ;WOSNICK, NATASCHA ;RODRIGUES, ALEXANDRE ;RICI, ROSE ELI GRASSI ;KFOURY JUNIOR, JOSÉ ROBERTO",,2018.0
2012,2015.0,2016.0,2018.0,2018.0,,292,Fisiologia,,SYMPATRIC AND SYNTOPIC OCCURRENCE OF COWNOSE RAYS: NEONATAL STRATEGIES FOR SURVIVAL?,2017,,10.1111/jai.13343,JOURNAL OF APPLIED ICHTHYOLOGY,1758659,33,,3,542,545,,"DE SOUSA RANGEL, B. ;PAES DA CRUZ, V. ;RODRIGUES, A. ;GÓES DE ARAUJO, M. L. ;OLIVEIRA, C. ;FORESTI, F. ;GUIMARÃES MOREIRA, R.",,2018.0
2012,2015.0,2016.0,2018.0,2018.0,,292,Fisiologia,,MOLECULAR EVIDENCE SUPPORTING THE EXPANSION OF THE GEOGRAPHICAL DISTRIBUTION OF THE BRAZILIAN COWNOSE RAY RHINOPTERA BRASILIENSIS&NBSP;(MYLIOBATIFORMES: RHINOPTERIDAE) IN THE WESTERN ATLANTIC,2017,,10.11646/Zootaxa.4341.4.12,ZOOTAXA (ONLINE),11755334,4341,,4,593,,,"PALACIOS-BARRETO, PAOLA ;CRUZ, VANESSA P. ;FORESTI, FAUSTO ;RANGEL, BIANCA DE S. ;URIBE-ALCOCER, MANUEL ;DÍAZ-JAIMES, PÍNDARO",,2018.0
2012,2015.0,2016.0,2018.0,2018.0,,292,Fisiologia,,"CLASPER FLARING IN A GUITARFISH ( ZAPTERYX BREVIROSTRIS - ELASMOBRANCH, RINOBATHIDAE) UNDER ANAESTHESIA",2017,,10.1016/j.vaa.2017.04.001,VETERINARY ANAESTHESIA AND ANALGESIA,14672987,44,,4,976,978,,"WOSNICK, NATASCHA ;RANGEL, BIANCA S. ;MOREIRA, RENAN A. ;FREIRE, CAROLINA A.",,2018.0
2012,2015.0,2016.0,2018.0,2018.0,,292,Fisiologia,,HORMONES AND MIGRATION IN TIGER SHARKS (GALEOCERDO CUVIER): CAN THEY BE RELATED?,2018,,,Aqua (Neu-Isenburg),9459871,24,,1,9,14,,"WOSNICK, N. ;RANGEL, B. S. ;AFONSO, ANDRÉ ;BORNATOWSKI, H. ;HAZIN, F. ;MOREIRA, R. G. ;FREIRE, C. A.",,2018.0
2012,2015.0,2016.0,2018.0,2018.0,,292,Fisiologia,,USE OF A NURSERY AREA BY COWNOSE RAYS (RHINOPTERIDAE) IN SOUTHEASTERN BRAZIL,2018,,10.1590/1982-0224-20170089,Neotropical Ichthyology,19820224,16,,1,e170089[1],e170089[7],,"RANGEL, BIANCA S. ;RODRIGUES, ALEXANDRE ;MOREIRA, RENATA G.",,2018.0
2012,2015.0,2016.0,2018.0,2018.0,,292,Fisiologia,,COMPARATIVE INVESTIGATION INTO THE MORPHOLOGY OF ORAL PAPILLAE AND DENTICLES OF FOUR SPECIES OF LAMNID AND SPHYRNID SHARKS,2018,,10.1007/s00435-018-0427-6,ZOOMORPHOLOGY,0720213X,138,,1,127,136,,"RANGEL, BIANCA DE SOUSA ;SALMON, THIERRY ;POSCAI, ALINE NAYARA ;KFOURY, JOSÉ ROBERTO ;RICI, ROSE ELI GRASSI",,2018.0
2012,2015.0,2016.0,2018.0,2018.0,,292,Fisiologia,,MICROSCOPIC ASPECTS OF ELECTROSENSORY SYSTEM ON THE PARTIALLY EURYHALINE LESSER GUITARFISH,2017,,10.1590/0001-3765201720150889,ANAIS DA ACADEMIA BRASILEIRA DE CIENCIAS,13765,90,,0,31,39,,"RANGEL, BIANCA S. ;WOSNICK, NATASCHA ;AMORIM, ALBERTO F. ;K. JUNIOR, JOSÉ ROBERTO ;RICI, ROSE E.G.",,2018.0
2012,2015.0,2016.0,2018.0,2018.0,,292,Fisiologia,,REPORT OF INJURIES IN BATOIDS CAUGHT IN SMALL-SCALE FISHERIES: IMPLICATIONS FOR MANAGEMENT PLANS,2019,,10.4257/oeco.2019.2301.07,Oecologia Australis,21776199,23,,1,78,89,,"RODRIGUES, ALEXANDRE FERNANDES SOARES ;RANGEL, BIANCA DE SOUSA ;WOSNICK, NATASCHA ;BORNATOWSKI, HUGO ;SANTOS, JORGE LUÍS ;MOREIRA, RENATA GUIMARÃES ;AMORIM, ALBERTO FERREIRA DE",,2018.0
2012,2015.0,2016.0,2018.0,2018.0,,292,Fisiologia,,"MICROSTRUCTURAL MORPHOLOGY OF DERMAL AND ORAL DENTICLES OF THE SHARPNOSE SEVENGILL SHARK HEPTRANCHIAS PERLO (ELASMOBRANCHII: HEXANCHIDAE), A DEEP&#8208;WATER SPECIES",2019,,10.1002/jemt.23273,MICROSCOPY RESEARCH AND TECHNIQUE,1059910X,82,,8,1243,1248,,"RANGEL, B. S. ;AMORIM, A. F. ;KFOURY, JOSÉ ROBERTO ;RICI, ROSE E. G.",,2018.0
2012,2015.0,2016.0,2018.0,2018.0,,292,Fisiologia,,RESOURCE PARTITIONING BETWEEN TWO YOUNG-OF-YEAR COWNOSE RAYS RHINOPTERA BONASUS AND R. BRASILIENSIS WITHIN A COMMUNAL NURSERY INFERRED BY TROPHIC BIOMARKERS /B,2019,,10.1111/jfb.13958,JOURNAL OF FISH BIOLOGY,221112,94,,5,781,788,,"RANGEL, B. S. ;HUSSEY, N. E. ;GOMES, A. D. ;RODRIGUES, A. ;MARTINELLI, L. A. ;MOREIRA, R. G.",,2018.0
2012,2015.0,2016.0,2018.0,2018.0,,292,Fisiologia,,EFFECTS OF BIOLOGICAL TRAITS ON CAPTURE-INDUCED PARTURITION IN A FRESHWATER STINGRAY AND PERSPECTIVES FOR SPECIES MANAGEMENT,2020,,10.1111/jfb.14412,JOURNAL OF FISH BIOLOGY,221112,97,,2,546,551,,"SOUSA RANGEL, BIANCA ;CASTRO RIBEIRO, DOUGLAS ;CHAGAS, JUMMA MIRANDA ARAÚJO ;SPADA, LUCAS ;MOREIRA, RENATA GUIMARÃES ;SILVA RIBEIRO, CRISTIÉLE",,2018.0
2012,2015.0,2016.0,2018.0,2018.0,,292,Fisiologia,,NEW RECORDS AND PRELIMINARY REPRODUCTIVE ASPECTS OF ELASMOBRANCHS OF THE TRINDADE-MARTIN VAZ INSULAR COMPLEX,2021,,10.4257/oeco.2021.2501.15,Oecologia Australis,21776199,25,,1,159,165,,"SALMON, THIERRY ;RANGEL, B. S. ;MALAVASI, C. E. ;KFOURY JUNIOR, J. R.",,2018.0
2012,2015.0,2016.0,2018.0,2018.0,,292,Fisiologia,,CAPTURE AND HANDLING STRESS IN INCIDENTALLY CAPTURED RAYS FROM SMALL-SCALE FISHING: A PHYSIOLOGICAL APPROACH (COVER),2021,,10.4257/oeco.2021.2501.20,Oecologia Australis,21776199,25,,1,190,196,,"RANGEL, B. S. ;RODRIGUES, A. ;MOREIRA, R. G.",,2018.0
2012,2015.0,2016.0,2018.0,2018.0,,292,Fisiologia,,DIETARY AND REPRODUCTIVE BIOMARKERS IN A GENERALIST APEX PREDATOR REVEAL DIFFERENCES IN NUTRITIONAL ECOLOGY ACROSS LIFE STAGES,2021,,10.3354/meps13640,MARINE ECOLOGY PROGRESS SERIES,1718630,664,,,149,163,,"RANGEL, B. S. ;HAMMERSCHLAG, N. ;SULIKOWSKI, J. ;MOREIRA, R. G.",,2018.0
2012,2015.0,2016.0,2018.0,2018.0,,292,Fisiologia,,URBAN LIVING INFLUENCES THE NUTRITIONAL QUALITY OF A JUVENILE SHARK SPECIES,2021,,10.1016/j.scitotenv.2021.146025,SCIENCE OF THE TOTAL ENVIRONMENT,489697,776,,,146025,,,"RANGEL, BIANCA DE SOUSA ;HAMMERSCHLAG, NEIL ;MOREIRA, RENATA GUIMARÃES",,2018.0
2012,2015.0,2016.0,2018.0,2018.0,,292,Fisiologia,,METABOLIC AND NUTRITIONAL CONDITION OF JUVENILE TIGER SHARKS EXPOSED TO REGIONAL DIFFERENCES IN COASTAL URBANIZATION,2021,,10.1016/j.scitotenv.2021.146548,SCIENCE OF THE TOTAL ENVIRONMENT,489697,780,,,146548,,,"RANGEL, BIANCA DE SOUSA ;MOREIRA, RENATA GUIMARÃES ;NIELLA, YURI VIEIRA ;SULIKOWSKI, JAMES A. ;HAMMERSCHLAG, NEIL",,2018.0
2012,2015.0,2016.0,2018.0,2018.0,,292,Fisiologia,,NEONATAL NUTRITIONAL STRATEGY OF A VIVIPAROUS ELASMOBRANCH WITH EXTREMELY LOW REPRODUCTIVE OUTPUT,2020,,10.3354/meps13261,Marine Ecology Progress Series,16161599,638,,,107,121,,"RANGEL, BS ;HUSSEY, NE ;NIELLA, Y ;MARTINELLI, LA ;GOMES, AD ;MOREIRA, RG",,2018.0
2012,2015.0,2016.0,2018.0,2018.0,,292,Fisiologia,,BRAZIL CAN PROTECT SHARKS WORLDWIDE,2021,,10.1126/science.abj9634,SCIENCE,368075,373,,6555,633,633,,"RANGEL, B. S. ;BARRETO, R. ;GIL, N. ;DEL-MAR, A. ;CASTRO, C.",,2018.0
2012,2015.0,2016.0,2018.0,2018.0,,292,Fisiologia,,PHYSIOLOGICAL MARKERS SUGGEST ENERGETIC AND NUTRITIONAL ADJUSTMENTS IN MALE SHARKS LINKED TO REPRODUCTION,2021,,10.1007/s00442-021-04999-4,Oecologia,14321939,196,,,989,1004,,"S. RANGEL, BIANCA ;HAMMERSCHLAG, NEIL ;SULIKOWSKI, JAMES A. ;MOREIRA, RENATA GUIMARÃES",,2018.0
2012,2015.0,2016.0,2018.0,2018.0,,292,Fisiologia,,"ECOMORPHOLOGICAL, SPACE, AND MINERAL RELATIONS OF DERMAL DENTICLES IN ANGULAR ANGEL SHARK ( SCP SQUATINA GUGGENHEIM /SCP )",2021,,10.1002/jemt.23757,MICROSCOPY RESEARCH AND TECHNIQUE,1059910X,84,,9,2017,2023,,"LIMA VILIOD, MARCELA COFFACCI ;RANGEL, BIANCA DE SOUSA ;ROCHA, LARA CAETANO ;SANTOS DOMINGOS, JÚLIA FERREIRA ;MALAVASI'BRUNO, CARLOS EDUARDO ;AMORIM, ALBERTO FERREIRA ;WATANABE, II'SEI ;CIENA, ADRIANO POLICAN",,2018.0
2012,2015.0,2016.0,2018.0,2018.0,,292,Fisiologia,,"NEW RECORDS ON INTESTINAL EVERSION IN A FREE-RANGING NURSE SHARK (GINGLYMOSTOMA CIRRATUM) AND A FREE-RANGING, BREACHING-SPOTTED EAGLE RAY (AETOBATUS NARINARI)",2021,,10.1007/s10641-021-01160-1,ENVIRONMENTAL BIOLOGY OF FISHES,3781909,104,,10,1353,1357,,"RANGEL, BIANCA S. ;VIGNOLI, RENAN ;XAVIER, NEILA ;BETTCHER, VANESSA B.",,2018.0
2012,2015.0,2016.0,2018.0,2018.0,,292,Fisiologia,,SIA-BRA: A DATABASE OF ANIMAL STABLE CARBON AND NITROGEN ISOTOPE RATIOS OF BRAZIL,2022,,10.1111/geb.13449,GLOBAL ECOLOGY AND BIOGEOGRAPHY,1466822X,1,,1,1,10,,"DINIZ'REIS, THAÍS ROVERE ;COSTA, CRISTIANE FORMIGOSA GADELHA ;GOMES, TACIANA FIGUEIREDO ;MARTINEZ, MELISSA GASTE ;SOLTANGHEISI, AMIN ;MARIANO, EDUARDO ;VANIN, ALINE SALVADOR ;ANDRADE, TIAGO RAMOS DE ;BOESING, ANDREA LARISSA ;COSTA, FABIO JOSÉ VIANA ;FORTUNA, MONIQUE D'ASSUNÇÃO ;AUGUSTO, FERNANDA GAUDIO ;GUEDES, VICTOR MARTINS ;KISAKA, TIAGO BORGES ;KRUSZYNSKI, CECÍLIA ;LARA, NELITON RICARDO FREITAS ;LIMA, RAQUEL APARECIDA MENDES ;POMPERMAIER, VINICIUS TIRELLI ;RANGEL, BIANCA DE SOUSA ;RIBEIRO, JULIANA FERNANDES ;SANTI JUNIOR, ADELINO DE ;TASSONI FILHO, MAURÍCIO ;ABDALLA FILHO, ADIBE LUIZ ;FERREIRA, ANDERSON ;MARQUES, THIAGO SIMON ;PEREIRA, ALEXANDRE LEANDRO ;AGUIAR, LUDMILLA MOURA DE SOUZA ;ANJOS, MAEDA BATISTA DOS ;MEDEIROS, ELVIO SERGIO FIGUEREDO ;BENEDITO, EVANILDE ;CALHEIROS, DÉBORA FERNANDES ;CHRISTOFOLETTI, RONALDO ADRIANO ;CREMER, MARTA JUSSARA ;ARAÚJO, MARIA GABRIELLA DA SILVA ;DUARTE'NETO, PAULO JOSÉ ;NARDOTO, GABRIELA BIELEFELD ;OLIVEIRA, ANA CRISTINA BELARMINO DE ;REZENDE, CARLOS EDUARDO DE ;DA SILVA, MARIA NAZARETH FERREIRA ;ZUANON, JANSEN ALFREDO SAMPAIO ;VERDADE, LUCIANO MARTINS ;MOREIRA, MARCELO ZACHARIAS ;CAMARGO, PLÍNIO BARBOSA DE ;MARTINELLI, LUIZ ANTONIO ;CHAVES, SIGLEA SANNA FREITAS ;ALMEIDA, RODRIGO FIGUEIREDO ;PEREZ, ELEN BLANCO ;SIMON, CARLA DA PENHA ;SOUZA, JANAÍNA LEITE",,2018.0
2012,2015.0,2016.0,2018.0,2018.0,,292,Fisiologia,,MULHERES QUE PESQUISAM ELASMOBRANQUIOS E FORMAM REDES: AS EXPERIENCIAS DO SIMPOSIO ONLINE ELASMULHERES,2021,,,BOLETIM - SOCIEDADE BRASILEIRA DE ICTIOLOGIA,18081436,138,,,5,16,,"SOARES, K. D. ;WOSNICK, N. ;LANA, F. ;LOPES, C. ;MARTINS, M. ;PETEAN, F. ;RANGEL, BS ;REGO, M. ;ROLIM, F. ;ROQUE, P.",,2018.0
2012,2015.0,2016.0,2018.0,2018.0,,292,Fisiologia,,EFFECTS OF URBANIZATION ON THE NUTRITIONAL ECOLOGY OF A HIGHLY ACTIVE COASTAL SHARK: PRELIMINARY INSIGHTS FROM TROPHIC MARKERS AND BODY CONDITION,2022,,10.1016/j.scitotenv.2022.154082,SCIENCE OF THE TOTAL ENVIRONMENT,489697,1,,1,154082,15,,"RANGEL, B. S. ;HAMMERSCHLAG, N. ;MARTINELLI, L. A. ;MOREIRA, RENATA G.",,2018.0
2012,2015.0,2016.0,2018.0,2018.0,,292,Fisiologia,,EYE HEALING IN A FREE-RANGING WHITESPOTTED EAGLE RAY ( ) FOLLOWING SHARK-INFLICTED BITE INJURIES,2022,,10.1111/jfb.14961,JOURNAL OF FISH BIOLOGY,221112,100,,2,590,593,,"RANGEL, BIANCA S. ;VIEGAS, ROBERTA ;BETTCHER, VANESSA B. ;GARLA, RICARDO C.",,2018.0
2012,2015.0,2016.0,2018.0,2018.0,,292,Fisiologia,,THORNS AND DERMAL DENTICLES OF SKATES ATLANTORAJA CYCLOPHORA AND A. CASTELNAUI : MICROSCOPIC FEATURES AND FUNCTIONAL IMPLICATIONS,2016,,10.1002/jemt.22767,Microscopy Research and Technique (Print),1059910X,79,,12,1133,1138,,"RANGEL, BIANCA DE SOUSA ;WOSNICK, NATASCHA ;MAGDANELO LEANDRO, RAFAEL ;AMORIM, ALBERTO FERREIRA DE ;KFOURY JUNIOR, JOSÉ ROBERTO ;RICI, ROSE ELI GRASSI",,2018.0
2010,2015.0,2016.0,2018.0,2019.0,,255,Ecologia,,THE CONSEQUENCES OF SEASONAL FASTING DURING THE DORMANCY OF TEGU LIZARDS ( SALVATOR MERIANAE ) ON THEIR POSTPRANDIAL METABOLIC RESPONSE,2018,,10.1242/jeb.176156,JOURNAL OF EXPERIMENTAL BIOLOGY (ONLINE),14779145,221,,,jeb.176156,,,"GAVIRA, RODRIGO S. B. ;SARTORI, MARINA R. ;GONTERO-FOURCADE, MANUEL N. ;GOMES, BRUNA F. ;ABE, AUGUSTO S. ;ANDRADE, DENIS V.",,2018.0
2008,2011.0,2013.0,2016.0,2018.0,,256,Ecologia,,CAPTIVITY EFFECTS ON IMMUNE RESPONSE AND STEROID PLASMA LEVELS OF A BRAZILIAN TOAD ( RHINELLA SCHNEIDERI ),2017,,10.1002/jez.2078,Journal of Experimental Zoology Part A: Ecological and Integrative Physiology,24715638,327,,,127,138,,"TITON, STEFANNY CHRISTIE MONTEIRO ;ASSIS, VANIA REGINA ;TITON JUNIOR, BRAZ ;CASSETTARI, BRUNA DE OLIVEIRA ;FERNANDES, PEDRO AUGUSTO CARLOS MAGNO ;GOMES, FERNANDO RIBEIRO",,2018.0
2008,2011.0,2013.0,2016.0,2018.0,,256,Ecologia,,IMMUNOMODULATION BY TESTOSTERONE AND CORTICOSTERONE IN TOADS: EXPERIMENTAL EVIDENCES FROM TRANSDERMAL APPLICATION,2018,,10.1016/j.ygcen.2018.09.005,General and Comparative Endocrinology (Online),10956840,xxx,,xxx,xxx,,,"MADELAIRE, C. B. ;CASSETTARI, B. O. ;Gomes, F.R.",,2018.0
2008,2011.0,2013.0,2016.0,2018.0,,256,Ecologia,,CITRUS AURANTIUM L. ESSENTIAL OIL EXHIBITS ANXIOLYTIC-LIKE ACTIVITY MEDIATED BY 5-HT1A-RECEPTORS AND REDUCES CHOLESTEROL AFTER REPEATED ORAL TREATMENT,2013,,10.1186/1472-6882-13-42,BMC Complementary and Alternative Medicine (Online),14726882,13,,1,42,,,"COSTA, CELSO A R A ;CURY, THAÍS C ;CASSETTARI, BRUNA O ;TAKAHIRA, REGINA K ;FLÓRIO, JORGE C ;COSTA, MIRTES",,2018.0
2009,2012.0,2013.0,2016.0,2018.0,,222,Botânica,,"WOOD ANATOMY AND CONDUCTIVITY IN LIANAS, SHRUBS AND TREES OF BIGNONIACEAE",2017,,10.1163/22941932-20170177,IAWA Journal,22941932,38,,3,412,432,,"GEROLAMO, C. S.;GEROLAMO, CAIAN SOUZA;GEROLAMO, C.S.;GEROLAMO, CAIAN S. ;ANGYALOSSY, V.",,2017.0
2009,2012.0,2013.0,2016.0,2018.0,,222,Botânica,,LOCAL DYNAMIC VARIATION OF LIANAS ALONG TOPOGRAPHY MAINTAINS UNCHANGING ABUNDANCE AT THE LANDSCAPE SCALE IN CENTRAL AMAZONIA,2018,,10.1111/jvs.12644,JOURNAL OF VEGETATION SCIENCE,11009233,29,,4,651,661,,"GEROLAMO, CAIAN SOUZA ;NOGUEIRA, ANSELMO ;COSTA, FLAVIA REGINA CAPELLOTTO ;CASTILHO, CAROLINA V. ;ANGYALOSSY, VERONICA",,2017.0
2009,2012.0,2013.0,2016.0,2018.0,,222,Botânica,,HIGHER RATES OF LIANA REGENERATION AFTER CANOPY FALL DRIVES SPECIES ABUNDANCE PATTERNS IN CENTRAL AMAZONIA,2020,,10.1111/1365-2745.13345,JOURNAL OF ECOLOGY,13652745,108,,,1311,1321,,"ROCHA, E.X. ;SCHIETTI, J. ;GEROLAMO, C.S. ;BURNHAM, R.J. ;NOGUEIRA, A.",,2017.0
2009,2012.0,2013.0,2016.0,2018.0,,222,Botânica,,EFFECTS OF CLIMATE CHANGE ON CENTRAL AMAZONIAN FORESTS: A TWO DECADES SYNTHESIS OF MONITORING TROPICAL BIODIVERSITY,2020,,10.4257/oeco.2020.2402.07,Oecologia Australis,21776199,24,,2,317,335,,"COSTA, F. R. C. ;GEROLAMO, C. S. ;NOGUEIRA, A.N ;CASTILHO, C. V. ;ZUANON, J. ;BACCARO, F. B. ;SCHIETTI, J. ;MENGER, J. ;SOUZA, J. L. P. ;BORBA, G. C. ;ESTEBAN, E. J. L. ;BERTIN, V. M.",,2017.0
2009,2012.0,2013.0,2016.0,2018.0,,222,Botânica,,INTERSPECI&#64257;C ANATOMICAL DI&#64256;ERENCES RESULT IN SIMILAR HIGHLY &#64258;EXIBLE STEMS IN BIGNONIACEAE LIANAS,2020,,10.1111/AJB2.1577,AMERICAN JOURNAL OF BOTANY (ELETRONIC VERSION),15372197,107,,12,1,13,,"GEROLAMO, CAIAN SOUZA ;NOGUEIRA, A.N ;PACE, M. R. ;ANGYALOSSY, V.",,2017.0
2009,2012.0,2013.0,2016.0,2018.0,,222,Botânica,,POLISHING ENTIRE STEMS AND ROOTS USING SANDPAPER UNDER WATER: AN ALTERNATIVE METHOD FOR MACROSCOPIC ANALYSES,2021,,10.1002/aps3.11421,Applications in Plant Sciences,21680450,9,,5,aps3.11421,,,"BARBOSA, ANTONIO C. F. ;GEROLAMO, CAIAN S. ;LIMA, ANDRÉ C. ;ANGYALOSSY, VERONICA ;PACE, MARCELO R.",,2017.0
2009,2012.0,2013.0,2016.0,2018.0,,222,Botânica,,THE WOOD ANATOMY OF SAPINDALES: DIVERSITY AND EVOLUTION OF WOOD CHARACTERS,2022,,10.1007/s40415-021-00764-2,Brazilian Journal of Botany,1008404,5,,,1,58,,"PACE, MARCELO R. ;GEROLAMO, CAIAN S. ;ONYENEDUM, JOYCE G. ;TERRAZAS, TERESA ;VICTORIO, MARIANA P. ;CUNHA NETO, ISRAEL L. ;ANGYALOSSY, VERONICA",,2017.0
2009,2012.0,2013.0,2016.0,2018.0,,222,Botânica,,DIAMETERS OF PHLOEM SIEVE ELEMENTS CAN PREDICT STEM GROWTH RATES OF WOODY PLANTS,2022,,10.1093/treephys/tpac022,Tree Physiology,17584469,42,,3,1,24,,"Tang Y. ;Yin S. ;PACE, M. R. ;GEROLAMO, C. S. ;NOGUEIRA, A.N ;Zuntini A. ;LOHMANN, L. G. ;Plath M. ;Liesche J.",,2017.0
2011,2013.0,2014.0,2016.0,2016.0,,325,Genética,,SELECTION SCAN REVEALS THREE NEW LOCI RELATED TO HIGH ALTITUDE ADAPTATION IN NATIVE ANDEANS,2018,,10.1038/s41598-018-31100-6,Scientific Reports,20452322,8,,1,12733,,,"JACOVAS, VANESSA C. ;COUTO-SILVA, CAINÃ M. ;NUNES, KELLY ;LEMES, RENAN B. ;DE OLIVEIRA, MARCELO Z. ;SALZANO, FRANCISCO M. ;BORTOLINI, MARIA CÁTIRA ;HÜNEMEIER, TÁBITA",,2016.0
2009,2013.0,2014.0,2017.0,2018.0,,364,Zoologia,,"FIRST ADULT RECORD OF MISGURNUS ANGUILLICAUDATUS, CANTOR 1842 FROM RIBEIRA DE IGUAPE RIVER BASIN, BRAZIL",2012,,10.1590/S2179-975X2012005000004,Acta Limnologica Brasiliensia,1026712,23,,3,1,4,,"Gomes, C. I. D. A. ;Peressin, Alexandre ;Cetra, Mauricio ;Barrela, Walter",,2018.0
2009,2013.0,2014.0,2017.0,2018.0,,364,Zoologia,,"PTAXONOMIC REVIEW OF THE PIPEFISH GENUS PSEUDOPHALLUS/EM HERALD, WITH THE DESCRIPTION OF A NEW SPECIES (SYNGNATHIFORMES: SYNGNATHIDAE)/STRONG/P",2020,,10.11646/zootaxa.4859.1.3,ZOOTAXA,11755326,4859,,1,81,112,,"DALLEVO-GOMES, CAIO I. A. ;MATTOX, GEORGE M. T. ;TOLEDO-PIZA, MÔNICA",,2018.0
2009,2013.0,2014.0,2016.0,2016.0,,257,Ecologia,,CONNECTING GOVERNANCE INTERVENTIONS TO ECOSYSTEM SERVICES PROVISION: A SOCIAL-ECOLOGICAL NETWORK APPROACH,2020,,10.1002/pan3.10172,People and Nature,25758314,15,,,pan3.10172,,,"METZGER, JEAN PAUL ;FIDELMAN, PEDRO ;SATTLER, CLAUDIA ;SCHRÖTER, BARBARA ;MARON, MARTINE ;EIGENBROD, FELIX ;FORTIN, MARIE'JOSÉE ;HOHLENWERGER, CAMILA ;RHODES, JONATHAN R.",,2016.0
2009,2013.0,2014.0,2016.0,2016.0,,257,Ecologia,,CONSIDERING LANDSCAPE-LEVEL PROCESSES IN ECOSYSTEM SERVICE ASSESSMENTS,2021,,10.1016/j.scitotenv.2021.149028,SCIENCE OF THE TOTAL ENVIRONMENT,489697,796,,,149028,,,"METZGER, JEAN PAUL ;VILLARREAL-ROSAS, JARAMAR ;SUÁREZ-CASTRO, ANDRÉS F. ;LÓPEZ-CUBILLOS, SOFÍA ;GONZÁLEZ-CHAVES, ADRIAN ;RUNTING, REBECCA K. ;HOHLENWERGER, CAMILA ;RHODES, JONATHAN R.",,2016.0
2009,2013.0,2014.0,2016.0,2016.0,,257,Ecologia,,ECOSYSTEM SERVICES AT RISK: INTEGRATING SPATIOTEMPORAL DYNAMICS OF SUPPLY AND DEMAND TO PROMOTE LONG-TERM PROVISION,2020,,10.1016/j.oneear.2020.11.003,One Earth,25903322,3,,6,704,713,,"BOESING, ANDREA LARISSA ;METZGER, JEAN PAUL ;PRIST, PAULA RIBEIRO ;BARRETO, JULIA ;HOHLENWERGER, CAMILA ;MARON, MARTINE ;RHODES, JONATHAN R. ;ROMANINI, EDUARDA ;TAMBOSI, LEANDRO REVERBERI ;VIDAL, MARIANA",,2016.0
2005,2010.0,2016.0,2018.0,2018.0,,258,Ecologia,,FIRST RECORD OF TWO MOLOSSID BATS (CHIROPTERA: MOLOSSIDAE) FROM PIAUI STATE AND DISTRIBUTIONAL REVIEW FOR BRAZIL,2013,,10.15560/9.3.610,"CHECK LIST, JOURNAL OF SPECIES LIST AND DISTRIBUTION",1809127X,9,,3,610,,,"NOVAES, R. L. M. ;LAURINDO, R. S. ;OLIVEIRA, M. B. ;BARRETO, C. R. ;AVILLA, L. S.",,2018.0
2009,2014.0,2017.0,2020.0,2020.0,,259,Ecologia,,CHANGES TO THE STRUCTURE OF TROPICAL SEAGRASS MEADOWS (HALOPHILA DECIPIENS) IN THE WARM-TEMPERATE WATERS OF THE SOUTHWEST ATLANTIC,2020,,,AQUATIC BOTANY,3043770,161,,,103174,,,"GORMAN, D. ;PAVONE, C. B. ;FLORES, A. A. V.",,2020.0
2009,2014.0,2017.0,2020.0,2020.0,,259,Ecologia,,STUDY OF THE PHYTAL PRESENT IN FOUR BEACHES ON THE BRAZILIAN COAST,2014,,,BRAZILIAN JOURNAL OF ECOLOGY (IMPRESSO),15165868,2023-02-01 00:00:00,,,190,199,,"PAVONE, C. B. ;NASCIMENTO, E. F. I. ;LOPES FILHO, E. S. ;BITENCOURT, M. D.",,2020.0
2009,2014.0,2017.0,2020.0,2020.0,,259,Ecologia,,EVIDENCE OF SURPLUS CARRYING CAPACITY FOR BENTHIC INVERTEBRATES WITH THE POLEWARD RANGE EXTENSION OF THE TROPICAL SEAGRASS HALOPHILA DECIPIENS IN SE BRAZIL,2020,,,MARINE ENVIRONMENTAL RESEARCH,1411136,,,,,,,"PAVONE, C. B. ;GORMAN, D. ;FLORES, A. A. V.",,2020.0
1999,2002.0,2003.0,2005.0,2015.0,,326,Genética,,MULTIPLE SPECIATION ACROSS THE ANDES AND THROUGHOUT AMAZONIA: THE CASE OF THE SPOT-BACKED ANTBIRD SPECIES COMPLEX ( IHYLOPHYLAX NAEVIUS / IHYLOPHYLAX NAEVIOIDES ),2014,,10.1111/jbi.12277,Journal of Biogeography (Print),3050270,,,,,,,"FERNANDES, ALEXANDRE M. ;WINK, MICHAEL ;SARDELLI, CARLA H. ;ALEIXO, ALEXANDRE",,2015.0
1999,2002.0,2003.0,2005.0,2015.0,,326,Genética,,A DYNAMIC CONTINENTAL MOISTURE GRADIENT DROVE AMAZONIAN BIRD DIVERSIFICATION,2019,,10.1126/sciadv.aat5752,SCIENCE ADVANCES,23752548,5,,7,eaat5752,,,"SILVA, SOFIA MARQUES ;ARAÚJO-SILVA, LUCAS EDUARDO ;BATISTA, ROMINA ;BANDEIRA, CINTHIA H. M. M. ;DANTAS, SIDNEI M. ;FERREIRA, MATEUS ;MARTINS, DENISE M. ;OLIVEIRA, JOICIANE ;ROCHA, TAINÁ C. ;SARDELLI, CARLA H. ;THOM, GREGORY ;PETERSON, A. TOWNSEND ;RÊGO, PÉRICLES SENA ;SANTOS, MARCOS PÉRSIO ;SEQUEIRA, FERNANDO ;VALLINOTO, MARCELO ;ALEIXO, ALEXANDRE ;CARNEIRO, LINCOLN ;BURLAMAQUI, TIBÉRIO CÉSAR TORTOLA ;RIBAS, CAMILA C. ;SOUSA-NEVES, TIAGO ;MIRANDA, LEONARDO S. ;FERNANDES, ALEXANDRE M. ;D'HORTA, FERNANDO M.",,2015.0
1999,2002.0,2003.0,2005.0,2015.0,,326,Genética,,"&#57344; THE AVIFAUNA OF VIRUA NATIONAL PARK, RORAIMA, REVEALS MEGADIVERSITY IN NORTHERN AMAZONIA",2014,,,Revista Brasileira de Ornitologia (Online),21787875,22,,2,138,,,"Laranjeiras, T. O ;VARGAS, C. F. ;PACHECO, A.M. F ;SARDELLI, C. H. ;BARNETT, J. M. ;Cohn-Haft, M ;Naka, L. N ;BECHOTOLDT, B.L. ;COSTA, T. V. V. ;ANDRETTI, C. B. ;CERQUEIRA, M. C. ;Torres, M ;RODRIGUES, G. L. ;SANTOS, M. P. D.",,2015.0
2011,2014.0,2015.0,2016.0,2017.0,,327,Genética,,HTTPS://DOI.ORG/10.1371/JOURNAL.PONE.0202529,2018,,,PLoS One,19326203,13,,,1,,,"R, Giselle ;GÓES, C. G. ;Onorio DS ;Campos CBLd ;MORAIS, F. V.",,2017.0
2011,2016.0,2016.0,2017.0,2017.0,,293,Fisiologia,,CIRCADIAN RHYTHM OF ENERGY EXPENDITURE AND OXYGEN CONSUMPTION,2014,,10.1177/0148607113482331,JPEN. Journal of Parenteral and Enteral Nutrition,1486071,38,,2,263,268,,"LEUCK, M. P. ;LEVANDOVSKI, R. ;HARB, A. B. C. ;QUILES, C. L.;QUILES, CAROLINE L.;QUILES, CAROLINE LUÍSA;LUÍSA QUILES, CAROLINE ;HIDALGO, M. P. L.",,2017.0
2011,2016.0,2016.0,2017.0,2017.0,,293,Fisiologia,,EFFECTS OF N-ACETYLCYSTEINE AND IMIPRAMINE IN A MODEL OF ACUTE RHYTHM DISRUPTION IN BALB/C MICE,2014,,10.3109/07420528.2014.965315,Chronobiology International,7420528,6,,,1,8,,"PILZ, LUÍSA K. ;TROJAN, YASMINE ;QUILES, CAROLINE L. ;BENVENUTTI, RADHARANI ;MELO, GABRIELA ;LEVANDOVSKI, ROSA ;HIDALGO, MARIA PAZ L. ;ELISABETSKY, ELAINE",,2017.0
2011,2016.0,2016.0,2017.0,2017.0,,293,Fisiologia,,MUDANCA DE FOTOPERIODO: PROPOSTA DE MODELO EXPERIMENTAL,2014,,,Clinical and Biomedical Research,23579730,34,,1,307,312,,"QUILES, C. L.;QUILES, CAROLINE L.;QUILES, CAROLINE LUÍSA;LUÍSA QUILES, CAROLINE ;OLIVEIRA, M. A. B. ;PIAZZA, F. V. ;PILZ, L. K. ;HIDALGO, M. P. L.",,2017.0
2011,2016.0,2016.0,2017.0,2017.0,,293,Fisiologia,,BIOLOGICAL ADAPTABILITY UNDER SEASONAL VARIATION OF LIGHT/DARK CYCLES,2016,,10.1080/07420528.2016.1182175,CHRONOBIOLOGY INTERNATIONAL,7420528,1,,1,1,8,,"QUILES, CAROLINE LUÍSA ;DE OLIVEIRA, MELISSA ALVES BRAGA ;TONON, ANDRÉ COMIRAN ;HIDALGO, MARIA PAZ LOAYZA",,2017.0
2011,2016.0,2016.0,2017.0,2017.0,,293,Fisiologia,,SOCIAL JETLAG IN HEALTH AND BEHAVIORAL RESEARCH: A SYSTEMATIC REVIEW,2017,,10.2147/cpt.s108750,ChronoPhysiology and Therapy,22302026,Volume 7,,,19,31,,"BEAUVALET, J. C. ;QUILES, C. L.;QUILES, CAROLINE L.;QUILES, CAROLINE LUÍSA;LUÍSA QUILES, CAROLINE ;ALVES BRAGA DE OLIVEIRA, MELISSA ;VIEIRA ILGENFRITZ, CARLOS AUGUSTO ;HIDALGO, MARIA PAZ ;COMIRAN TONON, ANDRÉ",,2017.0
2011,2016.0,2016.0,2017.0,2017.0,,293,Fisiologia,,RHYTHMIC EXPRESSION OF THE MELATONERGIC BIOSYNTHETIC PATHWAY AND ITS DIFFERENTIAL MODULATION IN VITRO BY LPS AND IL10 IN BONE MARROW AND SPLEEN,2020,,10.1038/s41598-020-61652-5,Scientific Reports,20452322,10,,1,4799,,,"CÓRDOBA-MORENO, MARLINA O. ;DE SOUZA, EWERTON DA SILVA ;QUILES, CAROLINE L. ;DOS SANTOS-SILVA, DÉBORA ;KINKER, GABRIELA S. ;MUXEL, SANDRA M. ;MARKUS, REGINA P. ;FERNANDES, PEDRO A.",,2017.0
2011,2016.0,2016.0,2017.0,2017.0,,293,Fisiologia,,"DIFFERENTIAL SUSCEPTIBILITY OF BALB/C, C57BL/6N, AND CF1 MICE TO PHOTOPERIOD CHANGES",2015,,10.1590/1516-4446-2014-1454,Revista Brasileira de Psiquiatria (São Paulo. 1999. Impresso),15164446,1,,ahead,0,0,,"PILZ, LUÍSA K. ;QUILES, CAROLINE L. ;DALLEGRAVE, ELIANE ;LEVANDOVSKI, ROSA ;HIDALGO, MARIA PAZ L. ;ELISABETSKY, ELAINE",,2017.0
2009,2013.0,2014.0,2016.0,2016.0,,328,Genética,,"THE INDO-WEST PACIFIC ALPHEID SHRIMP ATHANAS DIMORPHUS ORTMANN, 1894: FIRST RECORD FOR BRAZIL AND THE WESTERN ATLANTIC",2011,,,NAUPLIUS,1046497,19,,1,87,96,,"PACHELLE, P.P.G. ;MENDES, C. B.;MENDES, CECILI B. ;Anrker, A.",,2016.0
2009,2013.0,2014.0,2016.0,2016.0,,328,Genética,,"STRONGNEW RECORDS OF RIBBON WORMS (NEMERTEA) FROM CEARA, NORTHEAST BRAZIL/STRONG",2016,,10.11646/zootaxa.4061.2.4,Zootaxa (Auckland. Print),11755326,4061,,2,146,156,,"MENDES, CECILI B. ;MATTHEWS-CASCON, HELENA ;NORENBURG, JON L.",,2016.0
2009,2013.0,2014.0,2016.0,2016.0,,328,Genética,,"STRONGDECAPOD CRUSTACEANS FROM THE STATE OF CEARA, NORTHEASTERN BRAZIL: AN UPDATED CHECKLIST OF MARINE AND ESTUARINE SPECIES, WITH 23 NEW RECORDS /STRONG",2016,,10.11646/zootaxa.4131.1.1,ZOOTAXA,11755326,4131,,1,1,,,"PACHELLE, PAULO P.G. ;ANKER, ARTHUR ;MENDES, CECILI B. ;BEZERRA, LUIS E.A.",,2016.0
2009,2013.0,2014.0,2016.0,2016.0,,328,Genética,,"NEMERTEAN TAXONOMY-IMPLEMENTING CHANGES IN THE HIGHER RANKS, DISMISSING ANOPLA AND ENOPLA",2019,,10.1111/zsc.12317,ZOOLOGICA SCRIPTA,3003256,48,,1,118,119,,"STRAND, MALIN ;CHERNEVA, IRINA ;CHERNYSHEV, ALEXEY ;CHUNG, BRIAN M. ;VON DÖHREN, JÖRN ;GIRIBET, GONZALO ;GONZALEZ-CUETO, JAIME ;HERRERA-BACHILLER, ALFONSO ;HIEBERT, TERRA ;HOOKABE, NATSUMI ;JUNOY, JUAN ;NORENBURG, JON ;KAJIHARA, HIROSHI ;KRÄMER, DARIA ;KVIST, SEBASTIAN ;MAGARLAMOV, TIMUR YU ;MASLAKOVA, SVETLANA ;MENDES, CECILI B. ;OKAZAKI, ROBERT ;SAGORNY, CHRISTINA ;SCHWARTZ, MEGAN ;SUN, SHI-CHUN ;ALFAYA, JOSÉ E. ;SUNDBERG, PER ;TURBEVILLE, JAMES M. ;XU, CONG-MEI ;ÁNGEL FERNÁNDEZ-ÁLVAREZ, FERNANDO ;ANDERSSON, HÅKAN S ;ANDRADE, SONIA C. S. ;BARTOLOMAEUS, THOMAS ;BECKERS, PATRICK ;BIGATTI, GREGORIO",,2016.0
2009,2013.0,2014.0,2016.0,2016.0,,328,Genética,,"HIDDEN DIVERSITY: PHYLOGEOGRAPHY OF GENUS OTOTYPHLONEMERTES DIESING, 1863 (OTOTYPHLONEMERTIDAE: HOPLONEMERTEA) REVEALS CRYPTIC SPECIES AND HIGH DIVERSITY IN CHILEAN POPULATIONS",2018,,10.1371/journal.pone.0195833,PLoS One,19326203,13,,4,e0195833,,,"MENDES, CECILI B. ;NORENBURG, JON L. ;SOLFERINI, VERA N. ;ANDRADE, SÓNIA C. S.",,2016.0
1975,1978.0,2012.0,2015.0,2016.0,2021.0,329,Genética,,CLAUDE BERNARD E A CONSTANCIA DO ?MEIO INTERNO?,2013,,,FILOSOFIA E HISTÓRIA DA BIOLOGIA,1983053X,8,,3,381,,,"JANCZUR, C;JANCZUR, CHRISTINE;Janczur, C.;C Janczur ;ZAVAGLIA, A. ;HADDAD JUNIOR, H. ;PRESTES, M. E. B.",,2016.0
1975,1978.0,2012.0,2015.0,2016.0,2021.0,329,Genética,,A TRADUCAO COMENTADA EM CONTEXTO ACADEMICO: REFL EXOES INICIAIS E EXEMPLOS DE UM GENERO TEXTUAL EM CONSTRUCAO,2015,,10.17851/2317-2096.25.2.331-352,Aletria (UFMG),16793749,25,,2,331,352,,"ZAVAGLIA, ADRIANA ;RENARD, CARLA M. C. ;JANCZUR, CHRISTINE",,2016.0
1975,1978.0,2012.0,2015.0,2016.0,2021.0,329,Genética,,A CONTRIBUICAO DE PREVOST E DUMAS PARA A COMPREENSAO DO PAPEL DOS ?ANIMALCULOS DO SEMEN? NO PROCESSO DE FECUNDACAO,2016,,,BOLETIM DE HISTÓRIA E FILOSOFIA DA BIOLOGIA,19821026,10,,3,9,16,,"JANCZUR, C",,2016.0
1975,1978.0,2012.0,2015.0,2016.0,2021.0,329,Genética,,EXPERIMENTAL INDUCTION OF GENE ACTIVITY IN THE SALIVARY GLAND CHROMOSOMES OF TRICHOSIA PUBESCENS (DIPTERA: SCIARIDAE),1978,,10.1083/jcb.78.1.1,The Journal of Cell Biology,15408140,78,,1,1,7,,"AMABIS, J.M. ;Janczur, C.",,2016.0
1975,1978.0,2012.0,2015.0,2016.0,2021.0,329,Genética,,REFLEXOES DE CLAUDE BERNARD SOBRE O LUGAR DA FISIOLOGIA EXPERIMENTAL NO DEBATE VITALISMO VERSUS MATERIALISMO.,2017,,,BOLETIM DE HISTÓRIA E FILOSOFIA DA BIOLOGIA,19821026,11,,3,4,,,"Janczur, C. ;PRESTES, M. E. B.",,2016.0
1975,1978.0,2012.0,2015.0,2016.0,2021.0,329,Genética,,O EXPERIMENTO DO FIGADO LAVADO DE CLAUDE BERNARD,2018,,,BOLETIM DE HISTÓRIA E FILOSOFIA DA BIOLOGIA,19821026,12,,2,11,19,,"JANCZUR, C",,2016.0
1975,1978.0,2012.0,2015.0,2016.0,2021.0,329,Genética,,RESENHA DE ARTIGO: A TRADUCAO DE TEXTOS CIENTIFICOS HISTORICOS E SUA DEPENDENCIA DE CONHECIMENTOS MULTIDISCIPLINARES,2019,,,BOLETIM DE HISTÓRIA E FILOSOFIA DA BIOLOGIA,19821026,13,,1,14-17,17,,"JANCZUR, CHRISTINE",,2016.0
1975,1978.0,2012.0,2015.0,2016.0,2021.0,329,Genética,,DOUGLAS ALLCHIN LEMBRA QUE E HORA DE ENSINAR HUMILDADE EM RELACAO A CIENCIA.,2020,,,BOLETIM DE HISTÓRIA E FILOSOFIA DA BIOLOGIA,19821026,14,,3,1,6,,"PRESTES, M. E. B. ;JANCZUR, CHRISTINE",,2016.0
2003,2003.0,2014.0,2016.0,2017.0,,260,Ecologia,,IMPORTANCE OF THE MATRIX IN DETERMINING SMALL-MAMMAL ASSEMBLAGES IN AN AMAZONIAN FOREST-SAVANNA MOSAIC,2016,,10.1016/j.biocon.2016.10.037,Biological Conservation,63207,204,,,417,425,,"BORGES-MATOS, CLARICE ;ARAGÓN, SUSAN ;DA SILVA, MARIA NAZARETH FERREIRA ;FORTIN, MARIE-JOSÉE ;MAGNUSSON, WILLIAM E.",,2017.0
2003,2003.0,2014.0,2016.0,2017.0,,260,Ecologia,,INTEGRATING ECOLOGICAL EQUIVALENCE FOR NATIVE VEGETATION COMPENSATION: A METHODOLOGICAL APPROACH,2021,,10.1016/j.landusepol.2021.105568,LAND USE POLICY,2648377,108,,,105568,15,,"MELLO, KALINE DE ;SPAROVEK, GERD ;METZGER, JEAN PAUL ;FENDRICH, ARTHUR NICOLAUS ;BORGES-MATOS, CLARICE ;BRITES, ALICE DANTAS ;TAVARES, PAULO ANDRÉ ;DA ROCHA, GUSTAVO CASONI ;MATSUMOTO, MARCELO ;RODRIGUES, RICARDO RIBEIRO ;JOLY, CARLOS ALFREDO",,2017.0
2003,2003.0,2014.0,2016.0,2017.0,,260,Ecologia,,PRIVATE RESERVES SUFFER FROM THE SAME LOCATION BIASES OF PUBLIC PROTECTED AREAS,2021,,10.1016/j.biocon.2021.109283,BIOLOGICAL CONSERVATION,63207,261,,,109283,,,"D'ALBERTAS, FRANCISCO ;GONZÁLEZ-CHAVES, ADRIAN ;BORGES-MATOS, CLARICE ;ZAGO DE ALMEIDA PACIELLO, VITOR ;MARON, MARTINE ;METZGER, JEAN PAUL",,2017.0
2009,2013.0,2013.0,2016.0,,,365,Zoologia,,HYDROID DIVERSITY OF EILAT BAY WITH THE DESCRIPTION OF A NEW SPECIES,2017,,10.1080/17451000.2016.1236202,Marine Biology Research,17451000,13,,5,469,479,,"PICA, DANIELA ;BASTARI, AZZURRA ;VAGA, CLAUDIA FRANCESCA ;DI CAMILLO, CRISTINA GIOIA ;MONTANO, SIMONE ;PUCE, STEFANIA",,2018.0
2011,2016.0,2016.0,2018.0,2019.0,,330,Genética,,META-ANALYSES SUPPORT PREVIOUS AND NOVEL AUTISM CANDIDATE GENES: OUTCOMES OF AN UNEXPLORED BRAZILIAN COHORT,2019,,10.1002/aur.2238,Autism Research,19393792,0,,,2023-08-01 00:00:00,,,"DA SILVA MONTENEGRO, EDUARDA MORGANA ;LOURENÇO, NAILA C. V. ;YAMAMOTO, GUILHERME LOPES ;SCHERER, STEPHEN ;PASSOS'BUENO, MARIA RITA ;COSTA, CLAUDIA SAMOGY ;CAMPOS, GABRIELE ;SCLIAR, MARÍLIA ;ALMEIDA, TATIANA FERREIRA ;ZACHI, ELAINE CRISTINA ;SILVA, ISABELA MAYA WAHYS ;CHAN, ADA J. S. ;ZARREI, MEHDI",,2019.0
2011,2016.0,2016.0,2018.0,2019.0,,330,Genética,,A BRAZILIAN COHORT OF INDIVIDUALS WITH PHELAN-MCDERMID SYNDROME: GENOTYPE-PHENOTYPE CORRELATION AND IDENTIFICATION OF AN ATYPICAL CASE,2019,,10.1186/s11689-019-9273-1,Journal of Neurodevelopmental Disorders,18661955,11,,1,13,,,"SAMOGY-COSTA, CLAUDIA ISMANIA ;VIBRANOVSKI, MARIA ;KREPISCHI, ANA ;ROSENBERG, CARLA ;PASSOS-BUENO, MARIA RITA ;VARELLA-BRANCO, ELISA ;MONFARDINI, FREDERICO ;FERRAZ, HELEN ;FOCK, RODRIGO AMBRÓSIO ;BARBOSA, RICARDO HENRIQUE ALMEIDA ;PESSOA, ANDRÉ LUIZ SANTOS ;PEREZ, ANA BEATRIZ ALVAREZ ;LOURENÇO, NAILA",,2019.0
2005,2009.0,2011.0,2013.0,2016.0,,261,Ecologia,,STAND-LEVEL MANAGEMENT PRACTICES INCREASE OCCUPANCY BY BIRDS IN EXOTIC EUCALYPTUS PLANTATIONS,2015,,10.1016/j.foreco.2014.10.005,Forest Ecology and Management,3781127,336,,,174,182,,"MILLAN, CRISTIANE H. ;DEVELEY, PEDRO F. ;VERDADE, LUCIANO M.",,2016.0
2005,2009.0,2011.0,2013.0,2016.0,,261,Ecologia,,DIET COMPOSITION OF BATS IN A HUMAN-MODIFIED LANDSCAPE,2021,,,ACTA CHIROPTEROLOGICA,15081109,23(2),,,395,404,,"KRUSZYNSKI, C. ;MORAL, R. A. ;MILLAN, CRISTIANE H. ;DINIZ-REIS, T. R. ;MELLO, M. A. ;CAMARGO, P. B.",,2016.0
2005,2009.0,2011.0,2013.0,2016.0,,261,Ecologia,,"WITHIN-POPULATION VARIATION IN FEMALE MATING PREFERENCE AFFECTS THE OPPORTUNITY FOR SEXUAL SELECTION AND THE EVOLUTION OF MALE TRAITS, BUT THINGS ARE NOT AS SIMPLE AS EXPECTED",2020,,10.1111/jeb.13694,JOURNAL OF EVOLUTIONARY BIOLOGY (ELECTRONIC ED.),14209101,33,,11,1579,1592,,"MILLAN, CRISTIANE H. ;MACHADO, GLAUCO ;MUNIZ, DANILO G.",,2016.0
2005,2009.0,2011.0,2013.0,2016.0,,261,Ecologia,,POPULATION STRUCTURE OF THE BROAD-SNOUTED CAIMAN (CAIMAN LATIROSTRIS) IN NATURAL AND MAN-MADE WATER BODIES ASSOCIATED WITH A SILVICULTURAL LANDSCAPE,2016,,,Salamandra (Frankfurt),363375,52,,1,2023-10-01 00:00:00,,,"MARQUES, T. S. ;BASSETI, L. A. B. ;LARA, N. R. F. ;MILLAN, C. H. ;PINA, C. I. ;VERDADE, L.M",,2016.0
2011,2015.0,2016.0,2018.0,2018.0,,262,Ecologia,,THE INTERACTION EFFECT BETWEEN INTRASPECIFIC COMPETITION AND SEED QUALITY ON THE LIFE-HISTORY TRAITS OF THE SEED-FEEDING BEETLE ACANTHOSCELIDES MACROPHTHALMUS,2019,,10.1111/eea.12854,ENTOMOLOGIA EXPERIMENTALIS ET APPLICATA,138703,167,,12,986,999,,"Cesar, Cássia S. ;ROSSI, MARCELO N.",,2018.0
2011,2015.0,2016.0,2018.0,2018.0,,262,Ecologia,,THE ANTIVIRAL EFFECTS OF THE SYMBIONT BACTERIA WOLBACHIA IN INSECTS,2021,,10.3389/fimmu.2020.626329,Frontiers in Immunology,16643224,11,,,626329,,,"PIMENTEL, ANDRÉ C. ;Cesar, Cássia S. ;MARTINS, MARCOS ;COGNI, RODRIGO",,2018.0
2011,2015.0,2016.0,2018.0,2018.0,,262,Ecologia,,DRYWOOD PEST TERMITE CRYPTOTERMES BREVIS (BLATTARIA: ISOPTERA: KALOTERMITIDAE): A DETAILED MORPHOLOGICAL STUDY OF PSEUDERGATES,2019,,10.1007/s13744-019-00687-4,NEOTROPICAL ENTOMOLOGY,1519566X,48,,5,822,833,,"CESAR, C S ;GIACOMETTI, D ;COSTA-LEONARDO, A M ;CASARIN, F E",,2018.0
2010,2013.0,2014.0,2017.0,2018.0,,294,Fisiologia,,"TITLE: ANTERIOR THALAMIC NMDA-INDUCED DAMAGE IMPAIRS EXTRAPOLATION RELYING ON SERIAL STIMULUS PATTERNS, IN RATS",2021,,10.1016/j.nlm.2021.107536,NEUROBIOLOGY OF LEARNING AND MEMORY,10747427,185,,,107536,,,"SILVA, DANIEL G. ;XAVIER, GILBERTO F.",,2018.0
2011,2015.0,2016.0,2018.0,2018.0,,295,Fisiologia,,CAPACITY OF TISSUE WATER REGULATION IS IMPAIRED IN AN OSMOCONFORMER LIVING IN IMPACTED ESTUARIES?,2018,,10.1016/j.ecoenv.2018.09.111,ECOTOXICOLOGY AND ENVIRONMENTAL SAFETY,1476513,166,,,375,382,,"DAVID, DANIELA DANTAS ;LIMA, OTONIEL GONÇALVES ;NÓBREGA, ALICE MARIA CABRAL DE SOUSA ;AMADO, ENELISE MARCELLE",,2018.0
2021,2021.0,2011.0,2013.0,2017.0,,263,Ecologia,,"THE REPTILE COLLECTION OF THE MUSEU DE ZOOLOGIA, UNIVERSIDADE FEDERAL DA BAHIA, BRAZIL",2013,,,"CHECK LIST, JOURNAL OF SPECIES LIST AND DISTRIBUTION",1809127X,9,,2,257,262,,"HAMDAN, B. ;Daniela Pinto Coelho ;DANGIOLELLA, A. B. ;DIAS, E. J. R. ;LIRA-DA-SILVA, R. M.",,2017.0
2021,2021.0,2011.0,2013.0,2017.0,,263,Ecologia,,"REGISTROS DE CAPTURAS ACIDENTAIS DE AVES E REPTEIS EM ARMADILHAS PARA MAMIFEROS NO ESTADO DA BAHIA, BRASIL",2013,,,Atualidades Ornitológicas (Online),19818874,175,,,33,39,,"FREITAS, M. A. ;HAMDAN, B. ;NUNES, O. C. ;CARVALHO, M. ;PINTO-COELHO, D. ;ABREU, R. O. ;SILVA, T. F. S. ;FILADELFO, T. M. ;FRANCA, D. P. F. ;ABRAAO, J. ;OLIVEIRA, L. ;CAPELLI, D. S. ;ARAUJO, D. ;ESTAVILHO, C. ;ALVES, R.",,2017.0
2021,2021.0,2011.0,2013.0,2017.0,,263,Ecologia,,SERPENTES DE UM FRAGMENTO URBANO DE MATA ATLANTICA: SOBREVIVENDO AO CONCRETO,2013,,,Sitientibus. Série Ciências Biológicas,15196097,13,,,1,15,,"HAMDAN, B. ;PINTO-COELHO, D. ;DANTAS, P. T. ;LIRA-DA-SILVA, R. M.",,2017.0
2021,2021.0,2011.0,2013.0,2017.0,,263,Ecologia,,"O ESTADO DA ARTE DO CONHECIMENTO DAS SERPENTES DA BAHIA, BRASIL.",2009,,,Gazeta Medica da Bahia,0016545X,1,,143,75,76,,"LIRA-DA-SILVA, R. M. ;HAMDAN, B. ;DANTAS, P. T. ;PINTO-COELHO, D. ;HATAYA, R. A. M. ;MISE, Y. F.",,2017.0
2021,2021.0,2011.0,2013.0,2017.0,,263,Ecologia,,POPULATION MORPHOLOGICAL VARIATION AND NATURAL HISTORY OF ATRACTUS POTSCHI (SERPENTES: DIPSADIDAE) IN NORTHEASTERN BRAZIL,2016,,10.2994/sajh-d-16-00034.1,South American Journal of Herpetology,18089798,11,,3,188,211,,"PASSOS, PAULO ;MARTINS, ANGELE ;PINTO-COELHO, DANIELA",,2017.0
2021,2021.0,2011.0,2013.0,2017.0,,263,Ecologia,,"GEOGRAPHIC AND ALTITUDINAL DISTRIBUTION OF SNAKES OF THE FAMILY BOIDAE IN THE STATE OF BAHIA, NORTHEASTERN BRAZIL",2020,,,REVISTA NORDESTINA DE ZOOLOGIA,18087663,12,,2,26,71,,"PINTO-COELHO, D. ;HAMDAN, B. ;LIRA-DA-SILVA, R. M.",,2017.0
2021,2021.0,2011.0,2013.0,2017.0,,263,Ecologia,,NETWORK ANALYSES REVEAL THE ROLE OF LARGE SNAKES IN CONNECTING FEEDING GUILDS IN A SPECIES?RICH AMAZONIAN SNAKE COMMUNITY,2021,,10.1002/ece3.7508,Ecology and Evolution,20457758,11,,,6558,6568,,"PINTO-COELHO, D. ;MARTINS, M. ;GUIMARAES JUNIOR, P. R.",,2017.0
2021,2021.0,2011.0,2013.0,2017.0,,263,Ecologia,,PHYLLOPEZUS POLLICARIS (BRAZILIAN GECKO). TAIL BIFURCATION.,2017,,,Herpetological Review,19672011,48,,3,656,656,,"FILADELFO, T. M. ;SOEIRO, M. S. ;PINTO-COELHO, DANIELA ;HAMDAN, B.",,2017.0
2021,2021.0,2011.0,2013.0,2017.0,,263,Ecologia,,FIRST PREDATION RECORD ON THE INVASIVE LAGOMORPH LEPUS EUROPAEUS (LEPORIDAE) BY BOA CONSTRICTOR (BOIDAE) IN A SOUTHERN BRAZILIAN CERRADO PROTECTED AREA,2022,,,Revista Latinoamericana de Herpetologia,25942158,,,,,,,"VIEIRA-ALENCAR, J. P. S. ;FURTADO, L. O. ;FELICIO, G. R. ;PINTO-COELHO, D. ;CARMIGNOTTO, A. P.",,2017.0
2011,2016.0,2019.0,2021.0,2021.0,,264,Ecologia,,ALL THE BETTER TO BITE YOU WITH! STRIKING INTRASEXUAL DIFFERENCES IN CHELICERAL SIZE DEFINE TWO MALE MORPHS IN AN AMAZONIAN ARACHNID,2018,,10.1093/biolinnean/bly120,BIOLOGICAL JOURNAL OF THE LINNEAN SOCIETY,244066,125,,3,521,534,,"SOLANO-BRENES, DIEGO ;GARCIA-HERNANDEZ, S. ;MACHADO, GLAUCO",,2021.0
2011,2016.0,2019.0,2021.0,2021.0,,264,Ecologia,,WHEN A LITTLE IS ENOUGH: COCOON WEB OF (ARANEAE: ARANEIDAE) INDUCED BY (ICHNEUMONIDAE: PIMPLINAE),2018,,10.30963/aramit5505,Arachnologische Mitteilungen,10184171,55,,,30,35,,"BARRANTES, GILBERT ;SEGURA-HERNÁNDEZ, LAURA ;SOLANO-BRENES, DIEGO ;HANSON, PAUL",,2021.0
2011,2016.0,2019.0,2021.0,2021.0,,264,Ecologia,,"NEST INITIATION BY MULTIPLE FEMALES IN AN AERIAL-NESTING ORCHID BEE, EUGLOSSA CYBELIA (APIDAE: EUGLOSSINI)",2018,,10.1007/s13592-018-0605-z,APIDOLOGIE,448435,49,,6,807,816,,"SOLANO-BRENES, DIEGO ;Hanson P. ;Fernández Otárola M.",,2021.0
2011,2016.0,2019.0,2021.0,2021.0,,264,Ecologia,,MAKING THE INVISIBLE VISIBLE: METHODS TO ENHANCE FEATURES OF TINY SPIDER WEBS,2018,,10.1636/JoA-S-18-011.1,JOURNAL OF ARACHNOLOGY,1618202,46,,3,538,540,,"SOLANO-BRENES, DIEGO ;MIRANDA, X. ;BARRANTES, G.",,2021.0
2011,2016.0,2019.0,2021.0,2021.0,,264,Ecologia,,THE GOOD FATHERS: EFFICIENCY OF MALE CARE AND THE PROTECTIVE ROLE OF FOSTER PARENTS IN A NEOTROPICAL ARACHNID,2019,,10.1016/j.anbehav.2019.02.007,ANIMAL BEHAVIOUR,33472,150,,,147,155,,"QUESADA-HIDALGO, ROSANNETTE ;SOLANO-BRENES, DIEGO ;REQUENA, GUSTAVO S. ;MACHADO, GLAUCO",,2021.0
2011,2016.0,2019.0,2021.0,2021.0,,264,Ecologia,,HUB THREAD REMOVAL BEHAVIOUR IN THE ORB WEAVER LEUCAUGE MARIANA (ARANEAE: TETRAGNATHIDAE),2020,,10.13156/arac.2020.18.6.517,Arachnology,20509928,18,,6,517,520,,"BARRANTES, GILBERT ;ZÚÑIGA-MADRIGAL, JORGE ;SOLANO-BRENES, DIEGO",,2021.0
2011,2016.0,2019.0,2021.0,2021.0,,264,Ecologia,,GONE WITH THE RAIN: NEGATIVE EFFECTS OF RAINFALL ON MALE REPRODUCTIVE SUCCESS IN A NEST-BUILDING ARACHNID,2019,,10.1093/beheco/arz063,BEHAVIORAL ECOLOGY,10452249,30,,4,1145,1156,,"ROJAS, ANDRÉS ;SOLANO-BRENES, DIEGO ;MUNIZ, DANILO G ;MACHADO, GLAUCO",,2021.0
2006,2013.0,2014.0,2015.0,2016.0,,366,Zoologia,,MORPHOLOGY AND DNA BARCODES REVEAL THE PRESENCE OF THE NON-NATIVE LAND PLANARIAN OBAMA MARMORATA (PLATYHELMINTHES : GEOPLANIDAE) IN EUROPE,2015,,10.1071/IS14033,Invertebrate Systematics,14455226,29,,1,12,,,"LAGO-BARCIA, DOMINGO ;NEGRETE, LISANDRO ;BRUSA, FRANCISCO ;DAMBORENEA, CRISTINA ;GRANDE, CRISTINA ;NORE'A, CAROLINA",,2016.0
2006,2013.0,2014.0,2015.0,2016.0,,366,Zoologia,,"TAXONOMIC REVISION OF FOUR SPECIES OF THE NEOTROPICAL LAND PLANARIAN GENERA CRATERA AND GEOPLANA (PLATYHELMINTHES, TRICLADIDA) WITH A DESCRIPTION OF TWO NEW SPECIES AND AN EMENDATION OF CRATERA",2018,,10.11646/zootaxa.4500.4.3,ZOOTAXA (ONLINE),11755334,4500,,4,517,,,"LAGO-BARCIA, DOMINGO ;CARBAYO, FERNANDO",,2016.0
2006,2013.0,2014.0,2015.0,2016.0,,366,Zoologia,,RECONSTRUCTING ROUTES OF INVASION OF OBAMA NUNGARA (PLATYHELMINTHES: TRICLADIDA) IN THE IBERIAN PENINSULA,2019,,10.1007/s10530-018-1834-9,BIOLOGICAL INVASIONS,13873547,21,,2,289,302,,"LAGO-BARCIA, DOMINGO ;FERNÁNDEZ-ÁLVAREZ, FERNANDO ÁNGEL ;BRUSA, FRANCISCO ;ROJO, IÑAKI ;DAMBORENEA, CRISTINA ;NEGRETE, LISANDRO ;GRANDE, CRISTINA ;NOREÑA, CAROLINA",,2016.0
2006,2013.0,2014.0,2015.0,2016.0,,366,Zoologia,,"THREE NEW NEOTROPICAL SPECIES AND A NEW GENUS OF LAND FLATWORMS (PLATYHELMINTHES, GEOPLANINAE)",2020,,10.5852/ejt.2020.705,European Journal of Taxonomy,21189773,1,,705,1,,,"DE OLIVEIRA, KARINE GOBETTI ;BOLONHEZI, LAURA BIANCO ;ALMEIDA, ANA LAURA ;LAGO-BARCIA, DOMINGO ;CARBAYO, FERNANDO",,2016.0
2006,2013.0,2014.0,2015.0,2016.0,,366,Zoologia,,PTHE INVASIVE LAND FLATWORM OBAMA/EM NUNGARA/EM (PLATYHELMINTHES: GEOPLANIDAE) REACHES A NATURAL ENVIRONMENT IN THE OCEANIC ISLAND OF SAO MIGUEL (ACORES)/STRONG/P,2020,,10.11646/zootaxa.4830.1.9,ZOOTAXA,11755326,4830,,1,197,200,,"LAGO-BARCIA, DOMINGO ;GONZÁLEZ-LÓPEZ, JOSÉ RAFAEL ;FERNÁNDEZ-ÁLVAREZ, FERNANDO ÁNGEL",,2016.0
2006,2013.0,2014.0,2015.0,2016.0,,366,Zoologia,,AREAS OF ENDEMISM OF LAND PLANARIANS (PLATYHELMINTHES: TRICLADIDA) IN THE SOUTHERN ATLANTIC FOREST,2020,,10.1371/journal.pone.0235949,PLoS One,19326203,15,,7,e0235949,,,"LAGO-BARCIA, DOMINGO ;DASILVA, MARCIO BERNARDINO ;CONTI, LUIS AMERICO ;CARBAYO, FERNANDO",,2016.0
2013,2017.0,2019.0,2021.0,2021.0,,265,Ecologia,,ENSINO POR INVESTIGACAO E ALFABETIZACAO CIENTIFICA: RELATO DE EXPERIENCIA E ANALISE DAS ATIVIDADES DO PIBID BIOLOGIA UFABC (2011 - 2014),2014,,,Revista da SBEnBIO,19821867,7,,7,335,343,,"NASCIMENTO, A. P. ;CIRINO, D. W. ;GHILARDI-LOPES, N. P.",,2021.0
2013,2017.0,2019.0,2021.0,2021.0,,265,Ecologia,,PLANEJAMENTO PARA A AVALIACAO E AVALIACAO PARA O REPLANEJAMENTO: ESTUDO DE CASO COM UMA SEQUENCIA DIDATICA SOBRE SAUDE E ALIMENTACAO,2016,,10.3895/rbect.v9n3.2804,REVISTA BRASILEIRA DE ENSINO DE CIÊNCIA E TECNOLOGIA,1982873X,9,,3,141,170,,"CIRINO, D. W. ;VINTURI, E. F. ;NASCIMENTO, V. A. ;Xavier, J. P. ;Oliveira, M. M, ;SIRIUS, Esaú ;VIEIRA-ANTONIASSI, P. ;GHILARDI-LOPES, N. P.",,2021.0
2013,2017.0,2019.0,2021.0,2021.0,,265,Ecologia,,TERRESTRIAL VERTEBRATE FAUNA OF ASSIS? STATE FOREST: A CERRADO REMNANT IN THE STATE OF SAO PAULO; BRAZIL.,2021,,10.24278/2178-5031.202133208,REVISTA DO INSTITUTO FLORESTAL (ONLINE),21785031,33,,2,192,217,,"PRIST, P. R. ;PAGOTTO, T. ;GIACON, O. ;ABRA, F. D. ;FERRAZ, K. M. P. M. B. ;CIRINO, D. W. ;Lupinetti-Cunha, A. ;MEIGA, A. Y. Y. ;ALBERICI, V. ;CALABONI, A. ;MAFFEI, F. ;MAGIOLI, M. ;MEDOLAGO, C.",,2021.0
2013,2017.0,2019.0,2021.0,2021.0,,265,Ecologia,,EXPLORING THE ROLE OF LAND-SHARING ON URBAN GREEN AND CARDIOVASCULAR HEALTH,2021,,10.1016/s2542-5196(21)00104-2,The Lancet Planetary Health,25425196,5,,,S20,,,"CIRINO, Douglas William ;TAMBOSI, LEANDRO REVERBERI ;DE FREITAS, SIMONE RODRIGUES ;MAUAD, THAIS ;METZGER, JEAN PAUL",,2021.0
2005,2009.0,2014.0,2017.0,2018.0,,296,Fisiologia,,RHYTHMIC EXPRESSION OF THE MELATONERGIC BIOSYNTHETIC PATHWAY AND ITS DIFFERENTIAL MODULATION IN VITRO BY LPS AND IL10 IN BONE MARROW AND SPLEEN,2020,,10.1038/s41598-020-61652-5,Scientific Reports,20452322,10,,1,4799,,,"CÓRDOBA-MORENO, MARLINA O. ;DE SOUZA, EWERTON DA SILVA ;QUILES, CAROLINE L. ;DOS SANTOS-SILVA, DÉBORA ;KINKER, GABRIELA S. ;MUXEL, SANDRA M. ;MARKUS, REGINA P. ;FERNANDES, PEDRO A.",,2018.0
2005,2009.0,2014.0,2017.0,2018.0,,296,Fisiologia,,MELATONIN-INDEX AS A BIOMARKER FOR PREDICTING THE DISTRIBUTION OF PRESYMPTOMATIC AND ASYMPTOMATIC SARS-COV-2 CARRIERS,2021,,10.32794/mr11250090,Melatonin Research,26410281,4,,1,189,205,,"MORAES, CAROLINA BORSOI ;MUXEL, SANDRA M ;KINKER, GABRIELA S ;NAKAYA, HELDER I ;MARKUS, REGINA P ;FUJITA, ANDRÉ ;FERNANDES, PEDRO A ;CÓRDOBA-MORENO, MARLINA O ;JARDIM, VINICIUS C ;BUCKERIDGE, MARCOS S ;NAVARRO, BRUNO V ;RIBEIRO-PAZ, EDSON D ;SANTOS-SILVA, DÉBORA",,2018.0
2009,2014.0,2014.0,2016.0,2018.0,,266,Ecologia,,LANDSCAPE STRUCTURAL INDICATORS AS A TOOL TO ASSESS LAND USE CHANGES IN PLANNING FOR SUB-BASIN SUSTAINABILITY (SOUTHEASTERN BRAZIL),2016,,10.4236/jwarp.2016.84041,Journal of Water Resource and Protection,19453108,8,,4,482,492,,"FUSHITA, ANGELA TERUMI ;DOS SANTOS, JOSÉ EDUARDO ;DE SOUZA, IMYRA MAÍRA MARTINS ;ROMANINI, EDUARDA ;COSTA, RÔMULO THEODORO",,2017.0
2009,2014.0,2014.0,2016.0,2018.0,,266,Ecologia,,AN APPROACH TO ENVIRONMENTAL PLANNING AND SUSTAINABLE MANAGEMENT OF WATERSHEDS AND MUNICIPALITIES IN SOUTHEASTERN BRAZIL,2016,,10.4236/oje.2016.611062,Open Journal of Ecology,21621993,6,,11,667,685,,"ROMANINI, EDUARDA ;FUSHITA, ANGELA TERUMI ;DOS SANTOS, JOSÉ EDUARDO",,2017.0
2009,2014.0,2014.0,2016.0,2018.0,,266,Ecologia,,DETECTION IN LAND COVER CHANGE TRAJECTORIES USING REMOTE SENSING A CASE STUDY OF SOUTHEAST BRAZIL REGION,2016,,,Journal of Applied Science and Technology,22211004,6,,,58,66,,"FUSHITA, A. T. ;SANTOS, J. E. ;SOUZA, I. M. M. ;COSTA, R. T. ;ROMANINI, E.;ROMANINI, EDUARDA ;ANDRADE, V. A. D. ;AMORIM, L. M.",,2017.0
2007,2011.0,2013.0,2015.0,2017.0,,223,Botânica,,"ESTUDOS TAXONOMICOS DAS XYRIDACEAE NO ESTADO DO PARANA, BRASIL",2018,,10.1590/2175-7860201869416,Rodriguesia,21757860,69,,4,1737,1769,,"LOZANO, E. D. ;SMIDT, E. C. ;WANDERLEY, M. G. L.",,2017.0
2007,2011.0,2013.0,2015.0,2017.0,,223,Botânica,,LAURACEAE ALONG AN ALTITUDINAL GRADIENT IN SOUTHERN BRAZIL,2019,,10.1590/2179-8087.063717,FLORAM,21798087,26,,4,1,12,,"BROTTO, M. L. ;LOZANO, E. D. ;MARINERO, F. E. C. ;UHLMANN, A. ;BLUM, C. T. ;RODERJAN, C. V.",,2017.0
2007,2011.0,2013.0,2015.0,2017.0,,223,Botânica,,"RIQUEZA, COMPOSICAO E ESTRUTURA DA COMUNIDADE ARBUSTIVO-REGENERANTE EM DIFERENTES ESTAGIOS SUCESSIONAIS DE UMA FLORESTA SUBTROPICAL DO BRASIL",2017,,10.1590/2236-8906-71/2016,HOEHNEA,22368906,44,,4,490,504,,"FELITTO, G. ;LOZANO, E. D.;LOZANO, EDUARDO DAMASCENO;LOZANO, EDUARDO D. ;CANESTRARO, B. K. ;KERSTEN, R. A.",,2017.0
2007,2011.0,2013.0,2015.0,2017.0,,223,Botânica,,BRAZILIAN FLORA 2020: INNOVATION AND COLLABORATION TO MEET TARGET 1 OF THE GLOBAL STRATEGY FOR PLANT CONSERVATION (GSPC).,2018,,10.1590/2175-7860201869402,Rodriguesia,21757860,69,,4,1513,1527,,"BFG - The Brazil Flora Group ;LOZANO, E. D.",,2017.0
2007,2011.0,2013.0,2015.0,2017.0,,223,Botânica,,PA NEW SPECIES OF XYRIS /EM(XYRIDACEAE) FROM BRAZIL/STRONG/P,2016,,10.11646/phytotaxa.245.1.11,Phytotaxa,11793155,245,,1,84,,,"LOZANO, EDUARDO DAMASCENO ;SMIDT, ERIC DE CAMARGO ;WANDERLEY, MARIA DAS GRAÇAS",,2017.0
2007,2011.0,2013.0,2015.0,2017.0,,223,Botânica,,"BIXACEAE DO ESTADO DO PARANA, BRASIL",2020,,10.1590/2236-8906-67/2019,HOEHNEA,22368906,47,,,1,8,,"ANTAR, G. M. ;LOZANO, E. D. ;SANO, P. T.",,2017.0
2007,2011.0,2013.0,2015.0,2017.0,,223,Botânica,,"XYRIS SERRANA (XYRIDACEAE), A NEW SPECIES ENDEMIC TO THE CAMPOS DE CIMA DA SERRA, SOUTHERN BRAZIL",2021,,10.1590/0102-33062020abb0409,ACTA BOTANICA BRASILICA,1677941X,35,,,577,581,,"LOZANO, E. D. ;WANDERLEY, M. G. L. ;SANO, P. T.",,2017.0
2007,2011.0,2013.0,2015.0,2017.0,,223,Botânica,,BRAZILIAN FLORA 2020: LEVERAGING THE POWER 1 OF A COLLABORATIVE SCIENTIFIC NETWORK,2021,,10.1002/tax.12640,TAXON,400262,0,,0,1,21,,"GOMES'DA'SILVA, JANAÍNA ;DALCIN, EDUARDO COUTO ;BATISTA, JOÃO A.N. ;BATISTA, MARCELLA M.I. ;BAUTISTA, HORTENCIA P. ;BENELLI, ADARILDA P. ;BERGUECIO, NICOLÁS G. ;BERNACCI, LUÍS C. ;BEYER, MAILA ;BEZERRA, ANDREA C.C. ;BEZERRA, LUÍSA M.P.A. ;BEZERRA, YURI R.L. ;LABIAK, PAULO ;BIANCHETTI, LUCIANO B. ;BIGIO, NARCÍSIO C. ;BIRAL, LEONARDO ;BISSOLI, VINÍCIUS F. ;BITTENCOURT, FELIPE ;BOCHORNY, THUANE ;BOHN, AMABILY ;BOHS, LYNN ;BOJACÁ, GABRIEL F.P. ;BOLDORINI, ABRIL ;LIMA, HAROLDO C. ;BOLDRINI, ILSI I. ;BOLSON, MÔNICA ;BORDIN, JUÇARA ;BORDON, NATALI G. ;BORGES, RAFAEL A.X. ;BORGES, RODRIGO'L. ;BORTOLUZZI, ROSELI'L.C. ;BOVE, CLAUDIA P. ;BOVINI, MASSIMO G. ;BRAGA, JOÃO M.A. ;LOHMANN, LÚCIA G. ;BRAGA, NAYARA S.S. ;BRANCO, SUEMA ;BRAUNER, LAIANA M. ;BRAZ, DENISE M. ;BRINGEL, JOÃO B.A. ;BRITO, ANTONIO'L.V.T. ;BRITO, ELIETE S. ;BRUNIERA, CARLA P. ;BUCHOSKI, MONICA G. ;BUCK, WILLIAM R. ;MAIA, LEONOR C. ;BUENO, NORMA C. ;BUENO, VINICIUS R. ;BÜNEKER, HENRIQUE M. ;BÜNGER, MARIANA ;BURIL'VITAL, MARIA T.A. ;BURTON, GEORGE P. ;CABRAL, ANDRESSA ;CABRAL, ELSA'L. ;CABRAL, FERNANDA N. ;CABRAL, TIARA S. ;MANSANO, VIDAL F. ;CADDAH, MAYARA K. ;CAIRES, CLAUDENIR S. ;CAIRES, TAIARA A. ;CALAZANS, LUANA S.B. ;CALDAS, DIANA K.D. ;CALIÓ, MARIA F. ;CALVO, JOEL ;CÂMARA, PAULO E.A.S. ;CAMARGO, RODRIGO A. ;CAMELO, MEL C. ;MENEZES, MARIÂNGELA ;CAMPOS'ROCHA, ANTONIO ;CÂNDIDO, ELISA S. ;CANESTRARO, BIANCA K. ;CANTO'DOROW, THAIS S. ;CANTUÁRIA, PATRICK C. ;CARA, ÁLISON'L. ;CÁRDENAS, GABRIELA G. ;CARDOSO, ANDRÉIA G. ;CARDOSO, DOMINGOS B.O.S. ;CARDOSO, JESIANE M. ;MORIM, MARLI P. ;CARDOSO, LEANDRO J.T. ;CARDOSO, PEDRO H. ;CARDOZO, ANDREY'L. ;M.D. CARDOZO, NÁLLARETT ;CARMO, DIMAS M. ;CARMO, JOÃO A.M. ;CARNEIRO, CAMILA R. ;CARNEIRO, CLÁUDIA E. ;CARRIJO, TATIANA T. ;CARUZO, MARIA B.R. ;MOURA, CARLOS WALLACE N. ;CARVALHO, CATARINA S. ;CARVALHO, DARIANE A.S. ;CARVALHO, FERNANDA A. ;CARVALHO, MARIA'L.S. ;CARVALHO, JEFFERSON G. ;CARVALHO'SILVA, MICHELINE ;CASTELLO, ANA C.D. ;CASTRO, MÁRCIA S. ;CASTRO E SILVA, ISABELLA C. ;CATENACCI, FERNANDA S. ;LUGHADHA, EIMEAR NIC ;CAVALCANTI, LAISE H. ;CAVALHEIRO, LARISSA ;CERVI, ARMANDO C. ;CHACON, ROBERTA G. ;CHAGAS, ALINE P. ;CHAGAS, EARL C.O. ;CHAUTEMS, ALAIN ;CHAUVEAU, OLIVIER ;CHEQUÍN, RENATA N. ;CHRIST, ANDERSON'L. ;FILARDI, FABIANA L.R. ;PERALTA, DENILSON F. ;CHRIST, JHENIFFER A. ;CIDRÃO, BRUNO B. ;CLARK, LYNN G. ;COELHO, ALEXA A.O.P. ;COELHO, GUILHERME P. ;COELHO, RUBENS'L.G. ;COLLETTA, GABRIEL D. ;COLLI'SILVA, MATHEUS ;CONCEIÇÃO, ADILVA S. ;CONCEIÇÃO, TULIO C. ;PRADO, JEFFERSON ;CONDACK, JOÃO P.S. ;CONTRO, FERNANDA'L. ;CORDEIRO, INÊS ;CORDEIRO, LUCIANA S. ;CORDEIRO, WESLEY P.F.S. ;CÔRTES, ANA'L.A. ;COSTA, DANIEL S. ;COSTA, FABIANE N. ;COSTA, FERNANDA S.N. ;COSTA, FRANCISCO C.P. ;ROQUE, NÁDIA ;COSTA, GÉSSICA A.G. ;COSTA, ISABELLE G.C.M. ;COSTA, ITAYGUARA R. ;COSTA, JEFERSON M. ;COSTA, JORGE A.S. ;COSTA, JOSÉ G.S. ;COSTA, MARIA T.R. ;COSTA, MITCHEL I.A. ;COSTA, SUZANA M. ;COSTA, THIAGO V. ;STEHMANN, JOÃO RENATO ;COSTA, TIAGO S. ;COSTA E SILVA, MARIA B. ;COSTA'LIMA, JAMES'L. ;COTA, MATHEUS M.T. ;COUCEIRO, YURI S.V. ;COUTINHO, THALES S. ;COUTO, DAYVID R. ;COUTO, RICARDO S. ;COUVO, ANIELLY F. ;CYRILLO, STEPHANY B. ;SYLVESTRE, LANA S. ;DAL MOLIN, LUIS H. ;DALASTRA, CLAUDENICE H. ;DAMASCENO, RAFAELLA G.L. ;DE LAZZARI, LARA R.P. ;DEBLE, LEONARDO P. ;DELFINI, CAROLINA ;DELGADO JUNIOR, GEADELANDE C. ;DELGADO'SALINAS, ALFONSO ;DELLA, ALINE P. ;DELPRETE, PIERO G. ;TRIERVEILER'PEREIRA, LARISSA ;DEMATTEIS, MASSIMILIANO ;DETTKE, GRETA A. ;DEVECCHI, MARCELO F. ;DEWES, TALITA S. ;DI MAIO, FERNANDO R. ;DIAS, KAUÊ N.L. ;DIAS, MICHELI C. ;DIAS, PEDRO ;DÍAZ, YANI C.A. ;DITTRICH, VINÍCIUS A.O. ;WALTER, BRUNO M.T. ;DOMÍNGUEZ, YOANNIS ;DÓREA, MARCOS C. ;DORNELES, MARIANE P. ;DRESSLER, STEFAN ;DUARTE, MARILIA C. ;DURAN, JUAN D.T. ;DUTILH, JULIE H.A. ;DUTRA, LETÍCIA'L. ;DUTRA, VALQUÍRIA F. ;ECHTERNACHT, LIVIA ;ZIMBRÃO, GERALDO ;EGGERS, LILIAN ;ERKENS, ROY H.J. ;ESLABÃO, MARCELO P. ;ESPÍRITO SANTO, FÁBIO S. ;ESSER, HANS'JOACHIM ;ESSI, LILIANA ;ESTEVES, GERLENI'L. ;ESTEVES, ROBERTO'L. ;EVERLING, JOEL F. ;EZCURRA, CECILIA ;FORZZA, RAFAELA C. ;FACCO, MARLON G. ;FADER, ANDREA A.C. ;FALCÃO, MARCUS J.A. ;FANTECELLE, LAURA B. ;FARCO, GABRIELA E. ;FARIA, ALLAN'L.A. ;FARIA, ANA P.G. ;FARIA, APARECIDA D. ;FARIA, MARIA T. ;FARIA, JAIR ;ABREU, FERNANDA P. ;FARIAS, SABRINA Q. ;FARIAS'SINGER, ROSANA ;FARINACCIO, MARIA A. ;FERNANDES, ANA C. ;FERNANDES, FERNANDO ;FERNANDES, JOSÉ M. ;FERNANDES, ROZIJANE S. ;FERNANDES, THIAGO ;FERNANDES, ULISSES G. ;FERNANDES, ALUISIO J. ;BARBOSA, MARIA REGINA V. ;ABREU, MARIA C. ;FERNANDO, EMANOEL M.P. ;FERREIRA, CARLOS D.M. ;FERREIRA, FABRÍCIO M. ;FERREIRA, GABRIEL E. ;FERREIRA, JOÃO P.R. ;FERREIRA, PRISCILA P.A. ;FERREIRA, SILVANA C. ;FERRUCCI, MARÍA S. ;FIASCHI, PEDRO ;FIDANZA, KARINA ;ABREU, VANESSA H.R. ;FILGUEIRAS, TARCISO S. ;FIRETTI, FABIANA ;FLEISCHMANN, ANDREAS ;FLORENTÍN, JAVIER E. ;FLORENTÍN, MARIELA N. ;FLORES, ANDRÉIA S. ;FLORES, JERÔNIMO M.M. ;FLORES, THIAGO B. ;FONSECA, LUIZ H.M. ;FONTELAS, JEAN C. ;ACUÑA'CASTILLO, RAFAEL ;FONTELLA'PEREIRA, JORGE ;FORSTER, WELLINGTON ;FRAGA, CLAUDIO N. ;FRAGA, FERNANDA R.M. ;FRAGA, SANTIAGO ;FRANÇA, FLÁVIO ;FRANÇA, JULIANA R.K.G. ;FRANCISCO, JÉSSICA N.C. ;FREIRE'FIERRO, ALINA ;FREITAS, FERNANDA S. ;AFONSO, EDGAR A.L. ;FREITAS, JOELCIO ;FREITAS, MARIA F. ;FRITSCH, PETER ;FUNEZ, LUÍS A. ;FURTADO, SAMYRA G. ;GAEM, PAULO H. ;GAGLIOTI, ANDRÉ'L. ;GAGNON, EDELINE ;GAMA, BEATRIZ R.A. ;GARCIA, FLÁVIA C.P. ;AGRA, LEANDRO A.N.N. ;GASPER, ANDRÉ'L. ;GERACE, SAMUELE ;GIACOMIN, LEANDRO'L. ;GIARETTA, AUGUSTO ;GIL, ANDRÉ S.B. ;GISSI, DANILO S. ;GIUFFRE, PAMELA M.W. ;GIULIETTI, ANA M. ;GIUSSANI, LILIANA M. ;GOEBEL, GABRIELA ;AGRA, MARIA F. ;GOES, MONIQUE B. ;GÓES, LUIZ A.A. ;GOLDENBERG, RENATO ;GOMES, BEATRIZ M. ;GOMES, FERNANDA P. ;GOMES, MARIO ;GOMES'KLEIN, VERA'L. ;GONÇALEZ, VICTOR M. ;GONÇALVES, ANA P.S. ;GONÇALVES, DEISE J.P. ;AGUIAR, DANIEL P.P. ;GONELLA, PAULO M. ;GONZAGA, AUGUSTO F.N. ;GONZAGA, DIEGO R. ;GONZÁLEZ, FAVIO ;GONZATTI, FELIPE ;GOUVÊA, YURI F. ;GRAHAM, SHIRLEY A.T. ;GREGÓRIO, BERNARDA S. ;GRINGS, MARTIN ;GROPPO, MILTON ;AIRES, ELISA T. ;GROSSI, MARIANA A. ;GUARÇONI, ELIDIO A.E. ;GUEDES, FELIPE M. ;GUEDES, JULIANA S. ;GUERRA, ETHIÉNE ;GUIMARÃES, ELSIE F. ;GUIMARÃES, LEONARDO R.S. ;GUIMARÃES, PAULO J.F. ;GURGEL, ELY S.C. ;GUTIÉRREZ, DIEGO G. ;ALMEDA, FRANK ;HALL, CLIMBIÊ F. ;HARLEY, RAYMOND M. ;HASSEMER, GUSTAVO ;HATTORI, ERIC K.O. ;HECHENLEITNER, PAULINA ;HEFLER, SONIA M. ;HEIDEN, GUSTAVO ;HENNING, TILO ;HENRIQUES, DIEGO K. ;HENSOLD, NANCY ;ALMEIDA, GRACINEIDE S.S. ;HINOSHITA, LUCAS K.R. ;HIRAI, REGINA Y. ;HIRAO, YASMIN V. ;HIRIART, FLORENCIA D. ;HOPKINS, MICHAEL J.G. ;HOYOS'GÓMEZ, SAÚL E. ;HUAMANTUPA, ISAU ;HURBATH, FERNANDA ;IGANCI, JOÃO R.V. ;ILKIU'BORGES, ANNA'L. ;BAUMGRATZ, JOSÉ FERNANDO A. ;ALMEIDA, MARIANA M. ;IMIG, DANIELA C. ;INÁCIO, CAMILA D. ;INDRIUNAS, ALEXANDRE ;JACQUES, ELIANE'L. ;JACQUES, SUARA S.A. ;JAIMES, JULIANA N. ;JARDIM, JOMAR G. ;JESUS, JÔANE C. ;JESUS, PRISCILA B. ;JIMÉNEZ'MEJÍAS, PEDRO ;ALMEIDA, NICOLLI B.C. ;JOHNSON, DAVID ;JORDÃO, LUCAS S.B. ;JORDÃO, VALNER M.M. ;JORGE, TACIANE S. ;KAEHLER, MIRIAM ;KAMEYAMA, CÍNTIA ;KATAOKA, ERIC Y. ;KESSOUS, IGOR M. ;KILIPPER, JULIA T. ;KINOSHITA, LUIZA S. ;ALMEIDA, RAFAEL F. ;KLEIN, VIVIANE P. ;KLITGAARD, BENTE B. ;KNAPP, SANDRA ;KOCH, ANA K. ;KOCH, INGRID ;KOCHANOVSKI, FÁBIO J. ;KOMINAMI, GABRIEL F.G. ;KONNO, TATIANA U.P. ;KOSCHNITZKE, CRISTIANA ;KOTOVSKI, EMÍLIA R. ;ALMEIDA, ROBERTO B.P. ;KRIEBEL, RICARDO ;KÜLKAMP, JOSIMAR ;LEAL, BRÍGIDA A. ;LEAL, EDUARDO S. ;LEITE, ÁUREA C.F. ;LEITE, WELLERSON P. ;LEITMAN, PAULA M. ;LEWIS, GWILYM P. ;LIMA, ADRIANA Q. ;LIMA, ALEXANDRE G. ;ALMEIDA, THAÍS E. ;LIMA, DUANE F.S. ;LIMA, ELIENE ;LIMA, JESSICA S. ;LIMA, LAÍCE F.G. ;LIMA, LAURA C.P. ;LIMA, LETÍCIA R. ;LIMA, LUCAS V. ;LIMA, LUIS F.P. ;LIMA, RITA B. ;LIMA, VANESSA'L. ;ALMEIDA, EDUARDO B. ;LINK'PEREZ, MELANIE ;LIRIO, ELTON J. ;LOBÃO, ADRIANA Q. ;LOEUILLE, BENOIT F.P. ;LOIOLA, MARIA I.B. ;LOMBARDI, JULIO A. ;LONGHI'WAGNER, HILDA M. ;LOPES, GABRIEL S.R. ;LOPES, JENIFER C. ;LOPES, LETÍCIA O. ;ALVES, DANIELA M. ;LOPES, RAIMUNDO ;LOPES, ROSANA C. ;LÓPEZ, MARIA G. ;LORENCINI, TIAGO S. ;LORENZI, HARRI ;LOURENÇO, ANA R.L. ;LOURENÇO, ARTHUR R. ;LOUZADA, RAFAEL B. ;LOVO, JULIANA ;LOZANO, EDUARDO D. ;ALVES, FLÁVIO M. ;LUBER, JAQUELINI ;LUCAS, DIÓBER B. ;LUCAS, EVE J. ;LÜDTKE, RAQUEL ;LUEBERT, FEDERICO ;LUIZI'PONZO, ANDREA P. ;LUNA, BRUNA N. ;LUNA, NAÉDJA K.M. ;LUZ, CÍNTIA'L.S. ;MACHADO, ANDERSON F.P. ;ALVES, KARINA N.L. ;MACHADO, EVANDRO P. ;MACHADO, TALITA M. ;MACIEL, JEFFERSON R. ;MACIEL, SEBASTIÃO ;MAGALHÃES, RODRIGO A. ;MAGENTA, MARA A.G. ;MAIA, TALITA A. ;MAMEDE, MARIA C.H. ;MARCHIORETTO, MARIA S. ;MARGALHO, LUCIANO F. ;ALVES, MARIA B.B. ;MARINHO, LUCAS C. ;MARQUES, DANILO ;MARQUETE, RONALDO ;MARRA, RAQUEL C. ;MARTINS, ANGELA B. ;MARTINS, MÁRCIO'L.L. ;MARTINS, MARCOS B.S. ;MARTINS, MILENA V. ;MARTINS, RENATA C. ;MARTINS, SUZANA E. ;BICUDO, CARLOS E.M. ;ALVES, RODOLFO F. ;MASSON, VICTÓRIA ;MATIAS, LIGIA Q. ;MATOS, AGNES M.M.V. ;MATOS, ANDREZA O. ;MATOS, FERNANDO B. ;MATOZINHOS, CAROLINA N. ;MATTOS, CILENE M.J. ;MATTOS, LETICIA ;MATZENAUER, WILLIAM ;MAUAD, ANNA V.S.R. ;AMARAL, MARIA C.E. ;MAYA'LASTRA, CARLOS A. ;MAYO, SIMON J. ;MAZINE, FIORELLA F. ;MEDEIROS, DÉBORA ;MEDEIROS, ERIKA V.S.S. ;MEDEIROS, HERISON ;MEDEIROS, MARIA C.M.P. ;MEEROW, ALAN W. ;MEIRELES, JOSE E. ;MEIRELES, LEONARDO D. ;AMARAL, ANDRÉ L.S. ;MEIRELLES, JULIA ;MELCHOR'CASTRO, BRIGGITTHE ;MELLO, ZELIA R. ;MELLO'SILVA, RENATO ;MELO, ANDRÉ'L. ;MELO, CAIO V.V.D. ;MELO, EFIGENIA ;MELO, JOSÉ I.M. ;MENDES, JONE C.R. ;MENDES, MARIA C.Q. ;AMÉLIO, LEANDRO A. ;MENDES'SILVA, INGRID ;MENEGUZZO, THIAGO E.C. ;MENEZES, CRISTINE G. ;MENEZES, FELIPE G.P. ;MENINI NETO, LUIZ ;MENTZ, LILIAN A. ;MESQUITA, ANTÔNIO'L. ;MESSIAS, PATRÍCIA A. ;MEZZONATO'PIRES, ANA C. ;MICHELANGELI, FABIÁN A. ;AMORIM, ANDRÉ M.A. ;MIGUEL, JOÃO R. ;MIGUEL, LAILA M. ;MILWARD'DE'AZEVEDO, MICHAELE A. ;MIOTTO, SILVIA T.S. ;MIRANDA, CECÍLIA V. ;MIRANDA, VITOR F.O. ;MITCHELL, JOHN D. ;MOLINA, JOSÉ M.P. ;MONDIN, CLÁUDIO A. ;MONGE, MARCELO ;AMORIM, BRUNO S. ;MONTEIRO, DANIELE ;MONTEIRO, FERNANDA K.S. ;MONTEIRO, RAQUEL F. ;MONTEIRO, SILVANA H.N. ;MONTEIRO, THIAGO C. ;MONZOLI, JOÃO V.L. ;MOORE, PALOMA G.P. ;MORA, MARTHA M. ;MORAES, MARTA D. ;MORAES, MÓNICA R. ;AMORIM, EDUARDO T. ;MORALES, JUAN F. ;MORALES, MATÍAS ;MORAN, ROBBIN C. ;MOREIRA, ANDRÉ'L.C. ;MOREIRA, ANDRÉIA D.R. ;MOREIRA, ARIANE S. ;MOREIRA, BIANCA A. ;MOREIRA, GISELLE'L. ;MOREIRA, KASSIO V.C. ;MOREIRA, PABLO F.F. ;AMORIM, VIVIAN O. ;MOROKAWA, ROSEMERI ;MORONI, PABLO ;MOTA, ALINE C. ;MOTA, MICHELLE C.A. ;MOTA, NARA F.O. ;MOURA, BERYL E.L. ;MOURA, INGRIDY O. ;MOURA, LUÍZA C. ;MOURA, RICARDO'L. ;MOURA, TANIA M. ;ANDRADE, IVANILZA M. ;MUNDIM, JÚLIA V. ;MUNIZ, FRANCISCA H. ;MUNIZ, LETICIA N. ;MUNIZ FILHO, EDUARDO ;MYNSSEN, CLAUDINE M. ;NAKAJIMA, JIMI N. ;NASCIMENTO, JANAINA G.A. ;NASCIMENTO, JOSÉ E. ;NASCIMENTO, SILVIA M. ;NEPOMUCENO, FRANCISCO A.A. ;ANDRADE, RAY S. ;NERVO, MICHELLE H. ;NERY, EDUARDO K. ;NEVES, BEATRIZ ;NÓBREGA, GISELI A. ;NOGUEIRA, MATHEUS G.C. ;NUNES, ANNELISE F. ;NUNES, CLEBIANA S. ;NUNES, TEONILDES S. ;OELLGAARD, BENJAMIN ;O'LEARY, NATALY ;CAVALCANTI, TACIANA B. ;ANDRÉ, THIAGO ;OLIVEIRA, ADRIANA'L.R. ;OLIVEIRA, ANA C.S. ;OLIVEIRA, ANDREZA G.S. ;OLIVEIRA, ARON B. ;OLIVEIRA, BÁRBARA A. ;OLIVEIRA, CAETANO T. ;OLIVEIRA, FERNANDA M.C. ;OLIVEIRA, FILIPE G.A. ;OLIVEIRA, GLEISON S. ;OLIVEIRA, GUSTAVO R. ;ANDREATA, REGINA H.P. ;OLIVEIRA, HERMESON C. ;OLIVEIRA, IASMIN'L.C. ;OLIVEIRA, JOÉSILI C.P. ;OLIVEIRA, JOSÉ F.C. ;OLIVEIRA, JULIANA A. ;OLIVEIRA, JULIANA R.P.M. ;OLIVEIRA, LETICIA G.R. ;OLIVEIRA, LILIAN F.A. ;OLIVEIRA, LORENA C. ;OLIVEIRA, LUCIANA S.D. ;ANDRINO, CAROLINE O. ;OLIVEIRA, MARCIA C.R. ;OLIVEIRA, MÁRCIO'L.B. ;OLIVEIRA, MARCOS G.M. ;OLIVEIRA, MARISE H.V. ;OLIVEIRA, MARLA I.U. ;OLIVEIRA, REGINA C. ;OLIVEIRA, RENATA S. ;OLIVEIRA, REYJANE P. ;OLIVEIRA, RODRIGO C.G. ;OLIVEIRA, SYLVIA M. ;ÂNGULO, MARÍA B. ;OLIVEIRA, YKARO R. ;ORLANDINI, PRISCILA ;ORSOLANO, GUILHERME N. ;PACÍFICO, RICARDO ;PAGLIA, ISIS ;PAIVA, GABRIELLE C.P. ;PAIXÃO, LILIANE C. ;PASTORE, JOSÉ F.B. ;PASTORE, MAYARA ;PASTORI, TAMARA ;ANJOS, CASSIANE B. ;PAUCAR, JENNY O.A. ;PAULA'SOUZA, JULIANA ;PEDERNEIRAS, LEANDRO C. ;PEICHOTO, MYRIAM C. ;PEIXOTO, ARIANE'L. ;PELL, SUSAN K. ;PELLEGRINI, MARCO O.O. ;PENA, NELSON T.L. ;PENNINGTON, RICHARD T. ;PEREIRA, AMANDA P.N. ;ANTAR, GUILHERME M. ;PEREIRA, ANDREZA S.S. ;PEREIRA, JOVANI B.S. ;PEREIRA, MARIA S. ;PEREIRA, PAULO E.E. ;PEREIRA, SIDNEY S. ;PEREIRA'SILVA, RAFAELA A. ;PEREZ, ANA P.F. ;PESSOA, CLEITON S. ;PESSOA, CLENIA S. ;PESSOA, EDLLEY M. ;ANTONICELLI, MIRIAN C.A. ;PESSOA, MARIA C.R. ;PETRONGARI, FERNANDA S. ;PHILBRICK, THOMAS C. ;PIGNAL, MARC ;PIMENTA, KARENA M. ;PINTO, RAFAEL B. ;PIONER, NATÁLIA C. ;PIRANI, JOSÉ R. ;PIZZARDO, RAQUEL C. ;PLOS, ANABELA ;ANTUNES, LORENA'L.C. ;PONCE, MARTA M. ;PONTES, JULIANA S. ;PONTES, RICARDO A.S. ;PONTES, TIAGO A. ;PONTES'PIRES, ALINE F. ;POTT, VALI J. ;PRADO, THAINÁ C. ;PRAIA, TALITA S. ;PRANCE, GHILLEAN T. ;PRANGE, CAROLINA K. ;AONA, LIDYANNE Y.S. ;PRATA, ANA P.N. ;PROCHAZKA, LUANA S. ;PROENÇA, CAROLYN E.B. ;PRUDÊNCIO, RENATO X.A. ;PSCHEIDT, ALLAN C. ;QUARESMA, ACLEBIA A. ;QUARESMA, ALINE S. ;QUEIROZ, GEORGE A. ;QUEIROZ, LUCIANO P. ;QUEIROZ, RUBENS T. ;ARANA, MARCELO D. ;QUINET, ALEXANDRE ;RAMOS, ELIANA ;RAMOS, GERALDO J.P. ;RANDO, JULIANA G. ;REBOUÇAS, NATANAEL C. ;REGINATO, MARCELO ;REIS, MIGUEL M.R. ;REIS, PRISCILA A. ;REIS'SILVA, GENILSON A. ;RIBAS, OSMAR S. ;COELHO, MARCUS A.N. ;ARANHA, JOÃO L.M. ;RIBEIRO, ANDRÉ R.O. ;RIBEIRO, CAROLINA'L. ;RIBEIRO, JOSÉ E.L.S. ;RIBEIRO, MICHEL ;RIBEIRO, PÉTALA G. ;RIBEIRO, RAYANE T.M. ;RIBEIRO, RICARDO S. ;RIBEIRO, ROGÉRIO N. ;RIINA, RICARDA ;RITTER, MARA R. ;ARAÚJO, ANDERSON G.A. ;RIVADAVIA, FERNANDO ;RIVERA, VANESSA'L. ;RIZZO, BEATRIZ D. ;ROCHA, ANTÔNIO E.S. ;ROCHA, LAMARCK ;ROCHA, MARIA J.R. ;RODRIGUES, CARINE M. ;RODRIGUES, CHRISTCHELLYN K. ;RODRIGUES, IZABELLA M.C. ;RODRIGUES, MARIANNA C. ;ARAUJO, ANDRÉA O. ;RODRIGUES, RODRIGO SAMPAIO ;RODRIGUES, RODRIGO SCHÜTZ ;RODRÍGUEZ, JUAN F.C. ;RODRÍGUEZ, PEDRO A. ;ROLLIM, ISIS M. ;ROMANINI, REBECA P. ;ROMÃO, GERSON O. ;ROMÃO, MARCOS V.V. ;ROMERO, MARÍA F. ;ROMERO, ROSANA ;ARAÚJO, CAMILA C. ;ROSA, BÁRBARA R. ;ROSA, PATRÍCIA ;ROSA, PRISCILA O. ;ROSÁRIO, ALESSANDRO S. ;ROSSA, IAGO M. ;ROSSETTO, ELSON F.S. ;ROSSI, LUCIA ;ROSSINI, JOSIENE ;ROYER, CARLA A. ;RUA, GABRIEL H. ;ARAUJO, CINTIA A.T. ;SÁ, CYL F.C. ;SAAVEDRA, MARIANA M. ;SAKA, MARIANA N. ;SAKURAGUI, CASSIA M. ;SALAS, ROBERTO M. ;SALES, MARGARETH F. ;SALGADO, VANINA G. ;SALIMENA, FÁTIMA R.G. ;SALINO, ALEXANDRE ;SALVADOR, RAFAEL B. ;ARAUJO, FLÁVIA M. ;SAMPAIO, DANIELA ;SANCHO, GISELA ;SANO, PAULO T. ;SANTANA, JÉSSICA C.O. ;SANTANA, KAROLINE C. ;SANTANA, MARIANA H. ;SANTIAGO, AUGUSTO C.P. ;SANTOS, ALESSANDRA ;SANTOS, AMANDA P.B. ;SANTOS, ANA C.A.S. ;ARAÚJO, MÁRIO H.T. ;SANTOS, ANDREA K.A. ;SANTOS, CARLOS A.G. ;SANTOS, EMANUELLE'L. ;SANTOS, FELIPE S. ;SANTOS, FERNANDA B. ;SANTOS, JOÃO U.M. ;SANTOS, KARIN ;SANTOS, LEIDIANA'L. ;SANTOS, MATHEUS F. ;SANTOS, OTILENE A. ;ARBO, MARIA M. ;SANTOS, RAFAELA F. ;SANTOS, RENATA G.P. ;SANTOS, THAÍLA V.A. ;SANTOS, THIAGO F. ;SANTOS, VANESSA T. ;SANTOS'SILVA, FERNANDA ;SANTOS'SILVA, JULIANA ;SÃO'MATEUS, WALLACE M.B. ;SARAIVA, DEISY P. ;SARKINEN, TIINA ;ARNOU, EMILY S. ;SARTORI, ÂNGELA'L.B. ;SASSONE, AGOSTINA B. ;SAUTHIER, LUANA J. ;SCALON, VIVIANE R. ;SCATIGNA, ANDRÉ V. ;SCHAEFER, JULIANA ;SCHEIDEGGER, NAJLA M.B. ;SCHLIEWE, MARCOS A. ;SCHMIDT, EDUARD D.L. ;SCHNEIDER, ANGELO A. ;ASPRINO, RENATA C. ;SCHNEIDER, LAYLA J.C. ;SCHUETTPELZ, ERIC ;SCHWARTSBURD, PEDRO B. ;SCHWARZ, ELIZABETH A. ;SCUDELER, ANA'L. ;SEBASTIANI, RENATA ;SECCO, RICARDO S. ;SECRETTI, ELISANGELA ;SEGALLA, ROSANE ;SELEME, ELIDIENE P. ;COSTA, ANDREA F. ;ASSIS, FRANCINE C. ;SEMIR, JOÃO ;SENNA, LUISA R. ;SETUBAL, ROBBERSON B. ;SHIMIZU, GUSTAVO H. ;SHIRASUNA, REGINA T. ;SILVA, ADAÍSES S.M. ;SILVA, ALINE V.M. ;SILVA, AMANDA'L. ;SILVA, ANÁDRIA S. ;SILVA, CAROLINE C.A. ;ASSIS, LEANDRO C.S. ;SILVA, CASSIO R. ;SILVA, CHRISTIAN ;SILVA, CINTIA V. ;SILVA, DIEGO N. ;SILVA, DILANA F. ;SILVA, FABIO A. ;SILVA, FERNANDA O. ;SILVA, FRANCISMEIRE B. ;SILVA, GABRIEL B. ;SILVA, GLEDSON J. ;ASSIS, MARTA C. ;SILVA, GUILHERME S. ;SILVA, GUSTAVO H.L. ;SILVA, JOÃO P.S. ;SILVA, JULIANA'L. ;SILVA, JULIENE F.M. ;SILVA, LEONARDO N. ;SILVA, LUCAS V. ;SILVA, LUCIANA P. ;SILVA, LUIZA N. ;SILVA, MÁRCIO A. ;ATHAYDE FILHO, FRANCISCO ;SILVA, MARCIO R.P. ;SILVA, MARCOS J. ;SILVA, MARCUS F.O. ;SILVA, MARIA'L.B. ;SILVA, MARIA S.D. ;SILVA, NILDA M.F. ;SILVA, OTÁVIO'L.M. ;SILVA, RAFAEL C. ;SILVA, RAPHAEL ;SILVA, RENATA S.A. ;ATHIÊ'SOUZA, SARAH M. ;SILVA, RENATO R. ;SILVA, RONALDO V. ;SILVA, SAURA R. ;SILVA, SUELMA R. ;SILVA, TÂNIA R.S. ;SILVA, TATIANE S. ;SILVA, THAYNARA S. ;SILVA, WANDERSON'L.S. ;SILVA FILHO, PEDRO J.S. ;SILVA'CASTRO, MILENE M. ;AZEVEDO, IGOR H.F. ;SILVA'COBRA, GISELE O. ;SILVA'GONÇALVES, KELLY C. ;SILVEIRA, FERNANDA S. ;SILVEIRA, JOÃO B. ;SILVEIRA, THAMYRES C. ;SIMÃO'BIANCHINI, ROSANGELA. ;SIMÕES, ANA R. ;SIMÕES, ANDRÉ O. ;SIMON, MARCELO F. ;SINISCALCHI, CAROLINA M. ;BACCI, LUCAS F. ;SIQUEIRA, CARLOS E. ;SMIDT, ERIC C. ;SMITH, ALAN R. ;SMITH, NATHAN P. ;SNAK, CRISTIANE ;SOARES, ABEL E.R. ;SOARES, ARTHUR S. ;SOARES, EDSON'L.C. ;SOARES, KELEN P. ;SOARES, LUANDA P. ;BARBOSA, CAMILO V.O. ;SOARES, MARCOS V.B. ;SOARES, MARIA'L.C. ;SOARES, POLYANA N. ;SOARES, RAIMUNDO ;SOBRADO, SANDRA V. ;SOBRAL, MARCOS ;SOMNER, GENISE V. ;SOTHERS, CYNTHIA ;SOUSA, ANA A.C. ;SOUSA, DANILO J.L. ;BARBOSA, JULIANA F. ;SOUSA, FRANCISCO S. ;SOUSA, GARDENE M. ;SOUSA, HIAN C.F. ;SOUSA, LEANDRO O.F. ;SOUSA, MAYCO W.S. ;SOUSA, VALDECI F. ;SOUZA, ALINE M. ;SOUZA, BRUNO P. ;SOUZA, ELNATAN B. ;SOUZA, ÉLVIA R. ;BARBOSA'SILVA, RAFAEL G. ;SOUZA, FILIPE S. ;SOUZA, LUZIA F. ;SOUZA, MARCELO C. ;SOUZA, MARIA A.D. ;SOUZA, RAQUEL M.B.S. ;SOUZA, VINICIUS C. ;SOUZA'BUTURI, FÁTIMA O. ;SPINA, ANDRÉA P. ;STADNIK, ALINE M.S. ;STAGGEMEIER, VANESSA G. ;COSTA, DENISE P. ;BARCELLOS, IAN C. ;STAPF, MARÍA N.S. ;STEFANO, RODRIGO D. ;STERN, STEPHEN ;STREHER, NATHÁLIA S. ;SUCHORONCZEK, ANDRÉIA ;SUNDUE, MICHAEL ;TAKEUCHI, CÁTIA ;TARDIVO, ROSÂNGELA C. ;TAYLOR, NIGEL P. ;TEIXEIRA, MICHELLA D.R. ;BARBOZA, GLORIA E. ;TELES, ARISTÔNIO M. ;TEMPONI, LIVIA G. ;THODE, VERÔNICA A. ;THOMAS, WILLIAM W. ;TIERNO, LORENA R. ;TISSOT'SQUALLI, MARA ;TOLEDO, CÁSSIO A.P. ;TORKE, BENJAMIN M. ;TORRES, ALICIA M. ;TORRES, DANIELA S.C. ;BARCELOS, FLÁVIA R.B. ;TORRES'LEITE, FILIPE ;TOZZI, ANA M.G.A. ;TRAD, RAFAELA J. ;TREVISAN, RAFAEL ;TROVÓ, MARCELO ;TULER, AMÉLIA C. ;TYRRELL, CHRISTOPHER ;UDULUTSCH, RENATA G. ;URIBBE, FERNANDO P. ;VAHL, DAIANE R. ;BARCELOS, LAÍSA B. ;VALADARES, RODRIGO T. ;VALDEMARIN, KARINNE S. ;VALDUGA, EDUARDO ;VALENTE, EMILIA B. ;VALLS, JOSE F.M. ;VAN DEN BERG, CÁSSIO ;VASCONCELOS, LIZIANE V. ;VASCONCELOS, THAÍS N.C. ;VASQUES, DIEGO T. ;VAZ, ANGELA M.S.F. ;BARRETO, KAMILLA'L. ;VERSIANE, ANA F.A. ;VERSIEUX, LEONARDO M. ;VIA DO PICO, GISELA M. ;VIANA, PEDRO'L. ;VIANNA, SUELEN A. ;VIANNA FILHO, MARCELO D.M. ;VIDAL, KAIO V.A. ;VIDAL, JOÃO D. ;VIEIRA, FÁBIO C.S. ;VIEIRA, JAQUELINE A. ;BARROS, FÁBIO ;VIEIRA, JOÃO P.S. ;VIEIRA, LUCAS'L.A. ;VIEIRA, TAMARA A.F. ;VIEIRA, TIAGO'L. ;VIERA'BARRETO, JÉSSICA N. ;VIGNOLI'SILVA, MÁRCIA ;VILAS BÔAS'BASTOS, SILVANA B. ;VILLARREAL, JUAN C. ;VINCENT, MICHAEL A. ;VITA, MARCELA D. ;BARROS, THAMIRES'L.A. ;VITTA, FABIO A. ;VIVEROS, RAQUEL S. ;VIVIURKA, FERNANDA ;VOGEL ELY, CLEUSA ;VOLET, DANILO P. ;VÖLTZ, RAFAEL R. ;WALLNÖFER, BRUNO ;WANDERLEY, MARIA G.L. ;WATANABE, MAURICIO T.C. ;WEBER, PHILIPY A.P. ;BARROS'BARRETO, MARIA B.B. ;WEIGEND, MAXIMILIAN ;WELKER, CASSIANO A.D. ;WINDISCH, PAULO G. ;YOSHIKAWA, VANIA N. ;ZAMENGO, HENRIQUE B. ;ZANATTA, MARIA R.V. ;ZANNIN, ANA ;ZAPPI, DANIELA C. ;ZEFERINO, LAÍS C. ;ZELENSKI, ANDRÉIA ;BASTOS, CID J.P. ;ZULOAGA, FERNANDO O. ;ZUNTINI, ALEXANDRE R. ;BASTOS, CLÁUDIA A.",,2017.0
2007,2011.0,2013.0,2015.0,2017.0,,223,Botânica,,GROWING KNOWLEDGE: AN OVERVIEW OF SEED PLANT DIVERSITY IN BRAZIL,2015,,10.1590/2175-7860201566411,Rodriguésia (Online),21757860,66,,4,1085,1113,,"BFG - The Brazil Flora Group ;LOZANO, E. D.",,2017.0
2011,2013.0,2018.0,2020.0,,,367,Zoologia,,"NEW RECORD OF PSILOPS PAEMINOSUS (RODRIGUES, 1991) (SQUAMATA: GYMNOPHTHALMIDAE) FROM SOUTH-CENTRAL BAHIA STATE, BRAZIL",2018,,,HERPETOLOGY NOTES,20715773,11,,,495,497,,"MACEDO, E. F. ;MENDES, C. V. M. ;PENDU, Y. L.",,2022.0
2010,2014.0,2018.0,2020.0,2020.0,,267,Ecologia,,"PEQUENOS MAMIFEROS DO PARQUE URBANO DO INSTITUTO BUTANTAN, SAO PAULO, BRASIL",2020,,,BOLETIM DA SOCIEDADE BRASILEIRA DE MASTOZOOLOGIA,18080413,88,,2020-08-01 00:00:00,29,35,,"LIMA-SANTOS, J. ;SOUZA, E.;SOUZA, ELETRA;DE SOUZA, E.;DE SOUZA, ELETRA ;VIANA, A. O. ;HINGST-ZAHER, E.",,2020.0
2010,2014.0,2018.0,2020.0,2020.0,,267,Ecologia,,REPRODUCTION IN THE BUSHMASTER ( LACHESIS MUTA ): UTERINE MUSCULAR COILING AND FEMALE SPERM STORAGE,2020,,10.1111/azo.12369,ACTA ZOOLOGICA ONLINE,14636395,2020,,,1,12,,"SOUZA, ELETRA ;ALMEIDA'SANTOS, SELMA MARIA",,2020.0
2010,2014.0,2018.0,2020.0,2020.0,,267,Ecologia,,WHEN MISINTERPRETATION LEADS TO SEXISM: PERSPECTIVESON GENDER DISPARITY IN BRAZILIAN HERPETOLOGY,2020,,,HERPETOLOGIA BRASILEIRA,23164670,9,,3,86,,,"DIELE-VIEGAS, L. M. ;FENKER, J. ;FREIRE, E. M. X. ;IOP, S. ;LUCAS, E. M. ;MONGIN-AQUINO, M. ;MONTEIRO, J. P. C. ;MONTESINOS, R. ;MORCATTY, T. Q. ;NASCIMENTO, L. B. ;OSWALD, C. B. ;ARAUJO, O. G. S. ;PIRANI, R. M. ;PRETTE, A. C. H. ;RAMALHO, Q. ;SOUZA, E.;SOUZA, ELETRA;DE SOUZA, E.;DE SOUZA, ELETRA ;TARGINO, M. ;THOME, M. T. C. ;VASCONCELOS, B. D. ;VASCONCELLOS, M. M. ;WERNECK, F. P. ;WIEDERHECKER, H. C. ;BERNECK, B. V. M. ;WINCK, G. R. ;ZINA, J. ;LOURENCO, A. C. C. ;BRASILEIRO, C. A. ;BRITO, E. S. ;BRUNES, T. O. ;CONDEZ, T. H. ;COSTA, L. C. ;DIAS-SILVA, F.",,2020.0
2010,2014.0,2018.0,2020.0,2020.0,,267,Ecologia,,OPHIOPHAGY IN BRAZILIAN BIRDS: A CONTRIBUTION FROM A COLLABORATIVE PLATFORM OF CITIZEN SCIENCE,2022,,10.1007/s43388-022-00082-5,Ornithology Research,2662673X,2022,,,1,10,,"DE SOUZA, ELETRA ;LIMA-SANTOS, JADE ;ENTIAUSPE-NETO, OMAR M. ;DOS SANTOS, MATHEUS M. ;DE MOURA, PAULO R. ;HINGST-ZAHER, ERIKA",,2020.0
2010,2014.0,2018.0,2020.0,2020.0,,267,Ecologia,,MATING UP IN THE TREES: A NEW REPRODUCTIVE BEHAVIOUR IN BOTHROPS JARARACA,2021,,,HERPETOLOGY NOTES,20715773,14,,2021,1199,1202,,"COSTA, B. M. ;SOUZA, E. ;ALMEIDA-SANTOS, S.M.",,2020.0
2012,2016.0,2016.0,2018.0,2019.0,,368,Zoologia,,"BUTTERFLIES OF AMAZON AND CERRADO REMNANTS OF MARANHAO, NORTHEAST BRAZIL",2017,,10.1590/1676-0611-bn-2017-0335,Biota Neotropica,16760603,17,,3,1,11,,"MARTINS, L,P ;ARAUJO JUNIOR, E. C. ;MARTINS, A. R. P. ;COLINS, M. S. ;ALMEIDA, G. C. F. ;AZEVEDO, G,G",,2019.0
2012,2016.0,2016.0,2018.0,2019.0,,368,Zoologia,,SPECIES DIVERSITY AND COMMUNITY STRUCTURE OF FRUIT-FEEDING BUTTERFLIES (LEPIDOPTERA: NYMPHALIDAE) IN AN EASTERN AMAZONIAN FOREST,2017,,10.11606/0031-1049.2017.57.38,PAPÉIS AVULSOS DE ZOOLOGIA (ONLINE),18070205,57,,38,481,489,,"MARTINS, L,P ;ARAUJO JUNIOR, E. C. ;MARTINS, A. R. P. ;DUARTE, M. ;AZEVEDO, G,G",,2019.0
2012,2016.0,2016.0,2018.0,2019.0,,368,Zoologia,,"COMPARATIVE MORPHOLOGY AND REDESCRIPTION OF FIVE SPECIES OF THEAGES WALKER (LEPIDOPTERA, EREBIDAE, ARCTIINAE, ARCTIINI, CTENUCHINA), WITH NEW DISTRIBUTION RECORDS AND A NEW COMBINATION FOR THE GENUS",2019,,10.1016/j.jcz.2019.02.001,ZOOLOGISCHER ANZEIGER,445231,279,,,172,184,,"ARAUJO, ELIAS C. ;PINHEIRO, LÍVIA R. ;DUARTE, MARCELO",,2019.0
2012,2016.0,2016.0,2018.0,2019.0,,368,Zoologia,,"COMPARATIVE MORPHOLOGY AND TAXONOMY OF THE TIGER MOTH GENUS EPANYCLES BUTLER (LEPIDOPTERA, EREBIDAE, ARCTIINAE, ARCTIINI, CTENUCHINA), WITH NOTES ON RELATED GENERA",2019,,10.11646/zootaxa.4613.1.12,ZOOTAXA (ONLINE),11755334,4613,,1,187,199,,"ARAUJO, ELIAS C. ;PINHEIRO, LÍVIA R. ;DUARTE, MARCELO",,2019.0
2012,2016.0,2016.0,2018.0,2019.0,,368,Zoologia,,"TAXONOMIC NOTES AND A NEW SPECIES OF EPISCEPSIS BUTLER, 1877 (LEPIDOPTERA, EREBIDAE, ARCTIINAE, ARCTIINI, CTENUCHINA)",2017,,,ZOOTAXA,11755326,4635,,2,231,240,,"PINHEIRO, LÍVIA R. ;ARAUJO JUNIOR, E. C.",,2019.0
2012,2016.0,2016.0,2018.0,2019.0,,368,Zoologia,,"TEMPORAL DISTRIBUTION OF FRUIT-FEEDING BUTTERFLIES (LEPIDOPTERA, NYMPHALIDAE) IN THE EASTERN EXTREME OF THE AMAZON REGION",2020,,10.1590/1809-4392201901261,ACTA AMAZONICA,18094392,50,,1,12,23,,"ARAUJO, ELIAS DA COSTA ;MARTINS, LUCAS PEREIRA ;DUARTE, MARCELO ;AZEVEDO, GISELE GARCIA",,2019.0
2013,2017.0,2017.0,2019.0,2019.0,,331,Genética,,A BRAZILIAN COHORT OF INDIVIDUALS WITH PHELAN-MCDERMID SYNDROME: GENOTYPE-PHENOTYPE CORRELATION AND IDENTIFICATION OF AN ATYPICAL CASE,2019,,10.1186/s11689-019-9273-1,Journal of Neurodevelopmental Disorders,18661955,11,,1,10.1186/s11689,,,"SAMOGY-COSTA, CLAUDIA ISMANIA ;VIBRANOVSKI, MARIA ;KREPISCHI, ANA ;ROSENBERG, CARLA ;PASSOS-BUENO, MARIA RITA ;VARELLA-BRANCO, ELISA ;MONFARDINI, FREDERICO ;FERRAZ, HELEN ;FOCK, RODRIGO AMBRÓSIO ;BARBOSA, RICARDO HENRIQUE ALMEIDA ;PESSOA, ANDRÉ LUIZ SANTOS ;PEREZ, ANA BEATRIZ ALVAREZ ;LOURENÇO, NAILA",,2020.0
2002,2006.0,2017.0,2019.0,,,224,Botânica,,"LATICIFERS IN SAPINDACEAE: STRUCTURE, EVOLUTION AND PHYLOGENETIC IMPORTANCE",2021,,10.3389/fpls.2020.612985,Frontiers in Plant Science,1664462X,11,,,1,24,,"Medina, Maria Camila ;SOUSA-BAENA, MARIANE S. ;Prado, Erika ;ACEVEDO-RODRÍGUEZ, PEDRO ;DIAS, PEDRO ;Demarco, Diego",,2021.0
2011,2016.0,2017.0,2019.0,2020.0,,297,Fisiologia,,"REPTILES EN CORREDORES BIOLOGICOS Y MORTALIDAD POR ATROPELLAMIENTO VEHICULAR EN BARBAS-BREMEN, DEPARTAMENTO DEL QUINDIO, COLOMBIA",2016,,10.18257/raccefyn.334,"REVISTA DE LA ACADEMIA COLOMBIANA DE CIENCIAS EXACTAS, FÍSICAS Y NATURALES",23824980,40,,156,484,,,"LEÓN-YUSTI, MATEO ;GUEVARA-MOLINA, STEFANNY CAROLINE ;VARGAS-SALINAS, FERNANDO",,2020.0
2011,2016.0,2017.0,2019.0,2020.0,,297,Fisiologia,,TERATOHYLA MIDAS (SANTA CECILIA COCHRAN FROG). REPRODUCTIVE BEHAVIOR.,2016,,,HERPETOLOGICAL REVIEW,0018084X,47,,4,12,13,,"DIAZ-RICAURTE, J. C. ;GUEVARA-MOLINA STEFANNY CAROLINE ;DIAZ-MORALES, R. D.",,2020.0
2011,2016.0,2017.0,2019.0,2020.0,,297,Fisiologia,,NYMPHARGUS GRANDISONAE (RED-SPOTTED GLASSFROG): REPRODUCTIVE BEHAVIOUR,2014,,,HERPETOLOGICAL BULLETIN,14730928,128,,128,29,30,,"GUEVARA-MOLINA STEFANNY CAROLINE ;VARGAS-SALINAS, F.",,2020.0
2011,2016.0,2017.0,2019.0,2020.0,,297,Fisiologia,,"NYMPHARGUS GRANDISONAE (COCHRAN Y GOIN, 1970)",2014,,,Catalogo de Anfibios y Reptiles de Colombia,23576324,2,,2,51,55,,"VANEGAS-GUERRERO, J. ;RAMIREZ-CASTANO, V. A. ;GUEVARA-MOLINA, STEFANNY CAROLINE",,2020.0
2011,2016.0,2017.0,2019.0,2020.0,,297,Fisiologia,,COLOSTETHUS FRATERDANIELI (SILVERSTONE 1971),2017,,,Catalogo de Anfibios y Reptiles de Colombia,23576324,3,,2,14,19,,"GUEVARA-MOLINA, STEFANNY CAROLINE ;BENITEZ-CUBILLOS, E. L. ;LONDONO-GUARNIZO, C. A.",,2020.0
2011,2016.0,2017.0,2019.0,2020.0,,297,Fisiologia,,LACHESIS MUTA (LINNAEUS 1766),2017,,,Catalogo de Anfibios y Reptiles de Colombia,23576324,3,,2,20,24,,"DIAZ-RICAURTE, J. C. ;GUEVARA-MOLINA, STEFANNY CAROLINE ;CUBIDES-CUBILLOS, S. D.",,2020.0
2011,2016.0,2017.0,2019.0,2020.0,,297,Fisiologia,,STRABOMANTIS RUIZI (LYNCH 1981),2017,,,Catalogo de Anfibios y Reptiles de Colombia,23576324,3,,2,50,55,,"GUEVARA-MOLINA, STEFANNY CAROLINE ;VELASCO, J. A.",,2020.0
2011,2016.0,2017.0,2019.0,2020.0,,297,Fisiologia,,SACHATAMIA OREJUELA,2018,,,Catalogo de Anfibios y Reptiles de Colombia,23576324,4,,2,68,72,,"GUEVARA-MOLINA ESTEFANY CAROLINE ;GARCIA, M. A. R.",,2020.0
2011,2016.0,2017.0,2019.0,2020.0,,297,Fisiologia,,BOTHROPS ATROX,2018,,,Catalogo de Anfibios y Reptiles de Colombia,23576324,4,,3,7,23,,"QUINONES-BETANCOURT, E. ;DIAZ-RICAURTE, J. C. ;ANGARITA-SIERRA, T. ;GUEVARA-MOLINA ESTEFANY CAROLINE ;DIAZ-MORALES, R. D.",,2020.0
2011,2016.0,2017.0,2019.0,2020.0,,297,Fisiologia,,OVIPOSITION SITE PREFERENCE AND REPRODUCTIVE ECOLOGY OF TERATOHYLA MIDAS (ANURA: CENTROLENIDAE) IN THE COLOMBIAN AMAZON.,2019,,,Journal of Natural History,14645262,53,,29,1811,1822,,"DIAZ-RICAURTE, J. C. ;GUEVARA-MOLINA ESTEFANY CAROLINE ;Serrano F",,2020.0
2011,2016.0,2017.0,2019.0,2020.0,,297,Fisiologia,,"PREDATION ON THE LESSER TREEFROG DENDROPSOPHUS MINUTUS (PETERS, 1872) (ANURA: HYLIDAE) BY LETHOCERUS SP. WATER BUGS (HEMIPTERA: BELOSTOMATIDAE) IN SAO PAULO, BRAZIL",2019,,,HERPETOLOGY NOTES,20715773,12,,,913,,,"Serrano F ;DIAZ-RICAURTE, J. C. ;GUEVARA-MOLINA ESTEFANY CAROLINE",,2020.0
2011,2016.0,2017.0,2019.0,2020.0,,297,Fisiologia,,EFFECTS OF DEHYDRATION ON THERMOREGULATORY BEHAVIOR AND THERMAL TOLERANCE LIMITS OF RANA CATESBEIANA ( ),2020,,10.1016/j.jtherbio.2020.102721,JOURNAL OF THERMAL BIOLOGY,3064565,93,,,102721,,,"GUEVARA-MOLINA, ESTEFANY CAROLINE ;GOMES, FERNANDO RIBEIRO ;CAMACHO, AGUSTÍN",,2020.0
2011,2016.0,2017.0,2019.0,2020.0,,297,Fisiologia,,DOES BEHAVIORAL THERMAL TOLERANCE PREDICT DISTRIBUTION PATTERN AND HABITAT USE IN TWO SYMPATRIC NEOTROPICAL FROGS?,2020,,10.1371/journal.pone.0239485,PLoS One,19326203,15,,9,e0239485,,,"DÍAZ-RICAURTE, JUAN C. ;SERRANO, FILIPE C. ;GUEVARA-MOLINA, ESTEFANY CAROLINE ;ARAUJO, CYBELE ;MARTINS, MARCIO",,2020.0
2011,2016.0,2017.0,2019.0,2020.0,,297,Fisiologia,,MORPHOLOGICAL AND MOLECULAR DATA REVEAL NEW COUNTRY RECORDS AND DISTRIBUTION EXTENSIONS OF SOME GLASSFROGS (ANURA: CENTROLENIDAE) FOR COLOMBIA,2020,,,Studies on Neotropical Fauna and Environment,17445140,55,,2,1,,,"DIAZ-RICAURTE, J. C. ;GUEVARA-MOLINA ESTEFANY CAROLINE",,2020.0
2011,2016.0,2017.0,2019.0,2020.0,,297,Fisiologia,,EGG ATTENDANCE BEHAVIOUR OF AN AMAZONIAN POISON FROG AMEEREGA HAHNELI (ANURA: DENDROBATIDAE),2020,,,HERPETOLOGICAL BULLETIN,14730928,153,,77,31,34,,"GARAVITO DAVID, Y. ;GUEVARA-MOLINA ESTEFANY CAROLINE ;DIAZ-RICAURTE, J. C.",,2020.0
2011,2016.0,2017.0,2019.0,2020.0,,297,Fisiologia,,PHENOLOGY AND MORTALITY OF EMBRYOS IN A COLOMBIAN POPULATION OF NYMPHARGUS GRANDISONAE (ANURA: CENTROLENIDAE),2020,,10.11606/issn.2316-9079.v19i2p225-241,PHYLLOMEDUSA,15191397,19,,2,225,241,,"VILLEGAS-MORA, DANIELA ;MUÑOZ-ACEVEDO, SEBASTIAN ;GUEVARA-MOLINA, ESTEFANY CAROLINE ;VARGAS-SALINAS, FERNANDO",,2020.0
2009,2011.0,2014.0,2017.0,2017.0,,225,Botânica,,"CODOMINANT INHERITANCE OF POLYMORPHIC COLOR MUTANT AND CHARACTERIZATION OF A BISEXUAL MUTANT OF GRACILARIA CAUDATA (GRACILARIALES, RHODOPHYTA)",2020,,10.1007/s10811-020-02199-w,JOURNAL OF APPLIED PHYCOLOGY,9218971,32,,6,4385,4398,,"MARCHI, FABIANA ;PLASTINO, ESTELA M.",,2017.0
2009,2011.0,2014.0,2017.0,2017.0,,225,Botânica,,"A SPECIES DILEMMA: UTILIZING BIOLOGICAL SPECIES CONCEPT TO RECONCILE DNA BARCODE AND MORPHOLOGICAL DIVERGENCES FOR HYPNEA PSEUDOMUSCIFORMIS (GIGARTINALES, RHODOPHYTA)",2021,,10.1007/s10811-021-02642-6,JOURNAL OF APPLIED PHYCOLOGY,9218971,,,,,,,"NAUER, FABIO ;MARCHI, FABIANA ;NAVES, MATHEUS ;PLASTINO, ESTELA MARIA ;OLIVEIRA, MARIANA CABRAL",,2017.0
2013,2018.0,2018.0,2020.0,2021.0,,332,Genética,,"CYTOMOLECULAR ANALYSIS OF THE MALE SEX CHROMOSOME OF (THUNBERG, 1824) (ORTHOPTERA: ROMALEIDAE)",2018,,10.1111/ens.12338,ENTOMOLOGICAL SCIENCE,13438786,.,,.,ens.12338,,,"BALDISSERA, JOANA NERES CRUZ ;PINE, MARIANA BOZINA ;LOPES, THAYNÁ BISSON FERRAZ ;DIAS, FELIPE CORDEIRO ;DE DOMENICO, FERNANDO CAMPOS ;DA ROSA, RENATA",,2021.0
2013,2018.0,2018.0,2020.0,2021.0,,332,Genética,,"CYTOGENETIC MARKERS APPLIED TO CYTOTAXONOMY IN TWO SOYBEAN PESTS: ANTICARSIA GEMMATALIS (HUBNER, 1818) AND CHRYSODEIXIS INCLUDENS (WALKER, 1858)",2020,,10.1371/journal.pone.0230244,PLoS One,19326203,15,,3,e0230244,,,"MAGALHAES, B. R. ;DA ROSA, RENATA ;DIAS, FELIPE CORDEIRO ;BALDISSERA, JOANA NERES CRUZ ;SOSA-GOMEZ, D. R. ;RINCAO, M. P.",,2021.0
2013,2018.0,2018.0,2020.0,2021.0,,332,Genética,,"GENETIC ANALYSIS IN TWO SPECIES OF LOXA AMYOT & SERVILLE 1843 (PENTATOMIDAE) COLLECTED IN IGUACU NATIONAL PARK (FOZ DO IGUACU, PARANA, BRAZIL)",2020,,10.1007/s42690-020-00265-x,International Journal of Tropical Insect Science (Online),17427592,1,,,https://doi.org,,,"LOPES, THAYNÁ BISSON FERRAZ ;DIAS, FELIPE CORDEIRO ;DA CRUZ BALDISSERA, JOANA NERES ;DA SILVA, CARLOS ROBERTO MAXIMIANO ;FERNANDES, JOSÉ ANTÔNIO MARIN ;DA ROSA, RENATA",,2021.0
2013,2018.0,2018.0,2020.0,2021.0,,332,Genética,,"CHROMOSOMAL DIVERSITY IN THREE SPECIES OF LYCOSA LATREILLE, 1804 (ARANEAE, LYCOSIDAE): INFERENCES ON DIVERSIFICATION OF DIPLOID NUMBER AND SEXUAL CHROMOSOME SYSTEMS IN LYCOSINAE",2022,,10.1590/1678-4685-gmb-2020-0440,GENETICS AND MOLECULAR BIOLOGY (ONLINE VERSION),16784685,45,,1,2020-0440,,,"CAVENAGH, ANALIZA FERNANDA ;RINCÃO, MATHEUS PIRES ;DIAS, FELIPE CORDEIRO ;BRESCOVIT, ANTONIO DOMINGOS ;DIAS, ANA LÚCIA",,2021.0
2014,2019.0,,,2020.0,,298,Fisiologia,,SEX-SPECIFIC SEASONAL BODY MASS VARIATION IN THE PALE-BREASTED THRUSH (TURDUS LEUCOMELAS),2021,,10.1007/s43388-021-00055-0,Ornithology Research,2662673X,29,,2,84,88,,"FLORESTE, FELIPE RANGEL ;BATISTELI, AUGUSTO FLORISVALDO ;PIZO, MARCO AURÉLIO",,2020.0
2010,2014.0,2015.0,2017.0,2019.0,,333,Genética,,A NOVEL NONSENSE MUTATION IN THE TYROSINASE GENE IS RELATED TO THE ALBINISM IN A CAPUCHIN MONKEY (SAPAJUS APELLA),2017,,10.1186/s12863-017-0504-8,BMC GENETICS,14712156,18,,1,1,,,"VASCONCELOS, F. T. G. R.;VASCONCELOS, FELIPE TADEU GALANTE ROCHA DE ;VENTURA, D. F. ;BONCI, D. M. O. ;Hauzman, E ;HENRIQUES, L. D. ;GOULART, P. R. K. ;GALVAO, O. F. ;SANO, R. Y. ;SOUZA, G. S. ;ALFARO, J. L. ;SILVEIRA, L. C. L.",,2019.0
2010,2014.0,2015.0,2017.0,2019.0,,333,Genética,,REVISITANDO O DOGMA CENTRAL: A RELACAO ENTRE GENES E PROTEINAS,2021,,,Genética na Escola (on line),19803540,16,,2,196,207,,"VASCONCELOS, F. T. G. R. ;BARBOSA, I. N. ;CARVALHO, L. M. L. ;SOUZA, L. S. ;KREPISCHI, A. C. V.",,2019.0
2010,2014.0,2015.0,2017.0,2019.0,,333,Genética,,LWS VISUAL PIGMENT IN OWLS: SPECTRAL TUNING INFERRED BY GENETICS,2019,,10.1016/j.visres.2019.10.001,VISION RESEARCH,426989,165,,,90,97,,"VASCONCELOS, FELIPE TADEU GALANTE ROCHA DE ;NAMAN, MARIA JULIA VILANI ;HAUZMAN, EINAT ;BARON, JEROME ;FIX VENTURA, DORA ;BONCI, DANIELA MARIA OLIVEIRA",,2019.0
2010,2014.0,2015.0,2017.0,2019.0,,333,Genética,,MODELOS ANIMAIS NO ESTUDO DE DOENCAS GENETICAS HUMANAS,2022,,,Genética na Escola (on line),19803540,,,,,,,"VASCONCELOS, F. T. G. R. ;BARBOSA, I. N. ;CARVALHO, L. M. L. ;SOUZA, L. S. ;KAID, C ;ZATZ, M. ;VAINZOF, M.",,2019.0
2007,2011.0,2014.0,2016.0,2016.0,2021.0,334,Genética,,CHARACTERIZATION OF ALLELE DIVERSITY IN A MICROSATELLITE LOCUS: A REGISTRY FOR SOLENOPSIS INVICTA,2016,,10.4236/ae.2016.41005,Advances in Entomology,23311991,4,,1,32,36,,"SOUZA, RODRIGO FERNANDO DE ;COCCHI, FERNANDO KAMIMURA ;MARTINS, CÍNTIA ;MORINI, MARIA SANTINA DE CASTRO ;BUENO, ODAIR CORREA",,2016.0
2007,2011.0,2014.0,2016.0,2016.0,2021.0,334,Genética,,"PROFILING THE SHORT, LINEAR, NON-DISULFIDE BOND-CONTAINING PEPTIDOME FROM THE VENOM OF THE SCORPION TITYUS OBSCURUS",2018,,10.1016/j.jprot.2017.09.006,Journal of Proteomics,18743919,170,,,70,79,,"DIAS, NATHALIA BAPTISTA ;DE SOUZA, BIBIANA MONSON ;COCCHI, FERNANDO KAMIMURA ;CHALKIDIS, HIPÓCRATES M. ;DORCE, VALQUÍRIA ABRÃO CORONADO ;PALMA, MARIO SERGIO",,2016.0
2010,2013.0,2014.0,2016.0,2016.0,,268,Ecologia,,DISTURBANCE OR PROPAGULE PRESSURE? UNRAVELLING THE DRIVERS AND MAPPING THE INTENSITY OF INVASION OF FREE-RANGING DOGS ACROSS THE ATLANTIC FOREST HOTSPOT,2018,,10.1111/ddi.12845,DIVERSITY AND DISTRIBUTIONS (ONLINE),14724642,,,,191,201,,"RIBEIRO, F. S.;SILVÉRIO RIBEIRO, FERNANDO ;NICHOLS, E. ;MORATO, R. G. ;METZGER, J. P. ;PARDINI, R.",,2016.0
2010,2013.0,2014.0,2016.0,2016.0,,268,Ecologia,,COVID-19 PANDEMIC AS A LEARNING PATH FOR GROUNDING CONSERVATION POLICIES IN SCIENCE,2021,,10.1016/j.pecon.2021.02.009,Perspectives in Ecology and Conservation,25300644,,,,,,,"PARDINI, RENATA ;BERTUOL-GARCIA, DIANA ;DEMASI ARAÚJO, BEATRIZ ;MESQUITA, JOÃO PEDRO ;MORAES MURER, BEATRIZ ;DO CARMO PÔNZIO, MARCELLA ;SILVÉRIO RIBEIRO, FERNANDO ;LAGANARO ROSSI, MARIANA ;PRADO, PAULO INÁCIO",,2016.0
2009,2012.0,2012.0,2015.0,,,269,Ecologia,,FIRST DETAILED REPORT OF INFESTATION OF AFRICAN HONEY BEES ( IAPIS MELLIFERA SCUTELLATA ) IN ANGOLA BY THE BEE LICE IBRAULA COECA (DIPTERA: BRAULIDAE),2019,,10.1080/00218839.2018.1552237,JOURNAL OF APICULTURAL RESEARCH,20786913,58,,3,1,3,,"RODRIGUES, MARISA C. ;SERRANO, FILIPE A. C.",,2017.0
2009,2012.0,2012.0,2015.0,,,269,Ecologia,,HYLA MOLLERI (IBERIAN TREE FROG) LIMB MALFORMATION,2017,,,HERPETOLOGICAL REVIEW,0018084X,48,,2,408,409,,"SERRANO, F. C. ;SEGURADO, P.",,2017.0
2009,2012.0,2012.0,2015.0,,,269,Ecologia,,"NEW AND RECENT HERPETOLOGICAL RECORDS FROM SORIA, SPAIN",2018,,,Boletín de la Asociación Herpetológica Española,11306939,29,,1,105,,,"HOLLANDERS, M. ;SERRANO, F. C. ;LEERSCHOOL, T. ;BEUKEMA, W.",,2017.0
2009,2012.0,2012.0,2015.0,,,269,Ecologia,,"CLELIA CLELIA (DAUDIN, 1803)",2018,,,Catálogo de anfibios y reptiles de Colombia,23576324,4,,2,23,,,"DIAZ-RICAURTE, J. C. ;SERRANO, F. C. ;FIORILLO, B. F.",,2017.0
2009,2012.0,2012.0,2015.0,,,269,Ecologia,,"ERYTHROLAMPRUS AESCULAPII (LINNAEUS, 1758)",2018,,,Catálogo de anfibios y reptiles de Colombia,23576324,4,,3,48,,,"SERRANO, F. C. ;DIAZ-RICAURTE, J. C.",,2017.0
2009,2012.0,2012.0,2015.0,,,269,Ecologia,,OVIPOSITION SITE PREFERENCE AND REPRODUCTIVE ECOLOGY OF (ANURA: CENTROLENIDAE) IN THE COLOMBIAN AMAZON,2019,,10.1080/00222933.2019.1668490,JOURNAL OF NATURAL HISTORY,222933,53,,29-30,1811,1822,,"DÍAZ-RICAURTE, JUAN C. ;GUEVARA-MOLINA, ESTEFANY CAROLÍNE ;SERRANO, FILIPE",,2017.0
2009,2012.0,2012.0,2015.0,,,269,Ecologia,,TROPIDURUS HISPIDUS (PETERS? LAVA LIZARD). PREY-PREDATOR INTERACTION,2019,,,HERPETOLOGICAL REVIEW,0018084X,50,,3,581,,,"SERRANO, F. C. ;VIEIRA-ALENCAR, J. P. S. ;DIAZ-RICAURTE, J. C.",,2017.0
2009,2012.0,2012.0,2015.0,,,269,Ecologia,,IBEROLACERTA CYRENI (CARPETAN ROCK LIZARD). REPRODUCTION,2019,,,HERPETOLOGICAL REVIEW,0018084X,50,,3,577,,,"SERRANO, F. C. ;DIAZ-RICAURTE, J. C.",,2017.0
2009,2012.0,2012.0,2015.0,,,269,Ecologia,,"PREDATION ON THE LESSER TREEFROG DENDROPSOPHUS MINUTUS (PETERS, 1872) (ANURA: HYLIDAE) BY LETHOCERUS SP. WATER BUGS (HEMIPTERA: BELOSTOMATIDAE) IN SAO PAULO, BRAZIL",2019,,,HERPETOLOGY NOTES,20715773,12,,,913,,,"SERRANO, FILIPE ;DÍAZ-RICAURTE, JUAN C. ;GUEVARA-MOLINA, ESTEFANY CAROLÍNE",,2017.0
2009,2012.0,2012.0,2015.0,,,269,Ecologia,,BOTHROPS JARARACA (JARARACA PITVIPER) DIET,2019,,,HERPETOLOGICAL REVIEW,0018084X,50,,2,386,,,"ROJAS, A. ;SERRANO, F. C.",,2017.0
2009,2012.0,2012.0,2015.0,,,269,Ecologia,,ATLAS OF BRAZILIAN SNAKES: VERIFIED POINT-LOCALITY MAPS TO MITIGATE THE WALLACEAN SHORTFALL IN A MEGADIVERSE SNAKE FAUNA,2019,,10.2994/sajh-d-19-00120.1,South American Journal of Herpetology,18089798,14,,sp1,1,,,"NOGUEIRA, CRISTIANO C. ;BRAZ, HENRIQUE ;BUONONATO, MARCUS A. ;CISNEROS-HEREDIA, DIEGO F. ;COLLI, GUARINO R. ;COSTA, HENRIQUE C. ;FRANCO, FRANCISCO L. ;GIRAUDO, ALEJANDRO ;GONZALEZ, RODRIGO C. ;GUEDES, THAÍS ;HOOGMOED, MARINUS S. ;ARGÔLO, ANTONIO J.S. ;MARQUES, OTAVIO A.V. ;MONTINGELLI, GIOVANNA G. ;PASSOS, PAULO ;PRUDENTE, ANA L.C. ;RIVAS, GILSON A. ;SANCHEZ, PAOLA M. ;SERRANO, FILIPE C. ;SILVA, NELSON J. ;STRÜSSMANN, CHRISTINE ;VIEIRA-ALENCAR, JOÃO PAULO S. ;ARZAMENDIA, VANESA ;ZAHER, HUSSAM ;SAWAYA, RICARDO J. ;MARTINS, MARCIO ;AZEVEDO, JOSUÉ A. ;BARBO, FAUSTO E. ;BÉRNILS, RENATO S. ;BOLOCHIO, BRUNA E. ;BORGES-MARTINS, MARCIO ;BRASIL-GODINHO, MARCELA",,2017.0
2009,2012.0,2012.0,2015.0,,,269,Ecologia,,"MAPPING LOCAL AND REGIONAL DISTRIBUTION OF LYGOPHIS PAUCIDENS HOGE, 1952 (SERPENTES, DIPSADIDAE), AN ELUSIVE SNAKE FROM THE SANDY SAVANNAS OF BRAZIL AND PARAGUAY",2020,,10.15560/16.1.75,"CHECK LIST, JOURNAL OF SPECIES LIST AND DISTRIBUTION",1809127X,16,,1,75,81,,"SERRANO, FILIPE ALEXANDRE CABREIRINHA ;VIEIRA-ALENCAR, JOÃO PAULO DOS SANTOS ;DIAZ-RICAURTE, JUAN CAMILO ;NOGUEIRA, CRISTIANO DE CAMPOS",,2017.0
2009,2012.0,2012.0,2015.0,,,269,Ecologia,,LANDSCAPE CONNECTIVITY AFFECTS INDIVIDUAL SURVIVAL IN UNSTABLE PATCH NETWORKS: THE CASE OF A FRESHWATER TURTLE INHABITING TEMPORARY PONDS,2020,,10.1111/fwb.13449,FRESHWATER BIOLOGY,465070,65,,3,540,551,,"SERRANO, FILIPE ;PITA, RICARDO ;MOTA'FERREIRA, MÁRIO ;BEJA, PEDRO ;SEGURADO, PEDRO",,2017.0
2009,2012.0,2012.0,2015.0,,,269,Ecologia,,IT IS GETTING HOT IN HERE: BEHAVIOURAL THERMAL TOLERANCE OF AMPHISBAENA ALBA (SQUAMATA: AMPHISBAENIDAE),2019,,,HERPETOLOGY NOTES,20715773,13,,,101-103,,,"DÍAZ-RICAURTE, JUAN C. ;SERRANO, FILIPE",,2017.0
2009,2012.0,2012.0,2015.0,,,269,Ecologia,,PLEURODELES WALTL (IBERIAN RIBBED-NEWT) LEECH PARASITISM,2017,,,HERPETOLOGICAL REVIEW,0018084X,48,,2,407,407,,"SERRANO, F. C. ;SEGURADO, P.",,2017.0
2013,2016.0,2017.0,2019.0,2020.0,,299,Fisiologia,,INDUCTION OF OXIDATIVE STRESS BY CHLOROTHALONIL IN THE ESTUARINE POLYCHAETE LAEONEREIS ACUTA,2018,,10.1016/j.aquatox.2017.12.004,AQUATIC TOXICOLOGY,0166445X,196,,,1,8,,"DA SILVA BARRETO, JULIANO ;DE MELO TAROUCO, FABIO ;DE GODOI, FILIPE GUILHERME ANDRADE ;GEIHS, MÁRCIO ALBERTO ;ABREU, FIAMMA EUGENIA LEMOS ;FILLMANN, GILBERTO ;SANDRINI, JULIANA ZOMER ;DA ROSA, CARLOS EDUARDO",,2020.0
2013,2016.0,2017.0,2019.0,2020.0,,299,Fisiologia,,ENDOCRINE DISRUPTIVE ACTION OF DICLOFENAC AND CAFFEINE ON ASTYANAX ALTIPARANAE MALES (TELEOSTEI: CHARACIFORMES: CHARACIDAE),2020,,10.1016/j.cbpc.2020.108720,COMPARATIVE BIOCHEMISTRY AND PHYSIOLOGY C-TOXICOLOGY & PHARMACOLOGY,15320456,231,,,108720,,,"GODOI, FILIPE G.A. ;MUÑOZ-PEÑUELA, MARCELA ;OLIO GOMES, ALINE D. ;TOLUSSI, CARLOS E. ;BRAMBILA-SOUZA, GABRIELA ;BRANCO, GIOVANA S. ;LO NOSTRO, FABIANA L. ;MOREIRA, RENATA G.",,2020.0
2013,2016.0,2017.0,2019.0,2020.0,,299,Fisiologia,,DICLOFENAC AND CAFFEINE INHIBIT HEPATIC ANTIOXIDANT ENZYMES IN THE FRESHWATER FISH ASTYANAX ALTIPARANAE (TELEOSTEI: CHARACIFORMES),2021,,10.1016/j.cbpc.2020.108910,COMPARATIVE BIOCHEMISTRY AND PHYSIOLOGY C-TOXICOLOGY & PHARMACOLOGY,15320456,240,,,108910,,,"MUÑOZ-PEÑUELA, MARCELA ;LO NOSTRO, FABIANA LAURA ;DAL'OLIO GOMES, ALINE ;TOLUSSI, CARLOS EDUARDO ;BRANCO, GIOVANA SOUZA ;PINHEIRO, JOÃO PAULO SILVA ;GODOI, FILIPE GUILHERME ANDRADE DE ;MOREIRA, RENATA GUIMARÃES",,2020.0
2013,2016.0,2017.0,2019.0,2020.0,,299,Fisiologia,,EFFECTS OF DI-ISONONYL PHTHALATE (DINP) ON FOLLICULAR ATRESIA IN ZEBRAFISH OVARY,2021,,10.3389/fendo.2021.677853,Frontiers in Endocrinology,16642392,12,,,621,,,"GODOI, FILIPE G. ANDRADE ;FORNER-PIQUER, ISABEL ;RANDAZZO, BASILIO ;HABIBI, HAMID R. ;LO NOSTRO, FABIANA L. ;MOREIRA, RENATA GUIMARÃES ;CARNEVALI, OLIANA",,2020.0
2013,2016.0,2017.0,2019.0,2020.0,,299,Fisiologia,,EFFECTS OF THE HERBICIDE ROUNDUP ON THE POLYCHAETA LAEONEREIS ACUTA: CHOLINESTERASES AND OXIDATIVE STRESS,2017,,10.1016/j.ecoenv.2016.10.014,Ecotoxicology and Environmental Safety,1476513,135,,,259,266,,"DE MELO TAROUCO, FÁBIO ;DE GODOI, FILIPE GUILHERME ANDRADE ;VELASQUES, ROBSON RABELO ;DA SILVEIRA GUERREIRO, AMANDA ;GEIHS, MARCIO ALBERTO ;DA ROSA, CARLOS EDUARDO",,2020.0
2010,2014.0,2016.0,2019.0,,,226,Botânica,,SUGARCANE BAGASSE AS A SOURCE OF CARBON FOR ENZYME PRODUCTION BY FILAMENTOUS FUNGI1,2018,,10.1590/2236-8906-40/2017,HOEHNEA (SÃO PAULO),732877,45,,1,134,142,,"FERREIRA, FLAVIANE LOPES ;DALL'ANTONIA, CESAR BARRETTA ;SHIGA, EMERSON ANDRADE ;ALVIM, LARISSA JULIANI ;PESSONI, ROSEMEIRE APARECIDA BOM",,2021.0
2012,2016.0,2017.0,2019.0,2019.0,,369,Zoologia,,NEWLY DISCOVERED OCCURRENCES AND GENE TREE OF THE EXTRACELLULAR GLOBINS AND LINKER CHAINS FROM THE GIANT HEXAGONAL BILAYER HEMOGLOBIN IN METAZOANS,2019,,10.1093/gbe/evz012,Genome Biology and Evolution,17596653,11,,3,597,612,,"BELATO, FLÁVIA A ;SCHRAGO, CARLOS G ;COATES, CHRISTOPHER J ;HALANYCH, KENNETH M ;COSTA-PAIVA, ELISA M",,2019.0
2012,2016.0,2017.0,2019.0,2019.0,,369,Zoologia,,"ISOLATION AND CHARACTERIZATION OF NEW POLYMORPHIC MICROSATELLITE MARKERS FROM THE INVASIVE WORM BRANCHIOMMA LUCTUOSUM (GRUBE, 1870) (ANNELIDA)",2019,,,Genomics and Gene Therapy International Journal,26421194,3,,1,1,5,,"BELATO, F. A. ;COSTA-PAIVA, E. M. ;VILASBOA, A.",,2019.0
2012,2016.0,2017.0,2019.0,2019.0,,369,Zoologia,,EVOLUTIONARY HISTORY OF THE GLOBIN GENE FAMILY IN ANNELIDS,2020,,10.1093/gbe/evaa134,Genome Biology and Evolution,17596653,12,,10,1719,1733,,"BELATO, F. A. ;COATES, C. ;HALANYCH, K. ;Weber, R. ;COSTA-PAIVA, E. M.",,2019.0
2012,2016.0,2017.0,2019.0,2019.0,,369,Zoologia,,EVOLUTION OF A KEY ENZYME OF AEROBIC METABOLISM REVEALS PROTEROZOIC FUNCTIONAL SUBUNIT DUPLICATION EVENTS AND AN ANCIENT ORIGIN OF ANIMALS,2021,,10.1038/s41598-021-95094-4,Scientific Reports,20452322,11,,1,15744,,,"Bezerra, B. S. ;BELATO, FLÁVIA A ;Beatriz Mello ;Federico Brown ;COATES, C. ;Juliana de Moraes Leme ;Ricardo Trindade ;COSTA-PAIVA, E. M.",,2019.0
2002,2006.0,2007.0,2010.0,2021.0,,227,Botânica,,"FLORISTICA DE MYRTACEAE NAS ILHAS DO COMPLEXO HIDRICO DA BAIA DA BABITONGA, SANTA CATARINA.",2006,,,CADERNO DE INICIAÇÃO À PESQUISA (UNIVILLE),19806272,8,,,75,81,,"VIEIRA, F. C. S.;VIEIRA, FÁBIO C.S.;VIEIRA, FÁBIO CHRISTIANO SPECK ;QUADROS, K. E.",,2021.0
2002,2006.0,2007.0,2010.0,2021.0,,227,Botânica,,"PTWO NEW SPECIES AND ONE NOMENCLATURAL NOTE IN MYRTACEAE FROM SANTA CATARINA, BRAZIL/STRONG/P",2019,,10.11646/phytotaxa.425.2.4,Phytotaxa,11793155,425,,2,96,104,,"SOBRAL, MARCOS ;MOLZ, MARTIN ;VIEIRA, FÁBIO C.S.",,2021.0
2002,2006.0,2007.0,2010.0,2021.0,,227,Botânica,,PA NEW SPECIES OF MYRCEUGENIA/EM (MYRTACEAE) FROM SOUTHERN BRAZIL/STRONG/P,2020,,10.11646/phytotaxa.435.2.8,Phytotaxa,11793155,435,,2,208,212,,"VIEIRA, FÁBIO CHRISTIANO SPECK",,2021.0
2002,2006.0,2007.0,2010.0,2021.0,,227,Botânica,,"MYRTACEAE, MYRCIA SQUAMATA (MATTOS AND D. LEGRAND)&NBSP;MATTOS AND MYRCEUGENIA SERIATORAMOSA (KIAERSK.) D.&NBSP;LEGRAND AND KAUSEL IN SANTA CATARINA: DISTRIBUTION&NBSP;EXTENSION",2010,,10.15560/6.4.488,"CHECK LIST, JOURNAL OF SPECIES LIST AND DISTRIBUTION",1809127X,6,,4,488,,,"VIEIRA, F. C. S.;VIEIRA, FÁBIO C.S.;VIEIRA, FÁBIO CHRISTIANO SPECK ;QUADROS, K. E.",,2021.0
2012,2015.0,,,2019.0,,335,Genética,,GERMLINE VARIANTS OF BRAZILIAN WOMEN WITH BREAST CANCER AND DETECTION OF A NOVEL PATHOGENIC ATM DELETION IN EARLY-ONSET BREAST CANCER,2020,,10.1007/s12282-020-01165-1,Breast Cancer,13406868,1,,,1,9,,"BANDEIRA, GABRIEL ;ZATZ, MAYANA ;PASSOS-BUENO, MARIA RITA ;KREPISCHI, ANA ;OKAMOTO, OSWALDO KEITH ;ROCHA, KATIA ;LAZAR, MONIZE ;EZQUINA, SUZANA ;YAMAMOTO, GUILHERME ;VARELA, MONICA ;TAKAHASHI, VANESSA ;AGUENA, MEIRE ;GOLLOP, THOMAZ",,2019.0
2010,2014.0,2014.0,2016.0,2016.0,,336,Genética,,IMPROVED ASSEMBLY OF NOISY LONG READS BY K-MER VALIDATION,2016,,,Genome Research,10889051,,,,,,,"CARVALHO, A. B. ;DUPIM, E. G. ;GOLDSTEIN, G. N. R.",,2016.0
2009,2013.0,2014.0,2017.0,2018.0,,370,Zoologia,,MODE OF USE OF SEXUALLY DIMORPHIC GLANDS IN A NEOTROPICAL HARVESTMAN (ARACHNIDA: OPILIONES) WITH PATERNAL CARE,2015,,10.1080/00222933.2015.1006283,Journal of Natural History,14645262,Online,,,1,11,,"MURAYAMA, G.P. ;WILLEMART, R.H.",,2018.0
2009,2013.0,2014.0,2017.0,2018.0,,370,Zoologia,,SEXUAL DIFFERENCES IN WEAPONRY AND DEFENSIVE BEHAVIOR IN A NEOTROPICAL HARVESTMAN,2018,,10.1093/cz/zoy073,Current Zoology,16745507,,,5,553,558,,"SEGOVIA, JÚLIO M G ;MURAYAMA, GABRIEL P ;WILLEMART, RODRIGO H",,2018.0
2009,2013.0,2014.0,2017.0,2018.0,,370,Zoologia,,HARVESTMEN ARE FEARFUL IN THE LIGHT BUT NOT THE DARKNESS,2019,,10.1636/0161-8202-47.3.396,JOURNAL OF ARACHNOLOGY,1618202,47,,3,396,,,"SEGOVIA, J. M. ;MURAYAMA, G.P. ;XIMENES, N. G.",,2018.0
2009,2013.0,2014.0,2017.0,2018.0,,370,Zoologia,,"ARE TRICHOBOTHRIA USED IN TERRESTRIAL PREY CAPTURE BY THE YELLOW SCORPION TITYUS SERRULATUS LUTZ &AMP; MELLO, 1922 (BUTHIDAE)?",2019,,10.13156/arac.2019.18.3.287,Arachnology,20509928,18,,3,287,,,"MURAYAMA, G.P. ;WILLEMART, R. H.",,2018.0
2009,2013.0,2014.0,2017.0,2018.0,,370,Zoologia,,"VORACITY, REACTION TO STINGS, AND SURVIVAL OF DOMESTIC HENS WHEN FEEDING ON THE YELLOW SCORPION (TITYUS SERRULATUS)",2022,,10.1590/1678-9199,JOURNAL OF VENOMOUS ANIMALS AND TOXINS INCLUDING TROPICAL DISEASES,16789199,28,,,1,7,,"MURAYAMA, G.P. ;PAGOTI, G. F. ;GUADANUCCI, J. P. L. ;WILLEMART, R.H.",,2018.0
2011,2016.0,2018.0,2020.0,2020.0,,300,Fisiologia,,EFFECTS OF N-ACETYLCYSTEINE AND IMIPRAMINE IN A MODEL OF ACUTE RHYTHM DISRUPTION IN BALB/C MICE,2014,,10.3109/07420528.2014.965315,Chronobiology International,7420528,1,,,1,8,,"PILZ, LUÍSA K. ;TROJAN, YASMINE ;QUILES, CAROLINE L. ;BENVENUTTI, RADHARANI ;MELO, GABRIELA ;LEVANDOVSKI, ROSA ;HIDALGO, MARIA PAZ L. ;ELISABETSKY, ELAINE",,2020.0
2011,2016.0,2018.0,2020.0,2020.0,,300,Fisiologia,,EFFECTS OF AN H3R ANTAGONIST ON THE ANIMAL MODEL OF AUTISM INDUCED BY PRENATAL EXPOSURE TO VALPROIC ACID,2015,,10.1371/journal.pone.0116363,Plos One,19326203,10,,1,e0116363,,,"BARONIO, DIEGO ;CASTRO, KAMILA ;GONCHOROSKI, TAYLOR ;DE MELO, GABRIELA MUELLER ;NUNES, GUSTAVO DELLA FLORA ;BAMBINI-JUNIOR, VICTORIO ;GOTTFRIED, CARMEM ;RIESGO, RUDIMAR",,2020.0
2011,2016.0,2018.0,2020.0,2020.0,,300,Fisiologia,,SEEING OBJECTS IMPROVES OUR HEARING OF THE SOUNDS THEY MAKE,2020,,10.1093/nc/niaa014,Neuroscience of Consciousness,20572107,2020,,1,1,,,"MAN, KINGSON ;MELO, GABRIELA ;DAMASIO, ANTONIO ;KAPLAN, JONAS",,2020.0
2011,2016.0,2018.0,2020.0,2020.0,,300,Fisiologia,,IMPLICIT PROCESSING DURING INATTENTIONAL BLINDNESS: A SYSTEMATIC REVIEW AND META-ANALYSIS,2020,,10.1016/j.neubiorev.2020.10.005,NEUROSCIENCE AND BIOBEHAVIORAL REVIEWS,1497634,1,,,1,,,"DE PONTES NOBRE, ALEXANDRE ;DE MELO, GABRIELA MUELLER ;GAUER, GUSTAVO ;WAGEMANS, JOHAN",,2020.0
2011,2016.0,2018.0,2020.0,2020.0,,300,Fisiologia,,RESVERATROL PREVENTS SOCIAL DEFICITS IN ANIMAL MODEL OF AUTISM INDUCED BY VALPROIC ACID,2014,,10.1016/j.neulet.2014.09.039,Neuroscience Letters (Print),3043940,583,,,176,181,,"BAMBINI-JUNIOR, VICTORIO ;ZANATTA, GEANCARLO ;DELLA FLORA NUNES, GUSTAVO ;MUELLER DE MELO, GABRIELA ;MICHELS, MARCUS ;FONTES-DUTRA, MELLANIE ;NOGUEIRA FREIRE, VALDER ;RIESGO, RUDIMAR ;GOTTFRIED, CARMEM",,2020.0
2014,2017.0,,,2018.0,,337,Genética,,TARGETED MOLECULAR INVESTIGATION IN PATIENTS WITHIN THE CLINICAL SPECTRUM OF AURICULOCONDYLAR SYNDROME,2017,,10.1002/ajmg.a.38101,AMERICAN JOURNAL OF MEDICAL GENETICS PART A,15524825,173,,4,938,945,,"ROMANELLI TAVARES, VANESSA L. ;VENDRAMINI-PITTOLI, SIULAN ;FREITAS, RENATO S. ;SOUZA, JOSIANE ;RAPOSO-AMARAL, CESAR A. ;ZATZ, MAYANA ;AMIEL, JEANNE ;GUION-ALMEIDA, MARIA L. ;PASSOS-BUENO, MARIA RITA ;ZECHI-CEIDE, ROSELI M. ;BERTOLA, DEBORA R. ;GORDON, CHRISTOPHER T. ;FERREIRA, SIMONE G. ;HSIA, GABRIELLA S. P. ;YAMAMOTO, GUILHERME L. ;EZQUINA, SUZANA A. M. ;KOKITSU-NAKATA, NANCY M.",,2018.0
2014,2017.0,,,2018.0,,337,Genética,,RICHIERI-COSTA-PEREIRA SYNDROME: EXPANDING ITS PHENOTYPIC AND GENOTYPIC SPECTRUM,2018,,10.1111/cge.13169,CLINICAL GENETICS,99163,93,,,800-811,,,"BERTOLA, D.R. ;PEREZ, B.A. ;KIM, C.A. ;PASSOS-BUENO, M.R. ;HSIA, G. ;ALVIZI, L. ;GARDHAM, A. ;WAKELING, E. ;YAMAMOTO, G.L. ;HONJO, R.S. ;OLIVEIRA, L.A.N. ;DI FRANCESCO, R.C.",,2018.0
2014,2017.0,,,2018.0,,337,Genética,,"COMPLEXITY OF THE 5' UNTRANSLATED REGION OF EIF4A3, A CRITICAL FACTOR FOR CRANIOFACIAL AND NEURAL DEVELOPMENT",2018,,10.3389/fgene.2018.00149,Frontiers in Genetics,16648021,9,,,149,,,"HSIA, GABRIELLA S. P. ;ZECHI-CEIDE, ROSELI M. ;BERTOLA, DEBORA ;PASSOS-BUENO, MARIA RITA ;MUSSO, CAMILA M. ;ALVIZI, LUCAS ;BRITO, LUCIANO A. ;KOBAYASHI, GERSON S. ;PAVANELLO, RITA C. M. ;ZATZ, MAYANA ;GARDHAM, ALICE ;WAKELING, EMMA",,2018.0
2014,2017.0,,,2018.0,,337,Genética,,DEVELOPMENT OF A COMPREHENSIVE NONINVASIVE PRENATAL TEST,2018,,10.1590/1678-4685-gmb-2017-0177,GENETICS AND MOLECULAR BIOLOGY,14154757,41,,,545,554,,"MALCHER, CAROLINA ;PAVANELLO, RITA C. ;LOPES, MARCO ANTONIO ;BAKKER, EGBERT ;ZATZ, MAYANA ;BERTOLA, DÉBORA ;VLAMINCK, IWIJN DE ;PASSOS-BUENO, MARIA RITA ;YAMAMOTO, GUILHERME L. ;BURNHAM, PHILIP ;EZQUINA, SUZANA A.M. ;LOURENÇO, NAILA C.V. ;BALKASSMI, SAHILLA ;ANTONIO, DAVID S. MARCO ;HSIA, GABRIELLA S.P. ;GOLLOP, THOMAZ",,2018.0
2014,2017.0,,,2018.0,,337,Genética,,RECAPITULATION OF NEURAL CREST SPECIFICATION AND EMT VIA INDUCTION FROM NEURAL PLATE BORDER-LIKE CELLS,2020,,10.1016/j.stemcr.2020.07.023,Stem Cell Reports,22136711,15,,3,776,788,,"KOBAYASHI, GERSON SHIGERU ;MUSSO, CAMILA MANSO ;MOREIRA, DANIELLE DE PAULA ;PONTILLO-GUIMARÃES, GIOVANNA ;HSIA, GABRIELLA SHIH PING ;CAIRES-JÚNIOR, LUIZ CARLOS ;GOULART, ERNESTO ;PASSOS-BUENO, MARIA RITA",,2018.0
2014,2017.0,,,2018.0,,337,Genética,,A NOVEL SALIVA RT-LAMP WORKFLOW FOR RAPID IDENTIFICATION OF COVID-19 CASES AND RESTRAINING VIRAL SPREAD,2021,,10.3390/diagnostics11081400,Diagnostics,20754418,11,,8,1400,,,"KOBAYASHI, GERSON SHIGERU ;OLIVEIRA, BEATRIZ ARAUJO ;MANULI, ERIKA REGINA ;CORRAL, MARCELO ANDREETTA ;CAVAÇANA, NATALE ;MITNE-NETO, MIGUEL ;SALES, MARIA MIRTES ;DELL? AQUILA, LUIZ PHELLIPE ;FILHO, ALVARO RAZUK ;PARRILLO, EDUARDO FAGUNDES ;MENDES-CORRÊA, MARIA CÁSSIA ;BRITO, LUCIANO ABREU ;SABINO, ESTER CERDEIRA ;COSTA, SILVIA FIGUEIREDO ;LEAL, FABIO EUDES ;SGRO, GERMÁN GUSTAVO ;FARAH, CHUCK SHAKER ;ZATZ, MAYANA ;PASSOS-BUENO, MARIA RITA ;MOREIRA, DANIELLE DE PAULA ;SUZUKI, ANGELA MAY ;HSIA, GABRIELLA SHIH PING ;PIMENTEL, LYLYAN FRAGOSO ;DE PAIVA, ANA PAULA BARRETO ;DIAS, CAROLINA REGOLI ;LOURENÇO, NAILA CRISTINA VILAÇA",,2018.0
2014,2017.0,,,2018.0,,337,Genética,,CLINICAL APPLICATION OF HUMAN INDUCED PLURIPOTENT STEM CELL-DERIVED ORGANOIDS AS AN ALTERNATIVE TO ORGAN TRANSPLANTATION,2021,,10.1155/2021/6632160,STEM CELLS INTERNATIONAL (ONLINE),16879678,2021,,,1,16,,"HSIA, GABRIELLA S. P. ;Joyce Esposito ;Letícia Alves da Rocha ;Sofia Lígia Guimarães Ramos ;Oswaldo Keith Okamoto",,2018.0
2012,2018.0,2018.0,2021.0,2021.0,,301,Fisiologia,,ANNUAL VARIATION OF DAILY ACTIVITY PATTERNS AND ITS DEPENDENCE ON PHOTOPERIOD: A QUICK OVERVIEW,2020,,10.5935/1984-0063.20200015,Sleep Science (Online),19840063,13,,0,59,62,,"IMPROTA, GIOVANE CARREIRA",,2021.0
2012,2018.0,2018.0,2021.0,2021.0,,301,Fisiologia,,TELLING THE SEASONS UNDERGROUND: THE CIRCADIAN CLOCK AND AMBIENT TEMPERATURE SHAPE LIGHT EXPOSURE AND PHOTOPERIODISM IN A SUBTERRANEAN RODENT,2021,,10.3389/fphys.2021.738471,Frontiers in Physiology,1664042X,12,,,738471,,,"FLÔRES, DANILO E. F. L. ;JANNETTI, MILENE G. ;IMPROTA, GIOVANE C. ;TACHINARDI, PATRICIA ;VALENTINUZZI, VERONICA S. ;ODA, GISELE A.",,2021.0
2014,2017.0,2018.0,2020.0,2020.0,,338,Genética,,INTELIGENCIA E DEFICIENCIA INTELECTUAL: BASES GENETICAS E FATORES AMBIENTAIS,2020,,,Genética na Escola (on line),19803540,15,,1,18,25,,"TOLEZANO, G. C.;TOLEZANO, GIOVANNA CANTINI ;CARVALHO, L. M. L. ;KREPISCHI, A. C. V. ;ROSENBERG, C.",,2018.0
2014,2017.0,2018.0,2020.0,2020.0,,338,Genética,,EXPANDING THE ROLE OF SETD5 HAPLOINSUFFICIENCY IN NEURODEVELOPMENT AND NEUROBLASTOMA,2020,,10.1002/pbc.28376,PEDIATRIC BLOOD & CANCER (ONLINE),15455017,e28376,,,1,3,,"PIRES, SARA FERREIRA ;TOLEZANO, GIOVANNA CANTINI ;DA COSTA, SILVIA SOUZA ;KAWAHIRA, RACHEL SAYURI HONJO ;KIM, CHONG AE ;ROSENBERG, CARLA ;TEIXEIRA, ANNE CAROLINE BARBOSA ;BERTOLA, DEBORA ROMEO ;KREPISCHI, ANA CRISTINA VICTORINO",,2018.0
2014,2017.0,2018.0,2020.0,2020.0,,338,Genética,,INVESTIGATING GENETIC FACTORS CONTRIBUTING TO VARIABLE EXPRESSIVITY OF CLASS I 17P13.3 MICRODUPLICATIONS,2021,,10.22088/IJMCM.BUMS.9.4.296,International Journal of Molecular and Cellular Medicine,22519645,9,,4,296,306,,"TOLEZANO, G. C. ;COSTA, S. S. ;SCLIAR, M. O. ;FERNANDES, W. L. M. ;OTTO, P. A. ;BERTOLA, D. R. ;ROSENBERG, C. ;VIANNA-MORGANTE, A. M. ;KREPISCHI, A. C. V.",,2018.0
2007,2011.0,2013.0,2015.0,,,228,Botânica,,"MALPIGHIACEAE NA RESERVA BIOLOGICA DO ALTO DA SERRA DE PARANAPIACABA, SANTO ANDRE, SP, BRASIL",2015,,10.1590/2236-8906-60/2014,Hoehnea,22368906,42,,3,521,529,,"ALVES, GISELE GOMES NOGUEIRA ;SEBASTIANI, RENATA",,2017.0
2007,2011.0,2013.0,2015.0,,,228,Botânica,,STRUCTURE OF THE FLOWER OF ISIMABA (SIMAROUBACEAE) AND ITS ANATOMICAL NOVELTIES,2016,,10.1111/boj.12486,BOTANICAL JOURNAL OF THE LINNEAN SOCIETY,244074,183,,1,162,176,,"ALVES, GISELE G. N. ;EL OTTRA, JULIANA H. L. ;DEVECCHI, MARCELO F. ;DEMARCO, DIEGO ;PIRANI, JOSÉ R.",,2017.0
2009,2012.0,2014.0,2016.0,2017.0,,371,Zoologia,,IS CLEISTOSPERMY AND COENOSPERMY RELATED TO SPERM TRANSFER? A COMPARATIVE STUDY OF THE MALE REPRODUCTIVE SYSTEM OF PACHYGRAPSUS TRANSVERSUS AND PACHYGRAPSUS GRACILIS (BRACHYURA: GRAPSIDAE),2014,,10.1163/1937240x-00002275,Journal of Crustacean Biology,2780372,34,,6,704,716,,"Tiseo, Gisele R. ;ZARA, FERNANDO J. ;MANTELATTO, FERNANDO L.",,2017.0
2009,2012.0,2014.0,2016.0,2017.0,,371,Zoologia,,"SPERMATOGENESIS AND GONADAL CYCLE IN MALE TAMOYA HAPLONEMA AND CHIROPSALMUS QUADRUMANUS (CNIDARIA, CUBOZOA)",2019,,10.1016/j.jcz.2018.12.008,ZOOLOGISCHER ANZEIGER,445231,279,,,59,67,,"Tiseo, Gisele R. ;GARCÍA-RODRÍGUEZ, JIMENA ;ZARA, FERNANDO J. ;AMES, CHERYL LEWIS ;MARQUES, ANTONIO C. ;MORANDINI, ANDRÉ C.",,2017.0
2009,2012.0,2014.0,2016.0,2017.0,,371,Zoologia,,"ULTRASTRUCTURE OF SPERMATOPHORES AND SPERMATOZOA OF INTERTIDAL CRABS PACHYGRAPSUS TRANSVERSUS , PACHYGRAPSUS GRACILIS AND GEOGRAPSUS LIVIDUS (DECAPODA: GRAPSIDAE)",2017,,10.1016/j.jcz.2017.07.002,ZOOLOGISCHER ANZEIGER,445231,,,,166,176,,"Tiseo, Gisele R. ;MANTELATTO, F. L. M. ;ZARA, F. J.",,2017.0
2009,2012.0,2014.0,2016.0,2017.0,,371,Zoologia,,"SPERMATOGENESIS AND GONADAL CYCLE IN TAMOYA HAPLONEMA AND CHIROPSALMUS QUADRUMANUS (CNIDARIA, CUBOZOA)",2018,,,ZOOLOGISCHER ANZEIGER,445231,,,,,,,"Tiseo, G. R. ;RODRIGUEZ, J. G. ;ZARA, FERNANDO J. ;Lewis, C. A. ;MARQUES, A. C. ;MORANDINI, A. C.",,2017.0
2012,2017.0,2016.0,2018.0,2019.0,,372,Zoologia,,"MEETING REPORT: 8TH INTERNATIONAL SYMPOSIUM ON TESTATE AMOEBAE, ILHABELA, SAO PAULO, BRAZIL, 12-14 SEPTEMBER 2016",2016,,10.1111/jeu.12380,JOURNAL OF EUKARYOTIC MICROBIOLOGY,10665234,64,,4,555,557,,"LAHR, DANIEL J. G. ;LARA, ENRIQUE ;HOFSTATTER, PAULO G. ;RIBEIRO, GIULIA M. ;PORFÍRIO-SOUSA, ALFREDO L. ;JUNIOR, SAMUEL P.",,2019.0
2012,2017.0,2016.0,2018.0,2019.0,,372,Zoologia,,"MORPHOMETRIC AND GENETIC ANALYSIS OF ARCELLA INTERMEDIA AND ARCELLA INTERMEDIA LAEVIS (AMOEBOZOA, ARCELLINIDA) ILLUMINATE PHENOTYPIC PLASTICITY IN MICROBIAL EUKARYOTES",2016,,10.1016/j.ejop.2016.11.003,EUROPEAN JOURNAL OF PROTISTOLOGY,9324739,58,,,187,194,,"PORFÍRIO-SOUSA, ALFREDO L. ;RIBEIRO, GIULIA M. ;LAHR, DANIEL J.G.",,2019.0
2012,2017.0,2016.0,2018.0,2019.0,,372,Zoologia,,PHYLOGENOMICS AND MORPHOLOGICAL RECONSTRUCTION OF ARCELLINIDA TESTATE AMOEBAE HIGHLIGHT DIVERSITY OF MICROBIAL EUKARYOTES IN THE NEOPROTEROZOIC,2019,,10.1016/j.cub.2019.01.078,CURRENT BIOLOGY,9609822,29,,6,991,1001000,,"LAHR, DANIEL J.G. ;KANG, SEUNGHO ;BROWN, MATTHEW W. ;KOSAKYAN, ANUSH ;LARA, ENRIQUE ;MITCHELL, EDWARD A.D. ;MORAIS, LUANA ;PORFIRIO-SOUSA, ALFREDO L. ;RIBEIRO, GIULIA M. ;TICE, ALEXANDER K. ;PÁNEK, TOMÁ?",,2019.0
2012,2017.0,2016.0,2018.0,2019.0,,372,Zoologia,,GROWTH RATE MODULATION ENABLES COEXISTENCE IN A COMPETITIVE EXCLUSION SCENARIO BETWEEN MICROBIAL EUKARYOTES,2019,,10.4467/16890027ap.19.019.12021,ACTA PROTOZOOLOGICA,651583,58,,4,217,233,,"RIBEIRO, GIULIA M. ;PRADO, PAULO INÁCIO ;COUTINHO, RENATO MENDES ;RILLO, MARINA COSTA ;PEREIRA JUNIOR, SAMUEL ;PORFIRIO-SOUSA, ALFREDO L. ;LAHR, DANIEL J. G.",,2019.0
2012,2017.0,2016.0,2018.0,2019.0,,372,Zoologia,,"DE NOVO SEQUENCING, ASSEMBLY, AND ANNOTATION OF THE TRANSCRIPTOME FOR THE FREE-LIVING TESTATE AMOEBA ARCELLA INTERMEDIA",2020,,10.1111/jeu.12788,JOURNAL OF EUKARYOTIC MICROBIOLOGY,10665234,67,,3,383,392,,"RIBEIRO, GIULIA M. ;PORFÍRIO'SOUSA, ALFREDO L. ;MAURER'ALCALÁ, XYRUS X. ;KATZ, LAURA A. ;LAHR, DANIEL J.G.",,2019.0
2012,2017.0,2016.0,2018.0,2019.0,,372,Zoologia,,THE SEXUAL ANCESTOR OF ALL EUKARYOTES: A DEFENSE OF THE -MEIOSIS TOOLKIT-,2020,,10.1002/bies.202000037,BIOESSAYS,2659247,42,,9,2000037,,,"HOFSTATTER, PAULO G. ;RIBEIRO, GIULIA M. ;PORFÍRIO'SOUSA, ALFREDO L. ;LAHR, DANIEL J. G.",,2019.0
2012,2017.0,2016.0,2018.0,2019.0,,372,Zoologia,,ANALYSES OF THE PERICYTE TRANSCRIPTOME IN ISCHEMIC SKELETAL MUSCLES,2021,,10.1186/s13287-021-02247-3,Stem Cell Research & Therapy,17576512,12,,1,183,,,"TENG, YUAN-CHI ;PORFÍRIO-SOUSA, ALFREDO LEONARDO ;RIBEIRO, GIULIA MAGRI ;AREND, MARCELA CORSO ;DA SILVA MEIRELLES, LINDOLFO ;CHEN, ELIZABETH SUCHI ;ROSA, DANIELA SANTORO ;HAN, SANG WON",,2019.0
2012,2017.0,2016.0,2018.0,2019.0,,372,Zoologia,,MORPHOLOGICAL AND MORPHOMETRIC DESCRIPTION OF A NOVEL SHELLED AMOEBA ARCELLA GANDALFI SP. NOV. (AMOEBOZOA: ARCELLINIDA) FROM BRAZILIAN CONTINENTAL WATERS,2016,,10.4467/16890027AP.16.021.6008,Acta Protozoologica (Druk),651583,55,,4,221,229,,"FERES, J. C. ;PORFIRIO-SOUSA, A. L. ;RIBEIRO, G. M.;RIBEIRO, GIULIA M.;RIBEIRO, GIULIA MAGRI ;ROCHA, G. M. ;José Mauro STERZA ;G.SOUZA, M. B. ;SOARES, C. E. A. ;LAHR, D. J. G.",,2019.0
2012,2016.0,2017.0,2019.0,,,270,Ecologia,,SITE OCCUPANCY BY AEDES AEGYPTI IN A SUBTROPICAL CITY IS MOST SENSITIVE TO CONTROL DURING AUTUMN AND WINTER MONTHS,2020,,10.4269/ajtmh.19-0366,AMERICAN JOURNAL OF TROPICAL MEDICINE AND HYGIENE,29637,online,,,http://www.ajtm,,,"MORÉS, G. B. ;SCHULER-FACCINI, L. ;HASENACK, H. ;FETZER, L. O. ;SOUZA, G. D. ;FERRAZ, G.",,2021.0
2007,2012.0,2013.0,2015.0,2016.0,,373,Zoologia,,STRONG SEASONALITY AND CLEAR CHOICE OF RESTING PLANT IN A NEOTROPICAL HARVESTMAN (ARACHNIDA: OPILIONES),2015,,10.1636/P14-68,The Journal of Arachnology,1618202,43,,2,207,213,,"PAGOTI, GUILHERME FERREIRA ;WILLEMART, RODRIGO HIRATA",,2016.0
2007,2012.0,2013.0,2015.0,2016.0,,373,Zoologia,,"THE SCENT GLANDS OF THE NEOTROPICAL HARVESTMAN DISCOCYRTUS PECTNIFEMUR: MORPHOLOGY, BEHAVIOR AND CHEMISTRY",2015,,10.1007/s10886-015-0612-8,Journal of Chemical Ecology,980331,41,,8,716,723,,"SEGOVIA, JÚLIO M. G. ;HARA, MARCOS RYOTARO ;PAGOTI, GUILHERME FERREIRA ;SANNOMIYA, MIRIAM ;SANTOS, DEBORAH Y. A. C. ;WILLEMART, RODRIGO HIRATA",,2016.0
2007,2012.0,2013.0,2015.0,2016.0,,373,Zoologia,,PROXIMATE FACTORS AND POTENTIAL BENEFITS INFLUENCING SELECTION OF PSYCHOTRIA SUTERELLA FOR SHELTER BY THE HARVESTMAN JUSSARA SPEC.,2017,,10.1111/eea.12570,ENTOMOLOGIA EXPERIMENTALIS ET APPLICATA,138703,163,,,241,250,,"PAGOTI, GUILHERME FERREIRA ;PEÑAFLOR, MARIA FERNANDA GOMES VILLALBA ;MARABESI, MAURO ALEXANDRE ;BENTO, JOSÉ MAURÍCIO SIMÕES ;WILLEMART, RODRIGO HIRATA",,2016.0
2007,2012.0,2013.0,2015.0,2016.0,,373,Zoologia,,"ON THE FUNCTION OF THE SPOON-SHAPED PEDIPALPS OF HARVESTMEN IN THE FAMILY COSMETIDAE (OPILIONES, LANIATORES)",2019,,10.1080/00222933.2019.1692086,Journal of Natural History,14645262,53,,33-34,2087,2098,,"PAGOTI, GUILHERME FERREIRA ;PORTELA, ERIKA ;CAMPANHA, JESSICA SILVA ;DIAS, JESSICA MORAIS ;WILLEMART, RODRIGO HIRATA",,2016.0
2007,2012.0,2013.0,2015.0,2016.0,,373,Zoologia,,"WATER LOCOMOTION AND SURVIVAL UNDER WATER IN A RIPARIAN HARVESTMAN (OPILIONES, ARACHNIDA)",2020,,10.1016/j.beproc.2020.104220,BEHAVIOURAL PROCESSES,3766357,179,,,104220,,,"SILVA, NORTON FELIPE DOS SANTOS ;PAGOTI, GUILHERME FERREIRA ;WILLEMART, RODRIGO HIRATA",,2016.0
2007,2012.0,2013.0,2015.0,2016.0,,373,Zoologia,,WHAT GAZE DIRECTION CAN TELL US ABOUT COGNITIVE PROCESSES IN INVERTEBRATES,2021,,10.1016/j.bbrc.2020.12.001,BIOCHEMICAL AND BIOPHYSICAL RESEARCH COMMUNICATIONS,0006291X,564,,,43,54,,"WINSOR, A. M. ;PAGOTI, G. F. ;DAYE, D. J. ;CHERIES, E. W. ;CAVE, K. R. ;JAKOB, E. M.",,2016.0
2007,2012.0,2014.0,2016.0,2016.0,,302,Fisiologia,,EFECTO DE LA TEMPERATURA SOBRE EL METABOLISMO DE GONATODES ALBOGULARIS (SAURIA: GEKKONIDAE),2011,,,Revista Momentos de Ciencia,16925491,8,,1,27,,,"AGUDELO, G.A.",,2016.0
2007,2012.0,2014.0,2016.0,2016.0,,302,Fisiologia,,DIET OF THE BLUE-BELLIED POISON FROG (ANURA: DENDROBATIDAE) IN TWO POPULATIONS FROM THE COLOMBIAN PACIFIC,2015,,10.1670/13-202,JOURNAL OF HERPETOLOGY,221511,49,,3,452,461,,"AGUDELO-CANTERO, GUSTAVO A. ;CASTAÑO-VALENCIA, R. SANTIAGO ;CASTRO-HERRERA, FERNANDO ;FIERRO-PÉREZ, LEONARDO ;ASENCIO-SANTOFIMIO, HELBERG",,2016.0
2007,2012.0,2014.0,2016.0,2016.0,,302,Fisiologia,,"INTERACTIVE EFFECTS OF EXPERIMENTAL HEATING RATES, ONTOGENY AND BODY MASS ON THE UPPER THERMAL LIMITS OF ANURAN LARVAE",2019,,10.1016/j.jtherbio.2019.03.010,JOURNAL OF THERMAL BIOLOGY,3064565,82,,,43,51,,"AGUDELO-CANTERO, GUSTAVO A. ;NAVAS, CARLOS A.",,2016.0
2007,2012.0,2014.0,2016.0,2016.0,,302,Fisiologia,,THERMAL ADAPTATION REVISITED: HOW CONSERVED ARE THERMAL TRAITS OF REPTILES AND AMPHIBIANS?,2020,,10.1002/jez.2414,Journal of Experimental Zoology Part A-Ecological and Integrative Physiology,24715646,335,,1,173,194,,"BODENSTEINER, BROOKE L. ;AGUDELO'CANTERO, GUSTAVO A. ;ARIETTA, A. Z. ANDIS ;GUNDERSON, ALEX R. ;MUÑOZ, MARTHA M. ;REFSNIDER, JEANINE M. ;GANGLOFF, ERIC J.",,2016.0
2007,2012.0,2014.0,2016.0,2016.0,,302,Fisiologia,,FUNGAL INFECTIONS LEAD TO SHIFTS IN THERMAL TOLERANCE AND VOLUNTARY EXPOSURE TO EXTREME TEMPERATURES IN BOTH PREY AND PREDATOR INSECTS,2021,,10.1038/s41598-021-00248-z,Scientific Reports,20452322,11,,1,21710,,,"PORRAS, MITZY F. ;AGUDELO-CANTERO, GUSTAVO A. ;SANTIAGO-MARTÍNEZ, M. GEOVANNI ;NAVAS, CARLOS A. ;LOESCHCKE, VOLKER ;SØRENSEN, JESPER GIVSKOV ;RAJOTTE, EDWIN G.",,2016.0
2007,2012.0,2014.0,2016.0,2016.0,,302,Fisiologia,,THERMAL BOLDNESS: VOLUNTEER EXPLORATION OF EXTREME TEMPERATURES IN DROSOPHILA MELANOGASTER,2021,,10.1016/j.jinsphys.2021.104330,JOURNAL OF INSECT PHYSIOLOGY,221910,,,,,,,"NAVAS, CARLOS A. ;AGUDELO-CANTERO, GUSTAVO A. ;LOESCHCKE, VOLKER",,2016.0
2013,2017.0,2018.0,2020.0,2020.0,,339,Genética,,A LARGE FAMILIAL CLUSTER AND SPORADIC CASES OF FRONTAL FIBROSING ALOPECIA IN BRAZIL REINFORCE KNOWN HLA ASSOCIATIONS AND INDICATE NEW HLA SUSCEPTIBILITY HAPLOTYPES,2020,,10.1111/jdv.16629,JOURNAL OF THE EUROPEAN ACADEMY OF DERMATOLOGY AND VENEREOLOGY,9269959,34,,,2409,2413,,"RAMOS, P. M. ;GARBERS, L. E. ;SILVA, N. S. B. ;CASTRO, C. F. B. ;ANDRADE, H. S. ;SOUZA, A. S. ;CASTELLI, E. C. ;MIOT, H. A.",,2020.0
2013,2017.0,2018.0,2020.0,2020.0,,339,Genética,,HLA-C GENETIC DIVERSITY AND EVOLUTIONARY INSIGHTS IN TWO SAMPLES FROM BRAZIL AND BENIN,2020,,10.1111/tan.13996,HLA,20592302,96,,,468,486,,"SOUZA, A. S. ;OLIVEIRA, M. L. G. ;SADISSOU, I. A. ;MASSARO, J. D. ;MOUTAIROU, K. A. ;DONADI, E. A. ;MASSOUGBODJI, A. ;GARCIA, A. ;IBIKOUNLE, M. ;MEYER, D. ;SABBAGH, A. ;SONON, P. ;MENDES-JUNIOR, C. T. ;COURTIN, D. ;CASTELLI, E. C. ;PAZ, M. A. ;TOKPLONOU, L. ;LIMA, T. H. A. ;PORTO, I. O. P. ;ANDRADE, H. S. ;SILVA, N. S. B. ;VEIGA-CASTELLI, L. C.",,2020.0
2013,2017.0,2018.0,2020.0,2020.0,,339,Genética,,KIR2DL4 GENETIC DIVERSITY IN A BRAZILIAN POPULATION SAMPLE: IMPLICATIONS FOR TRANSCRIPTION REGULATION AND PROTEIN DIVERSITY IN SAMPLES WITH DIFFERENT ANCESTRY BACKGROUNDS,2021,,10.1007/s00251-021-01206-9,IMMUNOGENETICS,937711,73,,,227,241,,"WEISS, E. ;DONADI, E. A. ;MENDES-JUNIOR, C. T. ;CASTELLI, E. C. ;ANDRADE, H. S. ;LARA, J. R. ;PAZ, M. A. ;LIMA, T. H. A. ;PORTO, I. O. P. ;SILVA, N. S. B. ;CASTRO, C. F. B. ;GROTTO, R. M. T.",,2020.0
2010,2016.0,,,2018.0,,229,Botânica,,A COMMON GARDEN EXPERIMENT WITH (RHODOPHYTA) EVALUATES METHODS TO STUDY SPATIAL DIFFERENCES IN THE MACROALGAL MICROBIOME,2018,,10.1111/jpy.12763,JOURNAL OF PHYCOLOGY,223646,,,,,,,"QUIGLEY, CHARLOTTE T C ;MORRISON, HILARY G ;Mendonça, Inara Regina ;BRAWLEY, SUSAN H",,2018.0
2012,2017.0,2017.0,2020.0,2020.0,,374,Zoologia,,THE EARLIEST DIVERGING EXTANT SCLERACTINIAN CORALS RECOVERED BY MITOCHONDRIAL GENOMES,2020,,10.1038/s41598-020-77763-y,Scientific Reports,20452322,10,,1,20714,,,"SEIBLITZ, ISABELA G. L. ;CAPEL, KÁTIA C. C. ;STOLARSKI, JAROS'AW ;QUEK, ZHENG BIN RANDOLPH ;HUANG, DANWEI ;KITAHARA, MARCELO V.",,2020.0
2012,2017.0,2017.0,2020.0,2020.0,,374,Zoologia,,"GEOGRAPHIC PATTERNS OF SYMBIODINIUM DIVERSITY ASSOCIATED WITH THE CORAL MUSSISMILIA HISPIDA (CNIDARIA, SCLERACTINIA) CORRELATE WITH MAJOR REEF REGIONS IN THE SOUTHWESTERN ATLANTIC OCEAN",2016,,10.1007/s00227-016-3010-z,Marine Biology,14321793,163,,11,236,,,"PICCIANI, NATASHA ;DE LOSSIO E SEIBLITZ, ISABELA GALVÃO ;DE PAIVA, PAULO CESAR ;E CASTRO, CLOVIS BARREIRA ;ZILBERBERG, CARLA",,2020.0
2010,2013.0,2014.0,2016.0,2018.0,,303,Fisiologia,,MOTOR LEARNING AND VIRTUAL REALITY IN DOWN SYNDROME - A LITERATURE REVIEW,2015,,10.3823/1718,International Archives of Medicine,17557682,,,119,1,11,,"MENEZES, L. C. ;MASSETI, T. ;OLIVEIRA, F. R. ;ABREU, L. C. ;MALHEIROS, S. R. P. ;TREVIZAN, I. L.;TREVIZAN, ISABELA LOPES ;MONTEIRO, C. B. M.",,2018.0
2010,2013.0,2014.0,2016.0,2018.0,,303,Fisiologia,,AVALIACAO DA RELACAO VELOCIDADE-PRECISAO EM FUNCAO DO NIVEL DE DIFICULDADE NO TRANSTORNO DE ASPERGER,2016,,10.7322/abcshs.v41i1.837,ABCS Health Sciences,23578114,41,,1,4,9,,"MOTA, D. M. ;RIBEIRO, D. C. ;REZENDE, G. P. ;SILVA, T. D. ;MONTEIRO, C. B. M. ;TREVIZAN, I. L.;TREVIZAN, ISABELA LOPES ;WAJNSZTEJN, A. B. C. ;MASSETI, T.",,2018.0
2010,2013.0,2014.0,2016.0,2018.0,,303,Fisiologia,,BALANCE ASSESSMENT IN CHILDREN WITH CEREBRAL PALSY USING THE BERG FUNCTIONAL BALANCE SCALE,2015,,,HEALTHMED,18402291,9,,,456,461,,"CSIBAK, K. F. ;GIL, K. V. C. ;MATTA, D. S. P. ;MASSETI, T. ;TREVIZAN, I. L.;TREVIZAN, ISABELA LOPES ;MONTEIRO, C. B. M. ;SILVA, T. D. ;FAVERO, F. M. ;MUNHOZ, C. L. ;ABREU, L. C. ;RONCA, R. P.",,2018.0
2010,2013.0,2014.0,2016.0,2018.0,,303,Fisiologia,,TOTAL REACTION TIME PERFORMANCE OF INDIVIDUALS WITH AUTISM AFTER A VIRTUAL REALITY TASK,2015,,10.4172/2376-0281.1000189,International Journal of Neurorehabilitation,23760281,2,,,1,5,,"HERRERO, D. ;CROCETTA, T. B. ;MASSETI, T. ;MORAES, I. A. P. ;TREVIZAN, I. L.;TREVIZAN, ISABELA LOPES ;GUARNIERI, R. ;REZENDE, G. P. ;VILLACA, K. P. ;MONTEIRO, C. B. M.",,2018.0
2010,2013.0,2014.0,2016.0,2018.0,,303,Fisiologia,,VIRTUAL REALITY IN MULTIPLE SCLEROSIS - A SYSTEMATIC REVIEW,2016,,10.1016/j.msard.2016.05.014,Multiple Sclerosis and Related Disorders,22110348,8,,,107,112,,"MASSETTI, THAIS ;TREVIZAN, ISABELA LOPES ;ARAB, CLAUDIA ;FAVERO, FRANCIS MEIRE ;RIBEIRO-PAPA, DENISE CARDOSO ;DE MELLO MONTEIRO, CARLOS BANDEIRA",,2018.0
2010,2013.0,2014.0,2016.0,2018.0,,303,Fisiologia,,APPLICATION AND OUTCOMES OF THERAPY COMBINING TRANSCRANIAL DIRECT CURRENT STIMULATION AND VIRTUAL REALITY: A SYSTEMATIC REVIEW,2016,,10.1080/17483107.2016.1230152,Disability and Rehabilitation: Assistive Technology,17483107,1,,,1,9,,"MASSETI, T. ;CROCETTA, T. B. ;SILVA, T. D. ;TREVIZAN, I. L. ;ARAB, CLAUDIA ;CAROMANO, F. A. ;MONTEIRO, C. B. M.",,2018.0
2010,2013.0,2014.0,2016.0,2018.0,,303,Fisiologia,,EFFICACY OF DIFFERENT INTERACTION DEVICES USING NON-IMMERSIVE VIRTUAL TASKS IN INDIVIDUALS WITH AMYOTROPHIC LATERAL SCLEROSIS: A CROSS-SECTIONAL RANDOMIZED TRIAL,2018,,10.1186/s12883-018-1212-3,BMC Neurology,14712377,18,,1,1,10,,"TREVIZAN, ISABELA LOPES ;DE ABREU, LUIZ CARLOS ;COE, SHELLY ;MONTEIRO, CARLOS BANDEIRA DE MELLO ;SILVA, TALITA DIAS ;DAWES, HELEN ;MASSETTI, THAIS ;CROCETTA, TÂNIA BRUSQUE ;FAVERO, FRANCIS MEIRE ;OLIVEIRA, ACARY SOUZA BULLE ;DE ARAÚJO, LUCIANO VIEIRA ;SANTOS, ANA CAROLINA COSTA",,2018.0
2010,2013.0,2014.0,2016.0,2018.0,,303,Fisiologia,,INHIBITORS OF TUMOR NECROSIS FACTOR SYNTHESIS AS A NEW APPROACH FOR THE TREATMENT OF RHEUMATOID ARTHRITIS,2020,,10.37532/jahs.2020.9.296,JOURNAL OF ARTHRITIS,21677921,9,,,1,7,,"MENDES, M. T. ;ALPONTI, R. F. ;ALVES, P. L. ;TREVIZAN, I. L. ;MARKUS, R. P. ;FERNANDES, P. A. ;SILVEIRA, P. F.",,2018.0
2010,2013.0,2014.0,2016.0,2018.0,,303,Fisiologia,,PAIN CHARACTERIZATION IN DUCHENNE MUSCULAR DYSTROPHY,2016,,10.1590/0004-282x20160107,Arquivos de Neuro-Psiquiatria (Online),16784227,74,,9,767,774,,"SILVA, T. D. ;MASSETI, T. ;MONTEIRO, C. B. M. ;TREVIZAN, I. L. ;ARAB, C. ;CAROMANO, F. A. ;VOOS, M. C. ;OLIVEIRA, A.S.B ;FAVERO, FRANCIS MEIRE",,2018.0
2013,2017.0,2017.0,2019.0,2021.0,,375,Zoologia,,"ON A NEW SPECIES OF SPIROBRANCHUS BLAINVILLE, 1818 (ANNELIDA: SERPULIDAE) AND CONSIDERATIONS ON THE GENUS ALONG THE BRAZILIAN COAST",2020,,10.11606/1807-0205/2020.60.51,PAPÉIS AVULSOS DE ZOOLOGIA (ONLINE),18070205,60,,,e20206051,17,,"BRANDÃO, IVISON CORDEIRO ;BRASIL, ANA CLAUDIA DOS SANTOS",,2021.0
2009,2013.0,2013.0,2015.0,2017.0,,271,Ecologia,,"REAVALIACAO DA COMPOSICAO E ABUNDANCIA DA ICTIOFAUNA APOS DECADAS DA INTRODUCAO DE PISCIVOROS NA LAGOA DOM HELVECIO, PARQUE ESTADUAL DO RIO DOCE, MG",2016,,,MG. Biota,19833687,9,,1,30,38,,"BUENO, M. L. ;MEDEIROS, J. C. C. ;ROSA, D. M. ;ANDRADE NETO, F. R. ;POMPEU, P. S.",,2017.0
2009,2013.0,2013.0,2015.0,2017.0,,271,Ecologia,,"REAVALIACAO DA DIETA DE PYGOCENTRUS NATTERERI (CHARACIFORMES: SERRASALMIDAE) APOS 30 ANOS DE SUA INTRODUCAO EM UM SISTEMA LACUSTRE DA BACIA DO RIO DOCE, MINAS GERAIS",2018,,,MG. BIOTA,19833687,11,,2,36,49,,"MEDEIROS, J. C. C. ;BUENO, M. L. ;ROSA, D. M. ;ANDRADE NETO, F. R. ;POMPEU, P. S.",,2017.0
2009,2013.0,2013.0,2015.0,2017.0,,271,Ecologia,,EFFECTS OF SHADE ON INDIVIDUAL RAMET GROWTH AND ON CLONAL GROWTH OF THE AQUATIC FERN ISALVINIA AURICULATA (SALVINIACEAE),2017,,10.1640/0002-8444-107.1.21,AMERICAN FERN JOURNAL,28444,107,,1,21,29,,"Medeiros, Jessica Cristina Carvalho ;SILVA, JOSIANE CARVALHO FONSECA ;TEODORO, GRAZIELLE SALES ;DE FREITAS COELHO, FLÁVIA",,2017.0
2009,2013.0,2013.0,2015.0,2017.0,,271,Ecologia,,"RELACAO PESO-COMPRIMENTO E FATOR DE CONDICAO DO PEIXE PRATA, DIAPTERUS RHOMBEUS (PERCIFOMES - GERREIDAE), CAPTURADO NO LITORAL OCIDENTAL DO MARANHAO, BRASIL",2018,,,ANAIS  CONGRESSO BRASILEIRO DE GESTÃO AMBIENTAL,21798400,9,,1,1,6,,"Ferreira, C. F. C. ;CARDOSO, R. L. ;MEDEIROS, J. C. C. ;AZEVEDO, J. W. J. ;CASTRO, A. C. L.",,2017.0
2009,2013.0,2013.0,2015.0,2017.0,,271,Ecologia,,O EFEITO DO SOMBREAMENTO NO MANEJO DA SAMAMBAIA AQUATICA SALVINIA AURICULATA: UM ESTUDO DA REPRODUCAO,2018,,,ANAIS  CONGRESSO BRASILEIRO DE GESTÃO AMBIENTAL,21798400,9,,1,1,4,,"MEDEIROS, J. C. C. ;CARDOSO, R. L. ;SILVA, J. C. F. ;Campos, T. S. ;COELHO, F. F.",,2017.0
2009,2013.0,2013.0,2015.0,2017.0,,271,Ecologia,,RAMET VERSUS SPOROCARP PRODUCTION IN THE AQUATIC FERN SALVINIA AURICULATA (SALVINIACEAE): THE ROLE OF SHADING,2018,,10.1071/bt18062,AUSTRALIAN JOURNAL OF BOTANY,671924,66,,7,583,588,,"Medeiros, Jessica Cristina Carvalho ;SILVA, JOSIANE CARVALHO FONSECA ;RESENDE, TAMIRIS DA SILVEIRA CAMPOS ;TEODORO, GRAZIELLE SALES ;PEREIRA, FABRÍCIO JOSÉ ;COELHO, FLÁVIA DE FREITAS",,2017.0
2009,2013.0,2013.0,2015.0,2017.0,,271,Ecologia,,BIOMASS ALLOCATION AND NUTRIENTS BALANCE RELATED TO THE CONCENTRATION OF NITROGEN AND PHOSPHORUS IN SALVINIA AURICULATA (SALVINIACEAE),2016,,10.1590/1519-6984.21114,Brazilian Journal of Biology (Online),16784375,76,,ahead,461,468,,"MEDEIROS, J. C. C. ;COELHO, F. F. ;TEIXEIRA, E.",,2017.0
2014,2019.0,2019.0,2021.0,2021.0,,230,Botânica,,"MACROALGAS MARINHAS BENTONICAS DA PISCINA DO AMOR, ENSEADA DA PAJUCARA, ALAGOAS ? BRASIL",2018,,,AmbientAL: Revista do Instituto do Meio Ambiente de Alagoas,25946674,2,,1,69,82,,"CARNEIRO, V. A. R. ;BRITO, J. O. F. ;LYRA-LEMOS, R.P. ;GUEDES, E. A. C.",,2021.0
2014,2019.0,2019.0,2021.0,2021.0,,230,Botânica,,OCORRENCIA E DISTRIBUICAO DO GENERO CAULERPA J.V.LAMOUR. (BRYOPSIDALES ? CHLOROPHYTA) NUMA REGIAO TROPICAL DO NORDESTE BRASILEIRO,2020,,10.1590/2236-8906-71/2018,HOEHNEA (SÃO PAULO),732877,46,,4,1,18,,"CARNEIRO, V. A. R. ;CARVALHO, M. F. O. ;BRITO, J. O. F. ;LIMA, F. E. G. Q. ;GUEDES, E. A. C.",,2021.0
2006,2011.0,2013.0,2015.0,2018.0,,376,Zoologia,,INTERNAL FERTILIZATION AND SPERM STORAGE IN CNIDARIANS: A RESPONSE TO ORR AND BRENNAN,2015,,10.1016/j.tree.2015.06.002,Trends in Ecology & Evolution (Amsterdam. Print),1695347,30,,8,435,436,,"MARQUES, ANTONIO CARLOS ;GARCÍA, JIMENA ;LEWIS AMES, CHERYL",,2018.0
2006,2011.0,2013.0,2015.0,2018.0,,376,Zoologia,,EVOLUTION OF THE CLAUSTRUM IN CNIDARIA: COMPARATIVE ANATOMY REVEALS THAT IT IS EXCLUSIVE TO SOME SPECIES OF STAUROZOA AND ABSENT IN CUBOZOA,2017,,10.1007/s13127-017-0342-6,ORGANISMS DIVERSITY & EVOLUTION,14396092,17,,,753,766,,"MIRANDA, LUCÍLIA S. ;García-Rodríguez, Jimena ;COLLINS, ALLEN G. ;MORANDINI, ANDRÉ C. ;MARQUES, ANTONIO C.",,2018.0
2006,2011.0,2013.0,2015.0,2018.0,,376,Zoologia,,GONADAL HISTOLOGY OF BOX JELLYFISH (CNIDARIA: CUBOZOA) REVEALS VARIATION BETWEEN INTERNAL FERTILIZING SPECIES ALATINA ALATA (ALATINIDAE) AND COPULA SIVICKISI (TRIPEDALIIDAE),2018,,10.1002/jmor.20815,JOURNAL OF MORPHOLOGY,3622525,279,,,841,856,,"García-Rodríguez, Jimena ;LEWIS AMES, CHERYL ;MARIAN, JOSÉ EDUARDO A. R. ;MARQUES, ANTONIO CARLOS",,2018.0
2006,2011.0,2013.0,2015.0,2018.0,,376,Zoologia,,"SPERMATOGENESIS AND GONADAL CYCLE IN TAMOYA HAPLONEMA AND CHIROPSALMUS QUADRUMANUS (CNIDARIA, CUBOZOA)",2018,,10.1016/j.jcz.2018.12.008,ZOOLOGISCHER ANZEIGER,445231,278,,,191,,,"Tiseo, G ;García-Rodríguez, Jimena ;ZARA, F. J. ;LEWIS-AMES, C. ;MARQUES, A. C. ;MORANDINI, A. C.",,2018.0
2002,2007.0,2016.0,2018.0,2019.0,,377,Zoologia,,MORPHOLOGY AND HISTOLOGY OF VOM RATH'S ORGAN IN BRUSH-FOOTED BUTTERFLIES (LEPIDOPTERA: NYMPHALIDAE),2020,,10.1371/journal.pone.0231486,PLoS One,19326203,15,,4,e0231486,,,"LASTRA-VALDÉS, JOEL ;SILVA, JOSÉ ROBERTO MACHADO CUNHA DA ;DUARTE, MARCELO",,2019.0
2002,2007.0,2016.0,2018.0,2019.0,,377,Zoologia,,"LIFE CYCLE AND ETHOLOGICAL NOTES ON (HERRICH-SCHAFFER, 1865) (HESPERIIDAE: PYRGINAE)",2017,,10.18473/lepi.71i4.a4,JOURNAL OF THE LEPIDOPTERISTS SOCIETY,240966,71,,4,218,224,,"LASTRA-VALDÉS, JOEL ;CAÑAMERO, ALEJANDRO BARRO",,2019.0
2009,2014.0,2014.0,2016.0,2018.0,,304,Fisiologia,,LOW TEMPERATURE EFFECT ON THE ENDOCRINE AND CIRCADIAN SYSTEMS OF ADULT DANIO RERIO,2021,,10.3389/fphys.2021.707067d,Frontiers in Physiology,1664042X,12,,,707067,,,"SUA-CESPEDES, C. D. ;DAVID, D. D. ;SOUTO NETO, J. A. ;LIMA, O. G. ;De ASSIS, L. V. M. ;MORAES, M. N. ;CASTRUCCI, A. M. L.",,2018.0
2011,2015.0,2016.0,2018.0,2018.0,,340,Genética,,DIFFERENT GENE EXPRESSION PROFILES IN IPSC-DERIVED MOTOR NEURONS FROM ALS8 PATIENTS WITH VARIABLE CLINICAL COURSES SUGGEST MITIGATING PATHWAYS FOR NEURODEGENERATION,2020,,10.1093/hmg/ddaa069,HUMAN MOLECULAR GENETICS,14602083,29,,9,1465,1475,,"OLIVEIRA, D. F. ;GOULART, ERNESTO ;CAIRES, LUIZ ;ALVES, LUCIANA M ;MELO, U. S. ;FIGUEIREDO, THALITA ;MITNE-NETO, M. ;OKAMOTO, OSWALDO K ;VERJOVSKI-ALMEIDA, SERGIO ;ZATZ, MAYANA ;MORALES-VICENTE, DAVID A ;AMARAL, MURILO S ;LUZ, LIVIA ;SERTIÉ, ANDREA L ;LEITE, F. S. ;NAVARRO, CLAUDIA ;KAID, CAROLINI ;ESPOSITO, JOYCE",,2018.0
2011,2015.0,2016.0,2018.0,2018.0,,340,Genética,,EPITHELIAL BASEMENT MEMBRANE OF HUMAN DECELLULARIZED CORNEA AS A SUITABLE SUBSTRATE FOR DIFFERENTIATION OF EMBRYONIC STEM CELLS INTO CORNEAL EPITHELIAL-LIKE CELLS,2020,,10.1016/j.msec.2020.111215,Materials Science & Engineering C-Materials for Biological Applications,9284931,116,,,111215,,,"DA MATA MARTINS, THAÍS MARIA ;DA SILVA CUNHA, PRICILA ;RODRIGUES, MICHELE ANGELA ;DE CARVALHO, JULIANA LOTT ;DE SOUZA, JOYCE ESPOSITO ;DE CARVALHO OLIVEIRA, JUNNIA ALVARENGA ;GOMES, DAWIDSON ASSIS ;DE GOES, ALFREDO MIRANDA",,2018.0
2011,2015.0,2016.0,2018.0,2018.0,,340,Genética,,CLINICAL APPLICATION OF HUMAN INDUCED PLURIPOTENT STEM CELL-DERIVED ORGANOIDS AS AN ALTERNATIVE TO ORGAN TRANSPLANTATION,2021,,10.1155/2021/6632160,STEM CELLS INTERNATIONAL (ONLINE),16879678,2021,,,1,16,,"HSIA, GABRIELLA SHIH PING ;ESPOSITO, JOYCE ;DA ROCHA, LETÍCIA ALVES ;RAMOS, SOFIA LÍGIA GUIMARÃES ;OKAMOTO, OSWALDO KEITH",,2018.0
2011,2015.0,2016.0,2018.0,2018.0,,340,Genética,,MHC VARIANTS ASSOCIATED WITH SYMPTOMATIC VERSUS ASYMPTOMATIC SARS-COV-2 INFECTION IN HIGHLY EXPOSED INDIVIDUALS,2021,,10.3389/fimmu.2021.742881,Frontiers in Immunology,16643224,12,,,1,2,,"CASTELLI, ERICK C. ;MENDES-JUNIOR, CELSO T. ;MEYER, DIOGO ;NUNES, KELLY ;MATOS, LARISSA R. B. ;SILVA, MONIZE V. R. ;WANG, JAQUELINE Y. T. ;ESPOSITO, JOYCE ;CORIA, VIVIAN R. ;BORTOLIN, RAUL H. ;HIRATA, MARIO H. ;DE CASTRO, MATEUS V. ;MAGAWA, JHOSIENE Y. ;CUNHA-NETO, EDECIO ;COELHO, VERÔNICA ;SANTOS, KEITY S. ;MARIN, MARIA LUCIA C. ;KALIL, JORGE ;MITNE-NETO, MIGUEL ;MACIEL, RUI M. B. ;PASSOS-BUENO, MARIA RITA ;ZATZ, MAYANA ;NASLAVSKY, MICHEL S. ;SCLIAR, MARILIA O. ;SILVA, NAYANE S. B. ;ANDRADE, HELOISA S. ;SOUZA, ANDREIA S. ;PEREIRA, RAPHAELA N. ;CASTRO, CAMILA F. B.",,2018.0
2008,2011.0,2013.0,2015.0,2018.0,,272,Ecologia,,"PRIMEIRO REGISTRO DOCUMENTADO DE PIPRAEIDEA BONARIENSIS (GMELIN, 1789) PARA O ESTADO DE MATO GROSSO DO SUL BRASIL",2014,,,Atualidades Ornitológicas,1042386,1,,180,27,,,"WOLF, M. J. ;FAXINA, C. ;VIEIRA-ALENCAR, J. P. S.;VIEIRA-ALENCAR, JOÃO PAULO S.;VIEIRA-ALENCAR, JOÃO PAULO DOS SANTOS",,2018.0
2008,2011.0,2013.0,2015.0,2018.0,,272,Ecologia,,ATLAS OF BRAZILIAN SNAKES: VERIFIED POINT-LOCALITY MAPS TO MITIGATE THE WALLACEAN SHORTFALL IN A MEGADIVERSE SNAKE FAUNA,2019,,10.2994/sajh-d-19-00120.1,South American Journal of Herpetology,18089798,14,,sp1,1,274,,"NOGUEIRA, CRISTIANO C. ;BRAZ, HENRIQUE ;BUONONATO, MARCUS A. ;CISNEROS-HEREDIA, DIEGO F. ;COLLI, GUARINO R. ;COSTA, HENRIQUE C. ;FRANCO, FRANCISCO L. ;GIRAUDO, ALEJANDRO ;GONZALEZ, RODRIGO C. ;GUEDES, THAÍS ;HOOGMOED, MARINUS S. ;ARGÔLO, ANTONIO J.S. ;MARQUES, OTAVIO A.V. ;MONTINGELLI, GIOVANNA G. ;PASSOS, PAULO ;PRUDENTE, ANA L.C. ;RIVAS, GILSON A. ;SANCHEZ, PAOLA M. ;SERRANO, FILIPE C. ;SILVA, NELSON J. ;STRÜSSMANN, CHRISTINE ;VIEIRA-ALENCAR, JOÃO PAULO S. ;ARZAMENDIA, VANESA ;ZAHER, HUSSAM ;SAWAYA, RICARDO J. ;MARTINS, MARCIO ;AZEVEDO, JOSUÉ A. ;BARBO, FAUSTO E. ;BÉRNILS, RENATO S. ;BOLOCHIO, BRUNA E. ;BORGES-MARTINS, MARCIO ;BRASIL-GODINHO, MARCELA",,2018.0
2008,2011.0,2013.0,2015.0,2018.0,,272,Ecologia,,"MAPPING LOCAL AND REGIONAL DISTRIBUTION OF LYGOPHIS PAUCIDENS HOGE, 1952 (SERPENTES, DIPSADIDAE), AN ELUSIVE SNAKE FROM THE SANDY SAVANNAS OF BRAZIL AND PARAGUAY",2020,,10.15560/16.1.75,"CHECK LIST, JOURNAL OF SPECIES LIST AND DISTRIBUTION",1809127X,16,,1,75,81,,"SERRANO, FILIPE ALEXANDRE CABREIRINHA ;VIEIRA-ALENCAR, JOÃO PAULO DOS SANTOS ;DIAZ-RICAURTE, JUAN CAMILO ;NOGUEIRA, CRISTIANO DE CAMPOS",,2018.0
2008,2011.0,2013.0,2015.0,2018.0,,272,Ecologia,,BOTHROPS PAULOENSIS (MARBLED LANCEHEAD). DEFENSIVE BEHAVIOR,2020,,,HERPETOLOGICAL REVIEW,0018084X,51,,2,342,343,,"VIEIRA-ALENCAR, J. P. S. ;ALENCAR, L. R. V.",,2018.0
2008,2011.0,2013.0,2015.0,2018.0,,272,Ecologia,,TROPIDURUS HISPIDUS (PETERS? LAVA LIZARD). PREY-PREDATOR INTERACTION,2019,,,HERPETOLOGICAL REVIEW,0018084X,50,,3,581,582,,"SERRANO, F. C. ;VIEIRA-ALENCAR, J. P. S.;VIEIRA-ALENCAR, JOÃO PAULO S.;VIEIRA-ALENCAR, JOÃO PAULO DOS SANTOS ;RICAURTE, J. C. D.",,2018.0
2009,2012.0,2014.0,2016.0,2018.0,,231,Botânica,,ESTUDO DO IMPACTO DA UTILIZACAO DE ATIVOS VEGETAIS EM FOTOPROTETORES,2015,,,InterfacEHS (Ed. português),19800894,10,,2,62,82,,"CARVALHO, J. C. S.;CAJADO, JULIANA;CARVALHO, JULIANA CAJADO SOUZA;CARVALHO, JULIANA C.S.;CARVALHO, JULIANA C. S. ;GARCIA, P.S.P ;VIGNOL, S.R ;PEDRIALI, C.A",,2018.0
2009,2012.0,2014.0,2016.0,2018.0,,231,Botânica,,IMPROVEMENT OF NUTRITIONAL AND PHYSICOCHEMICAL PROPRIETIES OF MILK CHOCOLATES ENRICHED WITH KALE (BRASSICA OLEREACEA VAR. ACEPHALA) AND GRAPE (VITIS VINIFERA),2018,,10.1590/fst.15018,Food Science and Technology,1012061,38,,,551,560,,"CARVALHO, J. C. S. ;ROMOFF, P. ;LANNES, S.C.S",,2018.0
2009,2012.0,2014.0,2016.0,2018.0,,231,Botânica,,UV-B AND DROUGHT STRESS INFLUENCED GROWTH AND CELLULAR COMPOUNDS OF TWO CULTIVARS OF PHASEOLUS VULGARIS L. (FABACEAE),2020,,10.1111/php.13318,PHOTOCHEMISTRY AND PHOTOBIOLOGY,318655,96,,,11318,,,"SANTOS, DÉBORAH Y.A.C. ;WATERMAN, MELINDA J. ;ROBINSON, SHARON A. ;FURLAN, CLAUDIA M. ;FERREIRA, MARCELO J. PENA ;MATOS, TAMARA MACHADO ;SALA'CARVALHO, WILTON RICARDO ;ANSELMO'MOREIRA, FERNANDA ;ROMA, LUCAS PARADIZO ;CARVALHO, JULIANA CAJADO SOUZA ;PEÑA'HIDALGO, EDGAR MIGUEL ;FRENCH, KRISTINE",,2018.0
2009,2012.0,2014.0,2016.0,2018.0,,231,Botânica,,"LEAF CUTICULAR WAXES OF TANAECIUM (BIGNONIEAE, BIGNONIACEAE): CHEMICAL COMPOSITION AND TAXONOMIC IMPLICATIONS",2021,,10.1016/j.bse.2021.104325,BIOCHEMICAL SYSTEMATICS AND ECOLOGY,3051978,98,,,104325,,,"CARVALHO, JULIANA C.S. ;FRAZÃO, ANNELISE ;LOHMANN, LÚCIA G. ;FERREIRA, MARCELO J.P.",,2018.0
2009,2012.0,2014.0,2016.0,2018.0,,231,Botânica,,"GALLIC ACID-LOADED GEL FORMULATION COMBATS SKIN OXIDATIVE STRESS: DEVELOPMENT, CHARACTERIZATION AND EX VIVO BIOLOGICAL ASSAYS",2017,,10.3390/polym9090391,Polymers,20734360,9,,9,391,,,"MONTEIRO E SILVA, SILAS ;CALIXTO, GIOVANA ;CAJADO, JULIANA ;DE CARVALHO, PATRÍCIA ;RODERO, CAMILA ;CHORILLI, MARLUS ;LEONARDI, GISLAINE",,2018.0
2009,2012.0,2014.0,2016.0,2018.0,,231,Botânica,,"ESENBECKIA (PILOCARPINAE, RUTACEAE): CHEMICAL CONSTITUENTS AND BIOLOGICAL ACTIVITIES",2021,,10.1007/s40415-021-00747-3,Brazilian Journal of Botany,18069959,,,,,,,"CARVALHO, JULIANA C. S. ;PIRANI, JOSÉ R. ;FERREIRA, MARCELO J. P.",,2018.0
2012,2017.0,2018.0,2021.0,2022.0,,273,Ecologia,,CHEMICAL RECOGNITION IN THE SYMBIOTIC PEA CRAB DISSODACTYLUS CRINITICHELIS (CRUSTACEA: DECAPODA: PINNOTHERIDAE): HOST AND CONSPECIFIC CUES,2019,,10.1016/j.jembe.2018.12.002,JOURNAL OF EXPERIMENTAL MARINE BIOLOGY AND ECOLOGY,220981,511,,,108,112,,"SOUZA, JULIANA ;BARROSO, DANILLO ;HIROSE, GUSTAVO L.",,2022.0
2007,2012.0,2014.0,2016.0,2016.0,,341,Genética,,"POPULATION VARIATION OF HLA GENES IN RURAL COMMUNITIES IN BRAZIL, THE QUILOMBOS FROM THE VALE DO RIBEIRA, SAO PAULO - BRAZIL",2016,,10.1016/j.humimm.2016.04.007,Human Immunology,1988859,16,,,30047,,,"NUNES, KELLY ;PIOVEZAN, BRUNO ;TORRES, MARGARETH A. ;PONTES, GERLÂNDIA N. ;KIMURA, LILIAN ;CARNAVALLI, JULIANA E.P. ;MINGRONI NETTO, REGINA CÉLIA ;MORAES, MARIA ELISA ;MEYER, DIOGO",,2016.0
2007,2012.0,2014.0,2016.0,2016.0,,341,Genética,,HLA IMPUTATION IN AN ADMIXED POPULATION: AN ASSESSMENT OF THE 1000 GENOMES DATA AS A TRAINING SET,2015,,10.1016/j.humimm.2015.11.004,Human Immunology,1988859,3,,,307,,,"NUNES, KELLY ;MEYER, DIOGO ;ZHENG, XIUWEN ;TORRES, MARGARETH ;MORAES, MARIA ELISA ;PIOVEZAN, BRUNO Z. ;PONTES, GERLANDIA N. ;KIMURA, LILIAN ;CARNAVALLI, JULIANA E.P. ;MINGRONI NETTO, REGINA C.",,2016.0
2007,2012.0,2014.0,2016.0,2016.0,,341,Genética,,INBREEDING ESTIMATES IN HUMAN POPULATIONS: APPLYING NEW APPROACHES TO AN ADMIXED BRAZILIAN ISOLATE,2018,,10.1371/journal.pone.0196360,PLoS One,19326203,,,,,,,"LEMES, RENAN B. ;NUNES, KELLY ;CARNAVALLI, JULIANA E. P. ;KIMURA, LILIAN ;MINGRONI-NETTO, REGINA C. ;MEYER, DIOGO ;OTTO, PAULO A.",,2016.0
2011,2014.0,2015.0,2017.0,2019.0,,378,Zoologia,,THE FIRST CHROMOSOMAL ANALYSIS OF BISEXUAL POPULATIONS OF THE BRAZILIAN SCORPION TITYUS SERRULATUS (BUTHIDAE),2019,,,Journal of Arachnology,19372396,,,,,,,"LIMA, J. F. ;CARVALHO, L. S. ;SCHNEIDER, M.C.",,2018.0
2010,2013.0,2014.0,2016.0,2017.0,,274,Ecologia,,HISTORICAL LANDSCAPE DOMESTICATION IN ANCESTRAL FORESTS WITH NUTRIENT-POOR SOILS IN NORTHWESTERN AMAZONIA,2019,,10.1016/j.foreco.2019.04.020,FOREST ECOLOGY AND MANAGEMENT,3781127,446,,,317,330,,"FRANCO-MORAES, J. ;BANIWA, A. F. B. ;COSTA, F. R. C. ;LIMA, H. P. ;CLEMENT, C. R. ;SHEPARD, G. H.",,2016.0
2010,2013.0,2014.0,2016.0,2017.0,,274,Ecologia,,A FRAMEWORK FOR IDENTIFYING AND INTEGRATING SOCIOCULTURAL AND ENVIRONMENTAL ELEMENTS OF INDIGENOUS PEOPLES&#146; AND LOCAL COMMUNITIES&#146; LANDSCAPE TRANSFORMATIONS,2021,,10.1016/j.pecon.2021.02.008,Perspectives in Ecology and Conservation,25300644,19,,,143,152,,"FRANCO-MORAES, J. ;CLEMENT, C. R. ;CABRAL-OLIVEIRA, J. ;OLIVEIRA, A. A.",,2016.0
2010,2013.0,2014.0,2016.0,2017.0,,274,Ecologia,,HOW PEOPLE DOMESTICATED AMAZONIAN FORESTS,2018,,10.3389/fevo.2017.00171,FRONTIERS IN ECOLOGY AND EVOLUTION,2296701X,5,,171,1,21,,"LEVIS, C. ;BONGERS, F. ;COSTA, F. R. C. ;CLEMENT, C. R. ;FLORES, B. M. ;MOREIRA, P. A. ;LUIZE, B. G. ;ALVES, R. P. ;FRANCO-MORAES, J. ;LINS, J. ;KONINGS, E. ;PENA-CLAROS, M.",,2016.0
2010,2014.0,2015.0,2017.0,,,275,Ecologia,,SIMULTANEOUS EFFECTS OF REINTRODUCTION STRATEGY AND SEED SIZE ON THE INITIAL DEVELOPMENT OF TWO TROPICAL TREE SPECIES IN AN ABANDONED EUCALYPTUS PLANTATION,2020,,10.1071/BT20093,AUSTRALIAN JOURNAL OF BOTANY,671924,,,,,,,"SCALOPPI, JULIE CHRISTINE ;SOUZA, ANDRÉA LÚCIA TEIXEIRA DE",,2021.0
2008,2011.0,2014.0,2017.0,2019.0,,232,Botânica,,A GENOMIC APPROACH FOR ISOLATING CHLOROPLAST MICROSATELLITE MARKERS FOR (BIGNONIACEAE),2016,,10.3732/apps.1600055,Applications in Plant Sciences,21680450,4,,9,1600055,,,"FRANCISCO, JESSICA N. C. ;NAZARENO, ALISON G. ;LOHMANN, LÚCIA G.",,2019.0
2008,2011.0,2014.0,2017.0,2019.0,,232,Botânica,,"TAXONOMIC REVISION OF PACHYPTERA (BIGNONIEAE, BIGNONIACEAE)",2018,,10.3897/phytokeys.92.20987,PhytoKeys,13142003,92,,,89,131,,"FRANCISCO, JESSICA NAYARA CARVALHO ;LOHMANN, LÚCIA G.",,2019.0
2008,2011.0,2014.0,2017.0,2019.0,,232,Botânica,,BRAZILIAN FLORA 2020: INNOVATION AND COLLABORATION TO MEET TARGET 1 OF THE GLOBAL STRATEGY FOR PLANT CONSERVATION (GSPC).,2018,,,RODRIGUÉSIA (IMPRESSO),3706583,69,,4,1513,1527,,"BFG (The Brazil Flora Group) ;FRANCISCO, J.N.C.",,2019.0
2008,2011.0,2014.0,2017.0,2019.0,,232,Botânica,,"PHYLOGENY AND BIOGEOGRAPHY OF THE AMAZONIAN PACHYPTERA (BIGNONIEAE, BIGNONIACEAE)",2020,,10.1600/10.1600/036364420X15862837791230,SYSTEMATIC BOTANY,3636445,45,,2,361,374,,"FRANCISCO, J.N.C. ;LOHMANN, LÚCIA G.",,2019.0
2008,2011.0,2014.0,2017.0,2019.0,,232,Botânica,,"REESTABLISHMENT OF MANSOA VENTRICOSA (BIGNONIEAE, BIGNONIACEAE) BASED ON MOLECULAR AND MORPHOLOGICAL DATA",2017,,10.11646/phytotaxa.327.2.3,Phytotaxa,11793155,327,,2,141,,,"FRANCISCO, JESSICA NAYARA CARVALHO ;LOHMANN, LÚCIA G.",,2019.0
2009,2013.0,2015.0,2017.0,2017.0,,276,Ecologia,,ECOSYSTEM SERVICES AT RISK: INTEGRATING SPATIOTEMPORAL DYNAMICS OF SUPPLY AND DEMAND TO PROMOTE LONG-TERM PROVISION,2020,,10.1016/j.oneear.2020.11.003,One Earth,25903322,3,,6,704,713,,"BOESING, ANDREA LARISSA ;METZGER, JEAN PAUL ;PRIST, PAULA RIBEIRO ;BARRETO, JULIA ;HOHLENWERGER, CAMILA ;MARON, MARTINE ;RHODES, JONATHAN R. ;ROMANINI, EDUARDA ;TAMBOSI, LEANDRO REVERBERI ;VIDAL, MARIANA",,2017.0
2009,2013.0,2015.0,2017.0,2017.0,,276,Ecologia,,ASSESSING INVERTEBRATE HERBIVORY IN HUMAN-MODIFIED TROPICAL FOREST CANOPIES,2021,,10.1002/ece3.7295,Ecology and Evolution,20457758,X,,X,XX,XX,,"BARRETO, J. R.;BARRETO, JULIA ;Berenguer, E. ;Ferreira, J. ;Joly, C. ;MALHI, Y. ;Seixas, M. M. M. ;Barlow, J.",,2017.0
2013,2017.0,2018.0,2020.0,2020.0,,277,Ecologia,,THE INFLUENCE OF SMALL HUMAN SETTLEMENTS ON MARINE LITTER IN THE NORTHEAST COAST OF BRAZIL,2019,,10.5894/rgci-n265,REVISTA DE GESTÃO COSTEIRA INTEGRADA,16468872,19,,3,177,189,,"BARBOSA JÚNIOR, EMERSON CAMPOS ;SILVA, FABIO LUÍS GALVÃO DA ;MEIRA, VERENA HENSCHEN ;MORATO, KARLA ;GOTTSCHALK, ENÉE ;ROSA, GABRIELA DE LA ;COSTA, YURI",,2020.0
2008,2013.0,2013.0,2015.0,2018.0,,305,Fisiologia,,"FISHES FROM THE PRIVATE NATURAL HERITAGE RESERVE PACATUBA FARM AND ITS SURROUNDING AREAS, PARAIBA STATE, NORTHEASTERN BRAZIL.",2019,,10.22478/ufpb.2236-1480.2018v26n1.45972,REVISTA NORDESTINA DE BIOLOGIA,22361480,26,,1,18,,,"FURTADO, S. N. M. ;BRITO, G. J. S. ;SOUSA, K. S.;SOUSA, KASSIANO S. ;RAMOS, T. A.",,2018.0
2008,2013.0,2013.0,2015.0,2018.0,,305,Fisiologia,,"POSSIBLE ROLE OF PINEAL AND EXTRA-PINEAL MELATONIN IN SURVEILLANCE, IMMUNITY, AND FIRST-LINE DEFENSE",2021,,10.3390/ijms222212143,INTERNATIONAL JOURNAL OF MOLECULAR SCIENCES,14220067,22,,22,12143,,,"MARKUS, REGINA P. ;SOUSA, KASSIANO S. ;DA SILVEIRA CRUZ-MACHADO, SANSERAY ;FERNANDES, PEDRO A. ;FERREIRA, ZULMA S.",,2018.0
2015,2018.0,,,,,342,Genética,,DISCORDANT CONGENITAL ZIKA SYNDROME TWINS SHOW DIFFERENTIAL IN VITRO VIRAL SUSCEPTIBILITY OF NEURAL PROGENITOR CELLS,2018,,10.1038/s41467-017-02790-9,Nature Communications,20411723,9,,1,475,,,"CAIRES-JÚNIOR, LUIZ CARLOS ;MUSSO, CAMILA MANSO ;AMARAL, MURILO SENA ;DASILVA, LUCAS FERREIRA ;ASTRAY, RENATO MANCINI ;SUÁREZ-PATIÑO, SANDRA FERNANDA ;VENTINI, DANIELLA CRISTINA ;GOMES DA SILVA, SÉRGIO ;YAMAMOTO, GUILHERME LOPES ;EZQUINA, SUZANA ;NASLAVSKY, MICHEL SATYA ;GOULART, ERNESTO ;TELLES-SILVA, KAYQUE ALVES ;WEINMANN, KARINA ;VAN DER LINDEN, VANESSA ;VAN DER LINDEN, HELIO ;DE OLIVEIRA, JOÃO MENDES RICARDO ;ARRAIS, NIVIA RODRIGUES MARIA ;MELO, ADRIANA ;FIGUEIREDO, THALITA ;SANTOS, SILVANA ;MEIRA, JOANNA CASTRO GOES ;MELO, UIRÁ SOUTO ;PASSOS, SAULO DUARTE ;DE ALMEIDA, ROQUE PACHECO ;BISPO, ANA JOVINA BARRETO ;CAVALHEIRO, ESPER ABRÃO ;KALIL, JORGE ;CUNHA-NETO, EDÉCIO ;NAKAYA, HELDER ;ANDREATA-SANTOS, ROBERT ;DE SOUZA FERREIRA, LUIS CARLOS ;VERJOVSKI-ALMEIDA, SERGIO ;ARAUJO, BRUNO SILVA HENRIQUE ;HO, PAULO LEE ;PASSOS-BUENO, MARIA RITA ;ZATZ, MAYANA ;ALVIZI, LUCAS ;SOARES-SCHANOSKI, ALESSANDRA ;DE OLIVEIRA, DANYLLO FELIPE ;KOBAYASHI, GERSON SHIGERU ;GRIESI-OLIVEIRA, KARINA",,2019.0
2015,2018.0,,,,,342,Genética,,ZIKA VIRUS SELECTIVELY KILLS AGGRESSIVE HUMAN EMBRYONAL CNS TUMOR CELLS IN VITRO AND IN VIVO,2018,,10.1158/0008-5472.can-17-3201,CANCER RESEARCH,85472,78,,12,canres.3201.20,,,"KAID, CAROLINI ;RIBEIRO JÚNIOR, ANTONIO F. ;VENTINI, DANIELLA CRISTINA ;PUGLIA, ANA L. P. ;GOMES, ROSELANE P. ;ZATZ, MAYANA ;OKAMOTO, OSWALDO K. ;GOULART, ERNESTO ;CAIRES-JÚNIOR, LUIZ CARLOS ;ARAUJO, BRUNO HENRIQUE SILVA ;SOARES-SCHANOSKI, ALESSANDRA ;SIQUEIRA BUENO, HELOISA MARIA ;SILVA, KAYQUE ALVES TELLES ;ASTRAY, RENATO M. ;ASSONI, AMANDA F.",,2019.0
2015,2018.0,,,,,342,Genética,,TET UPREGULATION LEADS TO 5-HYDROXYMETHYLATION ENRICHMENT IN HEPATOBLASTOMA,2019,,10.3389/fgene.2019.00553,Frontiers in Genetics,16648021,10,,,553,,,"RIVAS, MARIA PRATES ;CARRARO, DIRCE MARIA ;DA COSTA, CECILIA MARIA LIMA ;DA CUNHA, ISABELA WERNECK ;KREPISCHI, ANA CRISTINA VICTORINO ;AGUIAR, TALITA FERREIRA MARQUES ;FERNANDES, GUSTAVO RIBEIRO ;CAIRES-JÚNIOR, LUIZ CARLOS ;GOULART, ERNESTO ;TELLES-SILVA, KAYQUE ALVES ;CYPRIANO, MONICA ;DE TOLEDO, SILVIA REGINA CAMINADA ;ROSENBERG, CARLA",,2019.0
2015,2018.0,,,,,342,Genética,,ADULT AND IPS-DERIVED NON-PARENCHYMAL CELLS REGULATE LIVER ORGANOID DEVELOPMENT THROUGH DIFFERENTIAL MODULATION OF WNT AND TGF-&#946;,2019,,10.1186/s13287-019-1367-x,Stem Cell Research & Therapy,17576512,10,,1,258,,,"GOULART, ERNESTO ;GERSTENHABER, JONATHAN A. ;RAIA, SILVANO ;LELKES, PETER I. ;ZATZ, MAYANA ;DE CAIRES-JUNIOR, LUIZ CARLOS ;TELLES-SILVA, KAYQUE ALVES ;ARAUJO, BRUNO HENRIQUE SILVA ;KOBAYASHI, GERSON S. ;MUSSO, CAMILA MANSO ;ASSONI, AMANDA FARIA ;OLIVEIRA, DANYLLO ;CALDINI, ELIA",,2019.0
2015,2018.0,,,,,342,Genética,,3D BIOPRINTING OF LIVER SPHEROIDS DERIVED FROM HUMAN INDUCED PLURIPOTENT STEM CELLS SUSTAIN LIVER FUNCTION AND VIABILITY IN VITRO,2019,,10.1088/1758-5090/ab4a30,Biofabrication,17585082,12,,1,15010,,,"GOULART, ERNESTO ;ASSONI, AMANDA FARIA ;OLIVEIRA, DANYLLO ;CALDINI, ELIA ;RAIA, SILVANO ;LELKES, PETER I ;ZATZ, MAYANA ;DE CAIRES-JUNIOR, LUIZ CARLOS ;TELLES-SILVA, KAYQUE ALVES ;ARAUJO, BRUNO HENRIQUE SILVA ;ROCCO, SILVANA APARECIDA ;SFORCA, MAURICIO ;DE SOUSA, IRENE LAYANE ;KOBAYASHI, GERSON SHIGERU ;MUSSO, CAMILA MANSO",,2019.0
2015,2018.0,,,,,342,Genética,,PRE-COATING DECELLULARIZED LIVER WITH HEPG2-CONDITIONED MEDIUM IMPROVES HEPATIC RECELLULARIZATION,2021,,10.1016/j.msec.2020.111862,Materials Science & Engineering C-Materials for Biological Applications,9284931,121,,,111862,,,"CAIRES-JÚNIOR, LUIZ CARLOS ;RIBEIRO-JR, ANTÔNIO FERNANDO ;ISHIBA, RENATA ;BRAGA, KARINA ANDRIGHETTI OLIVEIRA ;NEPOMUCENO, NATALIA ;CALDINI, ELIA ;RANGEL, THADEU ;RAIA, SILVANO ;LELKES, PETER I. ;ZATZ, MAYANA ;GOULART, ERNESTO ;TELLES-SILVA, KAYQUE ALVES ;ARAUJO, BRUNO HENRIQUE SILVA ;MUSSO, CAMILA MANSO ;KOBAYASHI, GERSON ;OLIVEIRA, DANYLLO ;ASSONI, AMANDA ;CARVALHO, VALDEMIR MELECHCO",,2019.0
2015,2018.0,,,,,342,Genética,,DNA METHYLATION AS A KEY EPIGENETIC PLAYER FOR HEPATOBLASTOMA CHARACTERIZATION,2021,,10.1016/j.clinre.2021.101684,Clinics and Research in Hepatology and Gastroenterology,22107401,45,,3,101684,,,"RIVAS, MARIA ;DE TOLEDO, SILVIA ;CARRARO, DIRCE ;DA CUNHA, ISABELA ;DA COSTA, CECILIA ;ROSENBERG, CARLA ;KREPISCHI, ANA ;AGUIAR, TALITA ;FERNANDES, GUSTAVO ;LEMES, RENAN ;CAIRES-JÚNIOR, LUIZ ;GOULART, ERNESTO ;TELLES-SILVA, KAYQUE ;MASCHIETTO, MARIANA ;CYPRIANO, MONICA",,2019.0
2015,2018.0,,,,,342,Genética,,APPLIED HEPATIC BIOENGINEERING: MODELING THE HUMAN LIVER USING ORGANOID AND LIVER-ON-A-CHIP TECHNOLOGIES,2022,,10.3389/fbioe.2022.845360,FRONTIERS IN BIOENGINEERING AND BIOTECHNOLOGY,22964185,10,,,109,,,"TELLES-SILVA, KAYQUE ALVES ;PACHECO, LARA ;KOMATSU, SABRINA ;CHIANCA, FERNANDA ;CAIRES-JÚNIOR, LUIZ CARLOS ;ARAUJO, BRUNO HENRIQUE SILVA ;GOULART, ERNESTO ;ZATZ, MAYANA",,2019.0
2015,2018.0,,,,,342,Genética,,HEPATOBLASTOMAS EXHIBIT MARKED NNMT DOWNREGULATION DRIVEN BY PROMOTER DNA HYPERMETHYLATION,2020,,10.1177/1010428320977124,TUMOR BIOLOGY,10104283,42,,12,101042832097712,,,"RIVAS, MARIA PRATES ;ODONE, VICENTE ;CYPRIANO, MONICA ;DE TOLEDO, SILVIA REGINA CAMINADA ;CARRARO, DIRCE MARIA ;ESCOBAR, MELISSA QUINTERO ;LEE, HANA ;JOHNSTON, MICHAEL ;DA COSTA, CECILIA MARIA LIMA ;DA CUNHA, ISABELA WERNECK ;TASIC, LJUBICA ;AGUIAR, TALITA FERREIRA MARQUES ;PEARSON, PETER L ;ROSENBERG, CARLA ;TIMCHENKO, NIKOLAI ;KREPISCHI, ANA CRISTINA VICTORINO ;MASCHIETTO, MARIANA ;LEMES, RENAN B ;CAIRES-JÚNIOR, LUIZ CARLOS ;GOULART, ERNESTO ;TELLES-SILVA, KAYQUE ALVES ;NOVAK, ESTELA ;CRISTOFANI, LILIAN MARIA",,2019.0
2014,2018.0,2019.0,2021.0,2021.0,,306,Fisiologia,,AVALIACAO DA QUALIDADE DO LEITE CRU E PREVALENCIA DE MASTITE NO MUNICIPIO DE MOSSORO-RN / EVALUATION OF RAW MILK QUALITY AND PREVALENCE OF MASTITIS IN MOSSORO-RN,2020,,10.34117/bjdv6n8-728,Brazilian Journal of Development,25258761,6,,8,64027,64042,,"OLIVEIRA, PALLOMA VITÓRIA CARLOS DE ;LIMA NETO, EVILÁSIO DE SOUZA ;LUCENA, NEYMAR MENDES ;ABRANTES, MARIA ROCIENE ;SILVA, JEAN BERG ALVES DA ;AZEVEDO NETO, CLAUDOMIROOVÍDIO DE ;LUZ, KEWEN SANTIAGO DA SILVA ;MEDEIROS, DAYSE ARIANE SOARES",,2021.0
2014,2018.0,2019.0,2021.0,2021.0,,306,Fisiologia,,COMPARACAO FISICO-QUIMICA E SENSORIAL DE FILES CONGELADOS DE OREOCHROMIS NILOTICUS E PANGASIUS HYPOPHTHALMUS,2020,,10.33448/rsd-v9i10.8583,"RESEARCH, SOCIETY AND DEVELOPMENT",25253409,9,,10,e3489108583,,,"SOUZA, JOICE TEIXEIRA ;SILVA, ÉRICA LORENNA BATISTA DA ;SILVA, LEÔNIA  RÉGIA COSTA DA ;OLIVEIRA, PALLOMA VITÓRIA CARLOS DE ;LUZ, KEWEN SANTIAGO DA SILVA ;FIRMINO, SALENILDA SOARES ;PEREIRA, GERLÂNDIA DA SILVA ;REBOUÇAS, LUCAS DE OLIVEIRA SOARES ;LIMA, PATRÍCIA DE OLIVEIRA",,2021.0
2012,2014.0,2015.0,2018.0,2018.0,,379,Zoologia,,"TAXONOMIC STUDY OF MOENKHAUSIA COTINHO EIGENMANN, 1908 AND HEMIGRAMMUS NEWBOLDI (FERNANDEZ-YEPEZ, 1949) WITH THE DESCRIPTION OF TWO NEW SPECIES OF MOENKHAUSIA (TELEOSTEI: CHARACIFORMES: CHARACIDAE)",2020,,,ZOOTAXA (ONLINE),11755334,4852,,1,1,,,"Mathubara, K. ;RAGAZZO, M. T.",,2018.0
2012,2014.0,2015.0,2018.0,2018.0,,379,Zoologia,,UNIVERSITY EXTENSION AND TEACHER TRAINING IN BRAZIL: THE ZOOLOGY SUMMER COURSE,2020,,,REVISTA BRASILEIRA DE EXTENSÃO UNIVERSITÁRIA,23580399,11,,3,315-330,,,"SOARES, K. D. A. ;JECKEL, A. ;SILVA, G. M. ;GIOVANNETTI, V. ;Mathubara, K.",,2018.0
2012,2014.0,2015.0,2018.0,2018.0,,379,Zoologia,,?ANATOMIA COMPARADA DE PEIXES ? UM ENFOQUE EVOLUTIVO? INTENSIVE TRAINING COURSE BRINGS ON A NEW GENERATION OF SKILLED ICHTHYOLOGISTS,2020,,,BOLETIM - SOCIEDADE DE ICTIOLOGIA DE LONDRINA,18081436,133,,Setembro,17,17,,"GIOVANNETTI, V. ;SOARES, K. D. A. ;Mathubara, K.",,2018.0
2006,2011.0,2014.0,2017.0,2017.0,,307,Fisiologia,,"BOLITOGLOSSA NICEFORI BRAME Y WAKE, 1963 SALAMANDRA DE SAN GIL",2019,,,Catalogo de Anfibios y Reptiles de Colombia,23576324,5,,1,1,6,,"CHINCHILLA, J. E. O. ;Cabanzo-Olarte, L.C.",,2017.0
2006,2011.0,2014.0,2017.0,2017.0,,307,Fisiologia,,ADVERTISEMENT CALL OF THE GLASS FROG ESPADARANA ANDINA (ANURA: CENTROLENIDAE),2017,,,HERPETOLOGICAL REVIEW,0018084X,3,,48,514,516,,"Cabanzo-Olarte, L.C. ;CHINCHILLA, J. E. O.",,2017.0
2006,2011.0,2014.0,2017.0,2017.0,,307,Fisiologia,,"OVIPOSITION, SITE PREFERENCE, AND EVALUATION OF MALE CLUTCH ATTENDANCE IN ESPADARANA ANDINA (ANURA: CENTROLENIDAE)",2013,,,JOURNAL OF HERPETOLOGY,221511,4,,47,314,320,,"Cabanzo-Olarte, L.C. ;Martha P. Ramírez-Pinilla ;Victor H. Serrano-Cardozo",,2017.0
2006,2011.0,2014.0,2017.0,2017.0,,307,Fisiologia,,ESPADARA ANDINA (RIVERO 1968) RANITA DE CRISTAL,2018,,,Catalogo de Anfibios y reptiles de Colombia,23576324,4,,1,16,22,,"Cabanzo-Olarte, L.C. ;CHINCHILLA, J. E. O.",,2017.0
2010,2015.0,2015.0,2017.0,2018.0,,343,Genética,,MICROPARTICLES: INFLAMMATORY AND HAEMOSTATIC BIOMARKERS IN POLYCYSTIC OVARY SYNDROME,2017,,10.1016/j.mce.2017.01.017,MOLECULAR AND CELLULAR ENDOCRINOLOGY,3037207,443,,,155,162,,"CARVALHO, L.M.L. ;CAMPOS, F.M.F. ;GOMES, K.B. ;FERREIRA, C.N. ;SÓTER, M.O. ;SALES, M.F. ;RODRIGUES, K.F. ;MARTINS, S.R. ;CANDIDO, A.L. ;REIS, F.M. ;SILVA, I.F.O.",,2018.0
2010,2015.0,2015.0,2017.0,2018.0,,343,Genética,,METFORMIN REDUCES TOTAL MICROPARTICLES AND MICROPARTICLES-EXPRESSING TISSUE FACTOR IN WOMEN WITH POLYCYSTIC OVARY SYNDROME,2017,,10.1007/s00404-017-4471-0,Archives of Gynecology and Obstetrics (Internet),14320711,8,,,1,5,,"CARVALHO, Laura M. L. ;FERREIRA, CLÁUDIA N. ;CANDIDO, ANA L. ;REIS, FERNANDO M. ;SÓTER, MIRELLE O. ;SALES, MARIANA F. ;SILVA, IEDA F. O. ;NUNES, FERNANDA F. C. ;GOMES, KARINA BRAGA",,2018.0
2010,2015.0,2015.0,2017.0,2018.0,,343,Genética,,"HAPTOGLOBIN LEVELS, BUT NOT HP1-HP2 POLYMORPHISM, ARE ASSOCIATED WITH POLYCYSTIC OVARY SYNDROME",2017,,10.1007/s10815-017-1030-3,Journal of Assisted Reproduction and Genetics,15737330,-,,,-,,,"CARVALHO, Laura M. L. ;SILVA, IEDA F. O. ;CAMPOS, FERNANDA M. F. ;GOMES, KARINA B. ;FERREIRA, CLÁUDIA N. ;DE OLIVEIRA, DAISY K. D. ;RODRIGUES, KATHRYNA F. ;DUARTE, RITA C. F. ;TEIXEIRA, MÁRCIA F. A. ;XAVIER, LUANA B. ;CANDIDO, ANA LÚCIA ;REIS, FERNANDO M.",,2018.0
2010,2015.0,2015.0,2017.0,2018.0,,343,Genética,,DEVELOPMENT OF ESTHETIC PROSTHESIS FOR A PATIENT WITH SEVERE STIGMATIZING FACIAL LESIONS DUE TO CANCER: A PILOT STUDY,2018,,10.1007/s00520-018-4213-2,SUPPORTIVE CARE IN CANCER,9414355,,,9,2941,2944,,"JORDAN-RIBEIRO, DOUGLAS ;LIMA, MONICA ASSUNÇÃO COSTA ;MENDOZA, LEONEL ;HUEBNER, RUDOLF ;CARVALHO, LAURA MACHADO LARA ;VILELA, RAQUEL ;ROCHA, DAYSE DANIELLE ;RUAS, PAULA LOPES ;ÁVILA, ANTÔNIO FERREIRA ;FERREIRA, DENIS VASCONCELOS ;TRINDADE, EDUARDO MATEUS MOTTA ;SANTOS, PAULO HENRIQUE PIMENTEL",,2018.0
2010,2015.0,2015.0,2017.0,2018.0,,343,Genética,,POLYCYSTIC OVARY SYNDROME AS A SYSTEMIC DISEASE WITH MULTIPLE MOLECULAR PATHWAYS: A NARRATIVE REVIEW,2018,,10.2478/enr-2018-0026,Endocrine Regulations,13360329,52,,4,208,221,,"CARVALHO, L.M.L. ;REIS, F M ;CANDIDO AL ;NUNES FFC ;FERREIRA CN ;GOMES KB",,2018.0
2010,2015.0,2015.0,2017.0,2018.0,,343,Genética,,"HAPTOGLOBIN LEVELS ARE INFLUENCED BY HP1-HP2 POLYMORPHISM, OBESITY, INFLAMMATION, AND HYPERTENSION IN TYPE 2 DIABETES MELLITUS",2018,,10.1016/j.endinu.2018.07.008,"Endocrinología, Diabetes y Nutrición",25300164,,,2,99,107,,"RODRIGUES, K. F. ;PIETRANI, N. T. ;CARVALHO, Laura M. L. ;BOSCO AA ;SANDRIM, V. C. ;FERREIRA, C. N. ;GOMES KB",,2018.0
2010,2015.0,2015.0,2017.0,2018.0,,343,Genética,,INTELIGENCIA E DEFICIENCIA INTELECTUAL: BASES GENETICAS E FATORES AMBIENTAIS,2020,,,Genética na Escola (on line),19803540,15,,1,18,25,,"TOLEZANO, G. C. ;CARVALHO, L.M.L. ;KREPISCHI, A. C. V. ;ROSENBERG, C.",,2018.0
2010,2015.0,2015.0,2017.0,2018.0,,343,Genética,,A NOVEL MYT1L MUTATION IN A BOY WITH SYNDROMIC OBESITY: CASE REPORT AND LITERATURE REVIEW,2021,,10.1016/j.orcp.2021.01.001,Obesity Research & Clinical Practice,1871403X,15,,2,124,132,,"CARVALHO, LAURA M.L. ;D?ANGELO, CARLA S. ;MUSTACCHI, ZAN ;DA SILVA, ISRAEL T. ;KREPISCHI, ANA CRISTINA V. ;KOIFFMANN, CELIA P. ;ROSENBERG, CARLA",,2018.0
2010,2015.0,2015.0,2017.0,2018.0,,343,Genética,,POLYCYSTIC OVARY SYNDROME: CLINICAL AND LABORATORY VARIABLES RELATED TO NEW PHENOTYPES USING MACHINE-LEARNING MODELS,2021,,10.1007/s40618-021-01672-8,JOURNAL OF ENDOCRINOLOGICAL INVESTIGATION,17208386,2021,,,1,9,,"SILVA, I. S. ;VELOSO, A. A. ;GOMES KB ;FERREIRA, C. N. ;COSTA, L. B. X. ;SOTER, M. O. ;CARVALHO, L.M.L. ;ALBUQUERQUE, J. C. ;SALES, M. F. ;CANDIDO, A. L. ;REIS, F. M.",,2018.0
2010,2015.0,2015.0,2017.0,2018.0,,343,Genética,,TWO NOVEL PATHOGENIC VARIANTS IN : ONE FAMILIAL AND ONE ISOLATED CASE,2021,,10.1111/jir.12891,JOURNAL OF INTELLECTUAL DISABILITY RESEARCH,9642633,2021,,,1,9,,"Carvalho, LML ;COSTA, S. S. ;Campagnari, F ;KAUFMAN, A ;BERTOLA, D. R. ;SILVA, I. T. ;KREPISCHI, A. C. V. ;KOIFFMANN, C. P. ;ROSENBERG, C.",,2018.0
2010,2015.0,2015.0,2017.0,2018.0,,343,Genética,,REVISITANDO O DOGMA CENTRAL: A RELACAO ENTRE GENES E PROTEINAS,2021,,,Genética na Escola (on line),19803540,16,,2,196,207,,"VASCONCELOS, F. T. G. R. ;Barbosa, IN ;CARVALHO, L.M.L. ;SOUZA, L. S. ;KREPISCHI, A. C. V.",,2018.0
2010,2015.0,2015.0,2017.0,2018.0,,343,Genética,,MODELOS ANIMAIS NO ESTUDO DE DOENCAS GENETICAS HUMANAS,2022,,,Genética na Escola (on line),19803540,,,,,,,"VASCONCELOS, F. T. G. R. ;Carvalho, LML ;SOUZA, L. S. ;Barbosa, IN ;DAVILA, C. K. ;ZATZ, M. ;VAINZOF, M.",,2018.0
2019,2019.0,2017.0,2019.0,2020.0,,380,Zoologia,,"MEDIDAS PROFILATICAS PARA AMENIZAR A QUESTAO DAS ZOONOSES OCASIONADAS POR CAES ABANDONADOS NAS RUAS DO BAIRRO FAXINAL, MAFRA - SC",2016,,10.24302/sma.v5i2.888,Saúde e Meio Ambiente - Revista Interdisciplinar,2316347X,5,,2,3,20,,LAÍS ALINE GROSSEL ;MARISTELA POVALUK,,2020.0
2019,2019.0,2017.0,2019.0,2020.0,,380,Zoologia,,DOMINANCE HIERARCHY AND SOCIAL NETWORK IN A CAPTIVE GROUP OF WHITE-LIPPED PECCARY MALES: WHAT HAPPENS AFTER THE ALPHA MALE LEAVES?,2021,,10.1007/s10211-021-00386-7,ACTA ETHOLOGICA,8739749,-,,,-,,,"GROSSEL, LAÍS ALINE ;JAVOROUSKI, MANOEL LUCAS ;MOREIRA, NEI ;DE ARAUJO MONTEIRO-FILHO, EMYGDIO LEITE",,2020.0
2019,2019.0,2017.0,2019.0,2020.0,,380,Zoologia,,NEOTROPICAL CARNIVORES:,2020,,10.1002/ecy.3128,ECOLOGY,129658,101,,,ecy.3128,,,"NAGY'REIS, MARIANA B. ;ROHE, FABIO ;ROSA, AUGUSTO LISBOA MARTINS ;BANHOS, AUREO ;DA SILVA DE SOUZA FRANCISCO, BEATRIZ ;CEZILA, BEATRIZ AZEVEDO ;DE MELLO BEISIEGEL, BEATRIZ ;DE THOISY, BENOIT ;INGBERMAN, BIANCA ;DOS SANTOS NEVES, BIANCA ;PEREIRA'SILVA, BRENDA ;BERTAGNI DE CAMARGO, BRUNA ;LEMOS, FREDERICO GEMESIO ;DA SILVA ANDRADE, BRUNA ;SANTOS, BRUNA SILVA ;LELES, BRUNO ;TORRES PARAHYBA CAMPOS, BRUNO AUGUSTO ;KUBIAK, BRUNO BUSNELLO ;DE ALBUQUERQUE FRANÇA, BRUNO RODRIGO ;SARANHOLI, BRUNO HENRIQUE ;PEREIRA MENDES, CALEBE ;CANTAGALLO DEVIDS, CAMILA ;PIANCA, CAMILA ;MARTELLO, FELIPE ;RODRIGUES, CAMILA ;ISLAS, CAMILA ALVEZ ;DE LIMA, CAMILLA ANGÉLICA ;DE LIMA, CAMILO RIBEIRO ;GESTICH, CARLA CRISTINA ;TEDESCO, CARLA DENISE ;DE ANGELO, CARLOS ;FONSECA, CARLOS ;HASS, CARLOS ;PERES, CARLOS A. ;ALVES'EIGENHEER, MILENE ;KASPER, CARLOS BENHUR ;DURIGAN, CARLOS CESAR ;FRAGOSO, CARLOS EDUARDO ;VERONA, CARLOS EDUARDO ;ROCHA, CARLOS FREDERICO DUARTE ;SALVADOR, CARLOS HENRIQUE ;VIEIRA, CARLOS LEONARDO ;RUIZ, CARMEN ELENA BARRAGÁN ;CHEIDA, CAROLINA CARVALHO ;SARTOR, CAROLINE CHARÃO ;DA SILVA, RAFAELA APARECIDA ;DA COSTA ESPINOSA, CAROLINE ;FIEKER, CAROLLINE ZATTA ;BRAGA, CARYNE ;SÁNCHEZ'LALINDE, CATALINA ;MACHADO, CAUANNE IGLESIAS CAMPOS ;CRONEMBERGER, CECILIA ;LUNA, CECÍLIA LICARIÃO ;DEL VECHIO, CHRISTINE ;BERNARDO, CHRISTINE STEINER S. ;HURTADO, CINDY MELIZA ;SILVEIRA DOS SANTOS, JULIANA ;LOPES, CÍNTIA M. ;DA ROSA, CLARISSA ALVES ;CINTA, CLAUDIA CRISTINA ;COSTA, CLAUDIA GUIMARAES ;ZÁRATE'CASTAÑEDA, CLAUDIA PAOLA ;NOVAES, CLAUDIO LEITE ;JENKINS, CLINTON N. ;SEIXAS, CRISTIANA SIMÃO ;MARTIN, CRISTIANE ;ZANIRATTO, CRISTIANE PATRÍCIA ;PRIANTE, CAMILA FÁTIMA ;LÓPEZ'FUERTE, CRISTINA FABIOLA ;DA CUNHA, CRISTINA JAQUES ;DE'CARVALHO, CRIZANTO BRITO ;CHÁVEZ, CUAUHTÉMOC ;SANTOS, CYNTIA CAVALCANTE ;POLLI, DAIANA JERONIMO ;BUSCARIOL, DAIANE ;CARREIRA, DAIANE CRISTINA ;GALIANO, DANIEL ;THORNTON, DANIEL ;BERNARDO, RODRIGO ;DA SILVA FERRAZ, DANIEL ;LAMATTINA, DANIELA ;MORENO, DANIELE JANINA ;MOREIRA, DANIELLE OLIVEIRA ;FARIAS, DANILO AUGUSTO ;BARROS'BATTESTI, DARCI MORAES ;TAVARES, DAVI CASTRO ;COSTA BRAGA, DAVID ;GASPAR, DENISE ALEMAR ;FRIEDEBERG, DIANA ;ROGERI, PATRICIA ;ASTÚA, DIEGO ;SILVA, DIEGO AFONSO ;VIANA, DIEGO CARVALHO ;LIZCANO, DIEGO J. ;VARELA, DIEGO M. ;LORETTO, DIOGO ;GRÄBIN, DIOGO MAIA ;EATON, DONALD P. ;MACHADO DA SILVA, DOUGLAS ;DE MATOS DIAS, DOUGLAS ;ASSIS, JULIA CAMARA ;CAMARA, EDELTRUDES MARIA VALADARES CALAÇA ;BARBIER, EDER ;CHÁVEZ'GONZÁLEZ, EDGAR ;ROCHA, EDNALDO CÂNDIDO ;DE SOUZA LIMA, EDSON ;CARRANO, EDUARDO ;EIZIRIK, EDUARDO ;NAKANO'OLIVEIRA, EDUARDO ;RIGACCI, EDUARDO DELGADO ;SANTOS, EDUARDO MARQUES ;DE FARIA OSHIMA, JÚLIA EMI ;GASPAR, LUCAS PACCIULLIO ;VENTICINQUE, EDUARDO MARTINS ;ALEXANDRINO, EDUARDO ROBERTO ;ABREU RIBEIRO, EDVANDRO ;SETZ, ELEONORE ;ROCHA, ELIANA CÉSAR LARANJEIRA DUARTE ;CARVALHO JR, ELILDO ALVES RIBEIRO ;RECHENBERG, ELISABETE ;DA COSTA FRAGA, ELMARY ;MENDONÇA, ELOISA NEVES ;D'BASTIANI, ELVIRA ;TONETTI, VINICIUS RODRIGUES ;ISASI'CATALÁ, EMILIANA ;GUIJOSA'GUADARRAMA, EMILIANO ;RAMALHO, EMILIANO ESTERCI ;GONZÁLEZ, ENRIQUE ;HASUI, ÉRICA ;SAITO, ERICA NAOMI ;FISCHER, ERICH ;AGUIAR, ERICK FRANCISCO ;ROCHA, ERICK SEKIAMA ;MARTÍNEZ NAMBO, ERIK DANIEL ;TRINCA, CRISTIANO TRAPÉ ;DE LA PEÑA'CUÉLLAR, ERIKA ;CASTRO, ÉRIKA PAULA ;DE FREITAS, EVELLYN BORGES ;PEDÓ, EZEQUIEL ;ROCHA, FABIANA LOPES ;GIRARDI, FABIANE ;DE AGUIAR PEREIRA, FABIANE ;SOARES, FÁBIO ANGELO MELO ;DE OLIVEIRA ROQUE, FABIO ;DÍAZ'SANTOS, FABIO GABRIEL ;DE SOUZA RIBEIRO, ADAUTO ;PATIU, FABIO MELLO ;DO NASCIMENTO, FABIO OLIVEIRA ;KEESEN FERREIRA, FABÍOLA ;DIAZ'SANTOS, FABRICIO ;MORELI FANTACINI, FELIPE ;PEDROSA, FELIPE ;PESSOA DA SILVA, FELIPE ;VELEZ'GARCIA, FELIPE ;GOMES, FELIPE BITTIOLI R. ;GUEDES DA SILVA, FERNANDA ;BOCCHIGLIERI, ADRIANA ;MICHALSKI, FERNANDA ;DE AZEVEDO, FERNANDA CAVALCANTI ;DE BARROS, FERNANDA CRISTINA ;DA SILVA SANTOS, FERNANDA ;ABRA, FERNANDA DELBORGO ;DO PASSO RAMALHO, FERNANDA ;HATANO, FERNANDA MARTINS ;ANAGUANO'YANCHA, FERNANDO ;GONÇALVES, FERNANDO ;PEDRONI, FERNANDO ;HASS, ADRIANI ;PASSOS, FERNANDO C. ;DE CASTRO JACINAVICIUS, FERNANDO ;BONFIM, FERNANDO CÉSAR GONÇALVES ;PUERTAS, FERNANDO HENRIQUE ;CONTRERAS'MORENO, FERNANDO M. ;TORTATO, FERNANDO RODRIGO ;SANTOS, FILIPE MARTINS ;CHAVES, FLÁVIA GUIMARÃES ;TIRELLI, FLAVIA PEREIRA ;VILAS BOAS, FLÁVIO EDUARDO ;CANTERI, ADRIANO ;RODRIGUES, FLAVIO HENRIQUE GUIMARÃES ;UBAID, FLÁVIO KULAIF ;GROTTA'NETO, FRANCISCO ;PALOMARES, FRANCISCO ;SOUZA, FRANCO LEANDRO ;COSTA, FRANCYS EMANUELLE ;FRANÇA, FREDERICO G.R. ;RAMÍREZ PINTO, FREDY ;AGUIAR, GABRIEL LIMA ;HOFMANN, GABRIEL SELBACH ;CHIARELLO, ADRIANO GARCIA ;HELIODORO, GABRIELA ;DUARTE, GABRIELA TEIXEIRA ;DE ANDRADE, GABRIELLE RIBEIRO ;BECA, GABRIELLE ;ZAPATA'RÍOS, GALO ;GINÉ, GASTÓN ANDRÉS FERNANDEZ ;POWELL, GEORGE VN ;FERNANDES, G. WILSON ;FORERO'MEDINA, GERMAN ;MELO, GERUZA L. ;PAGLIA, ADRIANO PEREIRA ;SANTANA, GINDOMAR GOMES ;CIOCHETI, GIORDANO ;ALVES, GISELLE BASTOS ;DE OLIVEIRA SOUTO, GLAUBER HENRIQUE BORGES ;VILLARROEL, GLENDA JÉSSICA ;DE OLIVEIRA PORFIRIO, GRASIELA EDITH ;BATISTA, GRAZIELE OLIVEIRA ;BEHLING, GREICI MAIA ;AYALA CRESPO, GUIDO MARCOS ;DE MIRANDA MOURÃO, GUILHERME ;PEREIRA, ADRIELE APARECIDA ;REZENDE, GUILHERME ZAMARIAN ;DA COSTA TOLEDO, GUSTAVO ALVES ;HERRERA, HEITOR MIRAGLIA ;ALVES PRADO, HELENA ;DE GODOY BERGALLO, HELENA ;SECCO, HELIO ;RAJÃO, HENRIQUE ;ROIG, HENRIQUE LLACER ;CONCONE, HENRIQUE VILLAS BOAS ;DUARTE, HERBERT ;KANDA, CLAUDIA ZUKERAN ;DE SOUZA, AGNIS CRISTIANE ;ERMENEGILDO, HIAGO ;PAULINO NETO, HIPÓLITO FERREIRA ;QUIGLEY, HOWARD ;LEMOS, HUDSON MACEDO ;CABRAL, HUGO ;FERNANDES'FERREIRA, HUGO ;DEL CASTILLO, HUGO FERNANDO ;RIBEIRO, IGOR KINTOPP ;COELHO, IGOR PFEIFER ;FRANCESCHI, INGRIDI CAMBOIM ;GATICA, AILIN ;MELO, ISABEL ;OLIVEIRA'BEVAN, ISABELLA ;MOURTHE, ITALO ;BERNARDI, ITIBERÊ ;DE LA TORRE, J. ANTONIO ;MARINHO'FILHO, JADER ;MARTINEZ, JAIME ;PALACIOS PEREZ, JAIME XAVIER ;PÉREZ'TORRES, JAIRO ;BUBADUÉ, JAMILE ;MEDEIRO, AKYLLAM ZOPPI ;SILVEIRA, JANA RANGEL ;SEIBERT, JARDEL BRANDÃO ;OLIVEIRA, JASMIM FELIPE ;ASSIS, JASMINE RESENDE ;DE LA MAZA, JAVIER ;HINOJOSA, JAVIER ;METZGER, JEAN PAUL ;THOMPSON, JEFFREY JAMES ;SVENNING, JENS'CHRISTIAN ;GOUVEA, JÉSSICA ABONIZIO ;ERIKSSON, ALAN ;SOUZA, JESUS RODRIGUES DOMINGOS ;PINCHEIRA'ULBRICH, JIMMY ;NODARI, JOANA ZORZAL ;MIRANDA, JOÃO ;ZECCHINI GEBIN, JOÃO CARLOS ;GIOVANELLI, JOÃO GABRIEL RIBEIRO ;ROSSI JUNIOR, JOÃO LUIZ ;PANDINI FAVORETTI, JOÃO PAULO ;VILLANI, JOÃO PAULO ;JUST, JOÃO PAULO GAVA ;COSTA, ALAN NILO ;SOUZA'ALVES, JOÃO PEDRO ;COSTA, JOCIEL FERREIRA ;ROCHA, JOEDISON ;POLISAR, JOHN ;SPONCHIADO, JONAS ;CHEREM, JORGE JOSÉ ;MARINHO, JORGE REPPOLD ;ZIEGLER, JÖRN ;CORDEIRO, JOSÉ ;DE SOUSA E SILVA JÚNIOR, JOSÉ ;GONZÁLEZ'GALLINA, ALBERTO ;RODRIGUEZ'PULIDO, JOSE ARIEL ;CHAVES DOS SANTOS, JOSÉ CARLOS ;DOS REIS JÚNIOR, JOSÉ CLEMENSOU ;MANTOVANI, JOSE EDUARDO ;MOREIRA RAMÍREZ, JOSÉ FERNANDO ;SARASOLA, JOSÉ HERNÁN ;CARTES, JOSE LUIS ;DUARTE, JOSÉ MAURÍCIO BARBANTI ;LONGO, JOSE MILTON ;DANTAS, JOSÉ OLIVEIRA ;YANOSKY, ALBERTO A ;VENANCIO, JOSÉ OTÁVIO ;DE MATOS, JOSE ROBERTO ;PIRES, JOSÉ SALATIEL RODRIGUES ;HAWES, JOSEPH E. ;SANTOS, JOYCE GONÇALVES ;RUIZ'ESPARZA, JUAN ;MARTÍNEZ LANFRANCO, JUAN ANDRÉS ;RUDOLF, JUAN CARLOS ;CHARRE'MEDELLIN, JUAN FELIPE ;ZANÓN'MARTÍNEZ, JUAN IGNACIO ;JESUS DE LA CRUZ, ALEJANDRO ;PEÑA'MONDRAGÓN, JUAN L. ;CAMPOS KRAUER, JUAN MANUEL ;ARRABAL, JUAN PABLO ;BEDUSCHI, JULIA ;ILHA, JÚLIA ;MATA, JULIA CAROLINA ;BONANOMI, JULIANA ;JORDAO, JULIANA ;DE ALMEIDA'ROCHA, JULIANA MONTEIRO ;PEREIRA'RIBEIRO, JULIANE ;BERTASSONI, ALESSANDRA ;ZANONI, JULIANI BRUNA ;BOGONI, JULIANO ANDRÉ ;CHACÓN PACHECO, JULIO JAVIER ;CONTRERAS PALMA, KAMILA MARIANNE ;STRIER, KAREN B. ;RODRIGUEZ CASTRO, KAREN GISELLE ;DIDIER, KARL ;SCHUCHMANN, KARL'L. ;CHÁVEZ'CONGRAINS, KARLA ;BURS, KATHRIN ;BAGER, ALEX ;FERRAZ, KATIA M.P.M.B. ;JUAREZ, KEILA MACFADEM ;FLESHER, KEVIN ;MORAIS, KIMBERLY DANIELLE RODRIGUES ;LAUTENSCHLAGER, LAÍS ;GROSSEL, LAÍS ALINE ;DAHMER, LAIS CAMILA ;DE ALMEIDA, LANA RESENDE ;FORNITANO, LARISSA ;DE NAZARÉ BARROS BARBOSA, LARISSA ;PALMEIRA, FRANCESCA BELEM LOPES ;BOVO, ALEX AUGUSTO ABREU ;BAILEY, LARISSA L. ;BARRETO, LARISSA NASCIMENTO ;VILLALBA, LAURA MAGNOLIA ;MAGALHÃES, LAURA MARTINS ;CULLEN, LAURY ;MARQUES, LEANDRO ;MARQUES COSTA, LEONARDO ;SILVEIRA, LEANDRO ;MOREIRA, LEANDRO SANTANA ;SARTORELLO, LEONARDO ;CRAVINO MOL, ALEXANDRA ;DE CARVALHO OLIVEIRA, LEONARDO ;DE PAULA GOMES, LEONARDO ;DOS SANTOS AGUIAR, LEONARDO ;DA SILVA, LEONARDO HENRIQUE ;MENDONÇA, LEONARDO SIQUEIRA ;VALENZUELA, LEONOR ADRIANA ;BENAVALLI, LETÍCIA ;DIAS, LETICIA COUTINHO SANGY ;MUNHOES, LETICIA PRADO ;CATENACCI, LILIAN ;BEZERRA, ALEXANDRA MARIA RAMOS ;RAMPIM, LILIAN ELAINE ;DE PAULA, LÍVIA MARIA ;NASCIMENTO, LORENA ANNE ;GONÇALVES DA SILVA, LUCAS ;QUINTILHAM, LUCAS ;RAMIS SEGURA, LUCAS ;PERILLO, LUCAS NEVES ;REZENDE, LUCAS RODRIGO ;MARTÍNEZ RETTA, LUCÍA ;ROJAS, LUCIA NATHALY STEFANY ;PERCEQUILLO, ALEXANDRE ;GUIMARÃES, LUIZA NEVES ;ARAÚJO, LUCIANA ;ZAGO DA SILVA, LUCIANA ;DE ALAGÃO QUERIDO, LUCIANO CARRAMASCHI ;VERDADE, LUCIANO MARTINS ;PERERA'ROMERO, LUCY E ;CARVALHO'LEITE, LUDIMILA JULIELE ;HUFNAGEL, LUDMILA ;REZENDE BERNARDO, LUIS RENATO ;OLIVEIRA, LUIZ FLAMARION ;VOGLIOTTI, ALEXANDRE ;OLIVEIRA SANTOS, LUIZ GUSTAVO RODRIGUES ;LYRA, LUIZ HENRIQUE ;BORGES, LUIZ HENRIQUE MEDEIROS ;SEVERO, MAGNUS MACHADO ;BENCHIMOL, MAÍRA ;QUATROCCHI, MAIRA GIULIANA ;MARTINS, MAÍSA ZIVIANI ALVES ;RODRIGUES, MANOEL ;PENTEADO, MARCEL JOSÉ FRANCO ;FIGUERÊDO DUARTE MORAES, MARCELA ;COSTA LOPES, ALEXANDRE MARTINS ;OLIVEIRA, MARCELA ALVARES ;LIMA, MARCELA GUIMARÃES MOREIRA ;DO CARMO PÔNZIO, MARCELLA ;CERVINI, MARCELO ;DA SILVA, MARCELO ;PASSAMANI, MARCELO ;VILLEGAS, MARCELO ALEJANDRO ;DOS SANTOS JUNIOR, MARCELO AUGUSTO ;YAMANE, MARCELO HIDEKI ;DE ASSIS JARDIM, MARCIA MARIA ;KEUROGHLIAN, ALEXINE ;LEITE DE OLIVEIRA, MÁRCIO ;SILVEIRA, MARCOS ;TORTATO, MARCOS ADRIANO ;DE SOUZA LIMA FIGUEIREDO, MARCOS ;VIEIRA, MARCUS VINÍCIUS ;SEKIAMA, MARGARETH L ;ANDRADE DA SILVA, MARIA AUGUSTA ;NUÑEZ, MARÍA BEATRIZ ;SIVIERO, MARIA BRUNINI ;CARRIZO, MARÍA CELINA ;ZÚÑIGA HARTLEY, ALFONSO CHRISTOPHER ;BARROS, MARIA CLAUDENE ;BARROS, MARÍLIA A.S. ;DO ROSÁRIO, MARIA CRISTINA FERREIRA ;PEÑUELA MORA, MARÍA CRISTINA ;DEL CARMEN FLEYTAS JOVER, MARIA ;DE FREITAS MORANDI, MARIA ELISA ;HUERTA, MARIA EMILIA ;FERNANDES, MARIA EMÍLIA AVELAR ;VISCARRA SIÑANI, MARIA ESTELA ;IEZZI, MARÍA EUGENIA ;DEVLIN, ALLISON L. ;RAMOS PEREIRA, MARIA JOÃO ;GOMEZ VINASSA, MARIA LAURA ;LORINI, MARIA LUCIA ;JORGE, MARIA LUISA S. P. ;MORINI, MARIA SANTINA ;GUENTHER, MARIANA ;LANDIS, MARIANA BUENO ;VALE, MARIANA M. ;XAVIER, MARIANA SAMPAIO ;TAVARES, MARIANA SILVA ;DE PAULA, ALMIR ;KAIZER, MARIANE ;VELILLA, MARIANELA ;BERGEL, MARIANO MAUDET ;HARTMANN, MARILIA TERESINHA ;LIMA DA SILVA, MARINA ;RIVERO, MARINA ;SALLES MUNERATO, MARINA ;XAVIER DA SILVA, MARINA ;ZANIN, MARINA ;MARQUES, MARINÊZ ISAAC ;DE MELO, FABIANO RODRIGUES ;GARCÍA'OLAECHEA, ALVARO ;HABERFELD, MARIO ;DI BITETTI, MARIO S ;BOWLER, MARK ;GALLIEZ, MARON ;ORTIZ'MORENO, MARTHA LUCIA ;BUSCHIAZZO, MARTIN ;MONTES, MARTIN ALEJANDRO ;ALVAREZ, MARTÍN R. ;MELO'DIAS, MATEUS ;REIS, MATHEUS GONÇALVES ;SÁNCHEZ, AMADEO ;CORRÊA, MATHEUS ROCHA JORGE ;TOBLER, MATHIAS W. ;GOMPPER, MATTHEW E. ;NUNEZ'REGUEIRO, MAURICIO ;BRANDÃO VECCHI, MAURÍCIO ;GRAIPEL, MAURÍCIO EDUARDO ;GODOI, MAURICIO NEVES ;MOURA, MAURICIO O. ;KONZEN, MAURÍCIO QUOOS ;PARDO, MAXIMILIANO VÍCTOR ;AQUINO, ANA CARLA MEDEIROS MORATO ;BELTRÃO, MAYARA GUIMARÃES ;MONGELLI, MELISSA ;ALMEIDA, MEYLINE OLIVEIRA ;GILMORE, MICHAEL P. ;SCHUTTE, MICHEL ;FARIA, MICHEL BARROS ;LUIZ, MICHELI RIBEIRO ;DE PAULA, MILTON ;HIDALGO'MIHART, MIRCEA G. ;PERILLI, MIRIAM LUCIA LAGES ;SRBEK'ARAUJO, ANA CAROLINA ;FREITAS'JUNIOR, MOZART CAETANO ;DA SILVA, MURILLO PRADO ;DENKIEWICZ, NATALIA MARIANA ;TORRES, NATALIA MUNDIM ;OLIFIERS, NATALIE ;DA SILVA DE LIMA, NATANI ;DE ALBUQUERQUE, NATASHA MORAES ;CANASSA, NATHÁLIA FERNANDES ;DE ALMEIDA CURI, NELSON HENRIQUE ;PRESTES, NÊMORA PAULETTI ;OCHOA, ANA CECILIA ;FALCONI, NEREYDA ;GURGEL'FILHO, NEWTON MOTA ;PASQUALOTTO, NIELSON ;CÁCERES, NILTON C. ;PERONI, NIVALDO ;DE LA SANCHA, NOÉ U. ;ZANELLA, NOELI ;MONROY'VILCHIS, OCTAVIO ;PAYS, OLIVIER ;ARIMORO, OMOLABAKE ALHAMBRA ;TOMAZZONI, ANA CRISTINA ;RIBEIRO, OTÁVIO SANTI ;VILLALVA, PABLO ;GONÇALVES, PABLO RODRIGUES ;SANTOS, PALOMA MARQUES ;BRENNAND, PAMELLA ;ROCHA, PATRÍCIO ;AKKAWI, PAULA ;CRUZ, PAULA ;FERREIRA, PAULA MODENESI ;PRIST, PAULA RIBEIRO ;LACERDA, ANA CRISTYNA REIS ;MARTIN, PAULA SANCHES ;ARROYO'GERALA, PAULINA ;AURICCHIO, PAULO ;HARTMANN, PAULO AFONSO ;DE TARSO ZUQUIM ANTAS, PAULO ;CAMARGO, PAULO H.S.A. ;MARINHO, PAULO HENRIQUE ;RUFFINO, PAULO HENRIQUE PEIRA ;PRADO, PAULO INÁCIO ;MARTINS, PAULO WESLEY ;DE FARIA BACELLAR, ANA ELISA ;CORDEIRO'ESTRELA, PEDRO ;LUNA, PEDRO ;SARMENTO, PEDRO ;FARIA PERES, PEDRO HENRIQUE ;GALETTI, PEDRO MANOEL ;DE CASTILHO, PEDRO VOLKMER ;RENAUD, PIERRE'CYRIL ;SCARASCIA, PIETRO OLIVEIRA ;DE PAULA ANDRADE COBRA, PRISCILLA ;LOMBARDI, PRYSCILLA MOURA ;CAMPELO, ANA KELLEN NOGUEIRA ;BESSA, RAFAEL ;REYNA'HURTADO, RAFAEL ;DE SOUZA, RAFAEL CERQUEIRA CASTRO ;HOOGESTEIJN, RAFAEL JAN ;ALVES, RAFAEL SOUZA CRUZ ;ROMAGNA, RAFAEL SPILERE ;SILVA, RAMON LIMA ;DE OLIVEIRA, RAMONNA ;BELTRÃO'MENDES, RAONE ;DE MACÊDO ALENCAR, RAONY ;HERRERA VICTORIA, ANA MARÍA ;COUTINHO, RAPHAELLA ;DA SILVA, RAQUEL COSTA ;CARIBÉ GRANDO, RAQUEL L.S.C. ;MATOS, RAYANNE GAMA ;DA SILVA ARAUJO, RAYLENNE ;PEDROSO, RAYSSA FARIA ;DURÃES, RAYSSA MAINETTE NANTES ;RIBEIRO, RENAN LIETO ALVES ;CHAGAS, RENATA ;MIOTTO, RENATA ;MORATO, RONALDO GONÇALVES ;DE OLIVEIRA PASCHOAL, ANA MARIA ;TWARDOWSKY RAMALHO BONIKOWSKI, RENATA ;MUYLAERT, RENATA LARA ;PAGOTTO, RENATA VALLS ;HILÁRIO, RENATO RICHARD ;FARIA, RHAYSSA TERRA ;BASSINI'SILVA, RICARDO ;SAMPAIO, RICARDO ;SARTORELLO, RICARDO ;PIRES, RICARDO ARAÚJO ;HATAKEYAMA, RICHARD ;POTRICH, ANA PAULA ;DE CASSIA BIANCHI, RITA ;BUITENWERF, ROBERT ;WALLACE, ROBERT ;PAOLINO, ROBERTA MONTANHEIRO ;FUSCO'COSTA, ROBERTO ;TROVATI, ROBERTO GUILHERME ;TOMASI JUNIOR, ROBERTO ;ESPÍNDOLA HACK, ROBSON ODELI ;MAGALHÃES, RODOLFO ASSIS ;AFFONSO DE ALBUQUERQUE NOBREGA, RODRIGO ;GOMES, ANA PAULA NASCIMENTO ;DE ALMEIDA NOBRE, RODRIGO ;MASSARA, RODRIGO LIMA ;FRÓES, RODRIGO MEDINA ;DA CUNHA ARAÚJO, RODRIGO PAULO ;LEÓN PÉREZ, RODRIGO RAÚL ;JORGE, RODRIGO SILVA PINTO ;DE PAULA, ROGÉRIO CUNHA ;MARTINS, ROGÉRIO ;DA CUNHA, ROGÉRIO GRASSETTO TEIXEIRA ;COSTA, RÔMULO ;OLÍMPIO, ANA PRISCILA MEDEIROS ;ALVES, ROMULO ROMEU NOBREGA ;GARCIA'ANLEU, RONY ;SANTOS ALMEIDA, RONY PETERSON ;CUEVA LOACHAMÍN, RUBÉN DARÍO ;ANDRADE, RÚBIA SANTANA ;JUÁREZ, RUGIERI ;BORDALLO, SAMANTA UCHÔA ;GUARAGNI, SAMARA ARSEGO ;CARRILLO'PERCASTEGUI, SAMIA E. ;SEBER, SAMILE ;CUNHA COSTA, ANA RAISSA ;ASTETE, SAMUEL ;HARTZ, SANDRA MARIA ;ESPINOSA, SANTIAGO ;ÁLVAREZ SOLAS, SARA ;RAMOS LIMA, SAULO ;SILVESTRE, SAULO MENESES ;DE SOUZA MACHADO, SÁVIO AUGUSTO ;KEUROGHLIAN'EATON, SEAN ;ALBANESI, SEBASTIAN ;COSTA, SEBASTIÁN ANDRÉS ;DE ALMEIDA JÁCOMO, ANAH TEREZA ;BAZILIO, SERGIO ;MENDES, SERGIO LUCENA ;ALTHOFF, SÉRGIO LUIZ ;PINHEIRO, SHERY DUQUE ;NAPIWOSKI, SILVIO JUNIOR ;FERNÁNDEZ RAMIREZ, SIXTO ;TALAMONI, SONIA APARECIDA ;AGE, STEFANI GABRIELI ;PEREIRA, TAIGUÃ CORRÊA ;MOREIRA, TAINAH CRUZ ;CALAÇA, ANALICE MARIA ;TRIGO, TATIANE CAMPOS ;DA SILVA GONDIM, TAYANA MENDONÇA ;KARLOVIC, THAMÍRIS CHRISTINA ;CAVALCANTE, THIAGO ;MACCARINI, THIAGO ;RODRIGUES, THIAGO FERREIRA ;DE CAMARGO E TIMO, THIAGO PHILIPE ;MONTERRUBIO, TIBERIO CESAR ;PIOVEZAN, UBIRATAN ;CAVARZERE, VAGNER ;JESUS, ANAMÉLIA SOUZA ;TOWNS, VALERIA ;ONOFRIO, VALERIA CASTILHO ;OLIVEIRA, VALESKA BUCHEMI ;ARAÚJO, VALQUÍRIA CABRAL ;MELO, VANESSA LAZARO ;KANAAN, VANESSA TAVARES ;IWAKAMI, VICTOR ;VALE, VICTOR ;PICINATTO FILHO, VILMAR ;ALBERICI, VINICIUS ;DE BARROS BARBAN, ANANDA ;BASTAZINI, VINICIUS A.G. ;ORSINI, VINÍCIUS SANTANA ;DA SILVA BRAZ, VIVIAN ;ROJAS BONZI, VIVIANA B ;LAYME, VIVIANE MARIA GUEDES ;GABOARDI, VIVIANE TELLES RODRIGUES ;ROCHA, VLAMIR JOSÉ ;MARTINS, WALDNEY PEREIRA ;TOMAS, WALFRIDO MORAES ;HANNIBAL, WELLINGTON ;FEIJÓ, ANDERSON ;DÁTTILO, WESLEY ;SILVA, WESLEY R. ;ENDO, WHALDENER ;BERCÊ, WILLIAM ;BRAVATA DE LA CRUZ, YARIBETH ;RIBEIRO, YURI GERALDO GOMES ;GALETTI, MAURO ;RIBEIRO, MILTON C. ;BONJORNE, LILIAN ;PAGOTO, ANDERSON ;ROLIM, ANDERSON CLAUDINO ;HERMANN, ANDIARA PAULA ;DE CASTRO E SOUZA, ANDIARA SILOS MORAES ;CHEIN ALONSO, ANDRÉ ;MONTEIRO, ANDRÉ ;MENDONÇA, ANDRÉ FARIA ;LUZA, ANDRÉ LUÍS ;MOURA, ANDRÉ LUIS BOTELHO ;DA SILVA, ANDRÉ LUIZ FERREIRA ;MAGIOLI, MARCELO ;LANNA, ANDRE MONNERAT ;ANTUNES, ANDRE PINASSI ;NUNES, ANDRÉ VALLE ;DECHNER, ANDREA ;CARVALHO, ANDREA SIQUEIRA ;NOVARO, ANDRES JOSE ;SCABIN, ANDRESSA BARBARA ;GATTI, ANDRESSA ;NOBRE, ANDREZZA BELLOTTO ;MONTANARIN, ANELISE ;LEUCHTENBERGER, CAROLINE ;DEFFACI, ÂNGELA CAMILA ;DE ALBUQUERQUE, ANNA CAROLINA FIGUEIREDO ;MANGIONE, ANTONIO MARCELO ;PINTO, ANTONIO MILLAS SILVA ;MENDES PONTES, ANTONIO ROSSANO ;BERTOLDI, ARIANE TEIXEIRA ;CALOURO, ARMANDO MUNIZ ;FERNANDES, ARTHUR ;FERREIRA, ARYSTENE NICODEMO ;FERREGUETTI, ATILLA COLOMBO",,2020.0
2011,2016.0,2017.0,2019.0,2019.0,,396,Ecologia,,BIOLOGY AND MORPHOLOGY OF THE IMMATURE STAGES OF HERMEUPTYCHIA ATALANTA (LEPIDOPTERA: NYMPHALIDAE: SATYRINAE),2014,,10.1080/00379271.2014.895120,Annales de la Société Entomologique de France,379271,50,,1,82,88,,"COSMO, LEANDRO G. ;BARBOSA, EDUARDO P. ;FREITAS, ANDRÉ V. L.",,2019.0
2011,2016.0,2017.0,2019.0,2019.0,,396,Ecologia,,TEMPORAL DISTRIBUTION IN A TRI-TROPHIC SYSTEM ASSOCIATED WITH PIPER AMALAGO L. IN A TROPICAL SEASONAL FOREST,2019,,10.1007/s11829-019-09687-y,Arthropod-Plant Interactions,18728855,13,,,1,6,,"COSMO, LEANDRO G. ;NASCIMENTO, ANDRÉ R. ;COGNI, RODRIGO ;FREITAS, ANDRÉ V. L.",,2019.0
2011,2016.0,2017.0,2019.0,2019.0,,396,Ecologia,,FROM THE LEAF TO THE COMMUNITY: DISTINCT DIMENSIONS OF PHYTOCHEMICAL DIVERSITY SHAPE INSECT-PLANT INTERACTIONS WITHIN AND AMONG INDIVIDUAL PLANTS,2021,,10.1111/1365-2745.13659,JOURNAL OF ECOLOGY,13652745,Online,,,1365-2745.13659,,,"COSMO, LEANDRO G. ;YAMAGUCHI, LYDIA F. ;FELIX, GABRIEL M.F. ;KATO, MASSUO J. ;COGNI, RODRIGO ;PAREJA, MARTÍN",,2019.0
2011,2016.0,2017.0,2019.0,2019.0,,396,Ecologia,,THE ECOLOGY OF PLANT CHEMISTRY AND MULTI-SPECIES INTERACTIONS IN DIVERSIFIED AGROECOSYSTEMS,2018,,10.3389/fpls.2018.01713,Frontiers in Plant Science,1664462X,9,,,1713,,,"SILVA, RODOLFO F. ;RABESCHINI, GABRIELA B. P. ;PEINADO, GIOVANNA L. R. ;COSMO, LEANDRO G. ;REZENDE, LUIZ H. G. ;MURAYAMA, RAFAEL K. ;PAREJA, MARTÍN",,2019.0
2007,2007.0,2013.0,2015.0,2021.0,,381,Zoologia,,O USO DE DIFERENTES COMPARTIMENTOS DO AMBIENTE AQUATICO COMO FERRAMENTA AO ESTUDO DE LIMNOLOGIA E SUSTENTABILIDADE UM ENFOQUE FICOLOGICO,2012,,,"Revista V@rvItu ? Revista de Ciência, Tecnologia e Cultura da FATEC Itu",23162287,1,,,138,159,,"MAGRIN, A. G. E. ;MORAES, L. J. C. L.;MORAES, LEANDRO J. C. L.;MORAES, LEANDRO;MORAES, LEANDRO J.C.L.;MORAES, LEANDRO J C L;MORAES, LEANDRO JOÃO CARNEIRO DE LIMA",,2021.0
2007,2007.0,2013.0,2015.0,2021.0,,381,Zoologia,,RHINELLA MAGNUSSONI. BREEDING SITE.,2014,,,HERPETOLOGICAL REVIEW,0018084X,45,,4,683,684,,"MORAES, L. J. C. L.;MORAES, LEANDRO J. C. L.;MORAES, LEANDRO;MORAES, LEANDRO J.C.L.;MORAES, LEANDRO J C L;MORAES, LEANDRO JOÃO CARNEIRO DE LIMA ;STORTI, L. F. ;PAVAN, D.",,2021.0
2007,2007.0,2013.0,2015.0,2021.0,,381,Zoologia,,CLIMBING BEHAVIOR IN THE AQUATIC SNAKE HELICOPS HAGMANNI ROUX 1910 (SERPENTES: DIPSADIDAE).,2015,,,HERPETOLOGY NOTES,20715773,8,,,19,,,"MORAES, L. J. C. L.;MORAES, LEANDRO J. C. L.;MORAES, LEANDRO;MORAES, LEANDRO J.C.L.;MORAES, LEANDRO J C L;MORAES, LEANDRO JOÃO CARNEIRO DE LIMA ;FRAGA, R. de",,2021.0
2007,2007.0,2013.0,2015.0,2021.0,,381,Zoologia,,"LEUCISM IN THE AMAZONIAN DIURNAL FROG ANOMALOGLOSSUS STEPHENI (MARTINS, 1989) (ANURA: AROMOBATIDAE). HERPETOLOGY NOTES",2015,,,HERPETOLOGY NOTES,20715773,8,,,179,181,,"MORAES, L. J. C. L.;MORAES, LEANDRO J. C. L.;MORAES, LEANDRO;MORAES, LEANDRO J.C.L.;MORAES, LEANDRO J C L;MORAES, LEANDRO JOÃO CARNEIRO DE LIMA ;KAEFER, I. L.",,2021.0
2007,2007.0,2013.0,2015.0,2021.0,,381,Zoologia,,THE COMBINED INFLUENCE OF RIVERINE BARRIERS AND FLOODING GRADIENTS ON BIOGEOGRAPHICAL PATTERNS FOR AMPHIBIANS AND SQUAMATES IN SOUTH-EASTERN AMAZONIA,2016,,10.1111/jbi.12756,JOURNAL OF BIOGEOGRAPHY,3050270,43,,11,2113,2124,,"MORAES, LEANDRO J. C. L. ;PAVAN, DANTE ;BARROS, MARIA C. ;RIBAS, CAMILA C.",,2021.0
2007,2007.0,2013.0,2015.0,2021.0,,381,Zoologia,,"TUPINAMBIS LONGILINEUS AVILA-PIRES, 1995 (SQUAMATA, TEIIDAE): REVISED DISTRIBUTION OF A RARE AMAZONIAN SPECIES.",2017,,,North-Western Journal of Zoology,15849074,13,,2,364,368,,"MORAES, L. J. C. L. ;RIBEIRO-JUNIOR, M. A. ;PAVAN, DANTE",,2021.0
2007,2007.0,2013.0,2015.0,2021.0,,381,Zoologia,,"ANOTHER PUZZLE PIECE: NEW RECORD OF THE FRINGED LEAF FROG CRUZIOHYLA CRASPEDOPUS (FUNKHOUSER, 1957) (ANURA: PHYLLOMEDUSIDAE) IN THE EASTERN AMAZON RAINFOREST",2017,,,"CHECK LIST, JOURNAL OF SPECIES LIST AND DISTRIBUTION",1809127X,13,,2,2095,,,"MORAES, L. J. C. L. ;PAVAN, DANTE",,2021.0
2007,2007.0,2013.0,2015.0,2021.0,,381,Zoologia,,"ON THE OCCURRENCE OF HEMIPHRACTUS SCUTATUS (SPIX, 1824) (ANURA: HEMIPHRACTIDAE) IN EASTERN AMAZONIA",2018,,,AMPHIBIAN & REPTILE CONSERVATION,1083446X,12,,1,5,14,,"MORAES, L. J. C. L. ;PAVAN, D.",,2021.0
2007,2007.0,2013.0,2015.0,2021.0,,381,Zoologia,,"INTEGRATIVE OVERVIEW OF THE HERPETOFAUNA FROM SERRA DA MOCIDADE, A GRANITIC MOUNTAIN RANGE IN NORTHERN BRAZIL",2017,,10.3897/zookeys.715.20288,ZOOKEYS (ONLINE),13132970,715,,,103,159,,"MORAES, LEANDRO ;ALMEIDA, ALEXANDRE ;DE FRAGA, RAFAEL ;ZAMORA, ROMMEL ;PIRANI, RENATA ;SILVA, ARIANE ;CARVALHO, VINÍCIUS ;GORDO, MARCELO ;WERNECK, FERNANDA",,2021.0
2007,2007.0,2013.0,2015.0,2021.0,,381,Zoologia,,"PLEASE, MORE TEARS: A CASE OF A MOTH FEEDING ON ANTBIRD TEARS IN CENTRAL AMAZONIA",2019,,10.1002/ecy.2518,ECOLOGY,129658,100,,2,e02518,,,"MORAES, L. J. C. L.",,2021.0
2007,2007.0,2013.0,2015.0,2021.0,,381,Zoologia,,"NEW RECORD AND UPDATED GEOGRAPHIC DISTRIBUTION OF ANOLIS PHYLLORHINUS MYERS & CARVALHO, 1945",2019,,,HERPETOZOA,10134425,31,,2023-04-03 00:00:00,229,233,,"MORAES, LEANDRO J. C. L. ;WERNECK, F. P. ;PAVAN, DANTE",,2021.0
2007,2007.0,2013.0,2015.0,2021.0,,381,Zoologia,,"A NEW NURSE FROG OF ALLOBATES MASNIGER-NIDICOLA COMPLEX (ANURA, AROMOBATIDAE) FROM THE EAST BANK OF TAPAJOS RIVER, EASTERN AMAZONIA",2019,,10.11646/zootaxa.4648.3.1,ZOOTAXA (ONLINE),11755334,4648,,3,401,434,,"MORAES, LEANDRO J. C. L. ;PAVAN, DANTE ;LIMA, A. P.",,2021.0
2007,2007.0,2013.0,2015.0,2021.0,,381,Zoologia,,REDISCOVERY OF OSTEOCEPHALUS VILARSI (ANURA: HYLIDAE): AN OVERLOOKED BUT WIDESPREAD AMAZONIAN SPINY-BACKED TREEFROG,2019,,10.7717/peerj.8160,PeerJ,21678359,7,,,e8160,,,"FERRÃO, MIQUÉIAS ;MORAVEC, JI'Í ;MORAES, LEANDRO J.C.L. ;DE CARVALHO, VINICIUS T. ;GORDO, MARCELO ;LIMA, ALBERTINA P.",,2021.0
2007,2007.0,2013.0,2015.0,2021.0,,381,Zoologia,,NEW ACOUSTIC AND MOLECULAR DATA SHED LIGHT ON THE POORLY KNOWN AMAZONIAN FROG ADENOMERA SIMONSTUARTI (LEPTODACTYLIDAE): IMPLICATIONS FOR DISTRIBUTION AND CONSERVATION,2020,,10.5852/ejt.2020.682,European Journal of Taxonomy,21189773,,,682,1,18,,"CARVALHO, T. R. ;MORAES, L. J. C. L. ;ANGULO, A. ;WERNECK, F. P. ;ICOCHEA, J. ;LIMA, A. P.",,2021.0
2007,2007.0,2013.0,2015.0,2021.0,,381,Zoologia,,"MOLECULAR PHYLOGENETIC RELATIONSHIPS AND GENERIC PLACEMENT OF DRYADERCES INFRAMACULATA BOULENGER,&#8201;1882 (ANURA: HYLIDAE)",2020,,10.26049/VZ70-3-2020-08,Vertebrate Zoology,18645755,70,,,357,366,,"ORTIZ, D. ;MORAES, L. J. C. L. ;PAVAN, D. ;WERNECK, F. P.",,2021.0
2007,2007.0,2013.0,2015.0,2021.0,,381,Zoologia,,"A NEW NURSE FROG (ALLOBATES, AROMOBATIDAE) WITH A CRICKET-LIKE ADVERTISEMENT CALL FROM EASTERN AMAZONIA",2021,,10.1655/Herpetologica-D-20-00010.1,HERPETOLOGICA,180831,77,,2,146,163,,"MORAES, LEANDRO J.C.L. ;LIMA, ALBERTINA P.",,2021.0
2007,2007.0,2013.0,2015.0,2021.0,,381,Zoologia,,UNLINKING THE SPECIATION STEPS: GEOGRAPHICAL FACTORS DRIVE CHANGES IN SEXUAL SIGNALS OF AN AMAZONIAN NURSE-FROG THROUGH BODY SIZE VARIATION,2021,,10.1007/s11692-020-09525-7,Evolutionary Biology,713260,48,,1,81,93,,"FERNANDES, IGOR YURI ;MORAES, LEANDRO J. C. L. ;MENIN, MARCELO ;FARIAS, IZENI PIRES ;LIMA, ALBERTINA PIMENTEL ;KAEFER, IGOR LUIS",,2021.0
2007,2007.0,2013.0,2015.0,2021.0,,381,Zoologia,,SUBTLE ENVIRONMENTAL VARIATION AFFECTS PHENOTYPIC DIFFERENTIATION OF SHALLOW DIVERGENT TREEFROG LINEAGES IN AMAZONIA,2021,,10.1093/biolinnean/blab056,BIOLOGICAL JOURNAL OF THE LINNEAN SOCIETY,244066,134,,,177,197,,"RAINHA, RAÍSSA N ;MARTINEZ, PABLO A ;MORAES, LEANDRO J C L ;CASTRO, KATHLEEN M S A ;RÉJAUD, ALEXANDRE ;FOUQUET, ANTOINE ;LEITE, RAFAEL N ;RODRIGUES, MIGUEL T ;WERNECK, FERNANDA P",,2021.0
2007,2007.0,2013.0,2015.0,2021.0,,381,Zoologia,,"SYSTEMATICS AND HISTORICAL BIOGEOGRAPHY OF NEOTROPICAL FOAM-NESTING FROGS OF THE ADENOMERA HEYERI CLADE (LEPTODACTYLIDAE), WITH THE DESCRIPTION OF SIX NEW AMAZONIAN SPECIES",2020,,10.1093/zoolinnean/zlaa051,ZOOLOGICAL JOURNAL OF THE LINNEAN SOCIETY,244082,191,,2,385,433,,"CARVALHO, THIAGO R D ;GORDO, MARCELO ;NECKEL-OLIVEIRA, SELVINO ;HADDAD, CÉLIO F B ;MORAES, LEANDRO J C L ;LIMA, ALBERTINA P ;FOUQUET, ANTOINE ;PELOSO, PEDRO L V ;PAVAN, DANTE ;DRUMMOND, LEANDRO O ;RODRIGUES, MIGUEL T ;GIARETTA, ARIOVALDO A",,2021.0
2007,2007.0,2013.0,2015.0,2021.0,,381,Zoologia,,"UNCOVERING HIDDEN SPECIES DIVERSITY OF ALOPOGLOSSID LIZARDS IN AMAZONIA, WITH THE DESCRIPTION OF THREE NEW SPECIES OF ALOPOGLOSSUS (SQUAMATA: GYMNOPHTHALMOIDAE)",2021,,10.1111/jzs.12481,JOURNAL OF ZOOLOGICAL SYSTEMATICS AND EVOLUTIONARY RESEARCH,9475745,59,,,1322,1356,,"RIBEIRO'JÚNIOR, MARCO ANTÔNIO ;SÁNCHEZ'MARTÍNEZ, PAOLA MARÍA ;MORAES, LEANDRO JOÃO CARNEIRO DE LIMA ;OLIVEIRA, UÉCSON SUENDEL COSTA DE ;CARVALHO, VINÍCIUS TADEU DE ;PAVAN, DANTE ;CHOUERI, ERIK HENRIQUE DE LACERDA ;Werneck, Fernanda P. ;MEIRI, SHAI",,2021.0
2007,2007.0,2013.0,2015.0,2021.0,,381,Zoologia,,"PPHYLOGENETIC RELATIONSHIPS OF THE POORLY KNOWN TREEFROG BOANA/EM HOBBSI/EM (COCHRAN &AMP;AMP; GOIN, 1970) (ANURA: HYLIDAE), SYSTEMATIC IMPLICATIONS AND REMARKS ON MORPHOLOGICAL VARIATIONS AND GEOGRAPHIC DISTRIBUTION/STRONG/P",2021,,10.11646/zootaxa.4933.3.1,ZOOTAXA (ONLINE),11755334,4933,,3,301,323,,"DE ALMEIDA, ALEXANDRE P. ;Werneck, Fernanda P. ;HRBEK, TOMAS ;FARIAS, IZENI P. ;GORDO, MARCELO ;MORAES, LEANDRO J.C.L. ;ROJAS, ROMMEL R. ;ROBERTO, IGOR J. ;CARVALHO, VINICIUS TADEU DE ;ÁVILA, ROBSON W. ;FRAZÃO, LUCIANA ;SILVA, ARIANE A.A. ;MENIN, MARCELO",,2021.0
2007,2007.0,2013.0,2015.0,2021.0,,381,Zoologia,,"SPECIES DIVERSITY AND BIOGEOGRAPHY OF AN ANCIENT FROG CLADE FROM THE GUIANA SHIELD (ANURA: MICROHYLIDAE: ADELASTES , OTOPHRYNE , SYNAPTURANUS ) EXHIBITING SPECTACULAR PHENOTYPIC DIVERSIFICATION",2021,,10.1093/biolinnean/blaa204,BIOLOGICAL JOURNAL OF THE LINNEAN SOCIETY,244066,132,,2,233,256,,"FOUQUET, ANTOINE ;SUESCUN, UXUE ;BARONI, SABRINA ;MORAES, LEANDRO J C L ;RECODER, RENATO ;DE SOUZA, SERGIO MARQUES ;DAL VECCHIO, FRANCISCO ;CAMACHO, AGUSTÍN ;GHELLERE, JOSÉ MARIO ;ROJAS-RUNJAIC, FERNANDO J M ;GAGLIARDI-URRUTIA, GIUSSEPE ;LEBLANC, KILLIAN ;DE CARVALHO, VINÍCIUS TADEU ;GORDO, MARCELO ;MENIN, MARCELO ;KOK, PHILIPPE J R ;HRBEK, TOMAS ;WERNECK, FERNANDA P ;CRAWFORD, ANDREW J ;RON, SANTIAGO R ;MUESES-CISNEROS, JONH JAIRO ;ROJAS ZAMORA, ROMMEL ROBERTO ;FRAMIT, MARLENE ;PAVAN, DANTE ;IVO SIMÕES, PEDRO ;ERNST, RAFFAEL ;FABRE, ANNE-CLAIRE ;RÉJAUD, ALEXANDRE ;RODRIGUES, MIGUEL T ;CASTROVIEJO-FISHER, SANTIAGO ;PELOSO, PEDRO L V ;PRATES, IVAN ;MANZI, SOPHIE",,2021.0
2007,2007.0,2013.0,2015.0,2021.0,,381,Zoologia,,A NEW SPECIES OF ERYTHROLAMPRUS (SERPENTES: DIPSADIDAE: XENODONTINI) FROM THE SAVANNAS OF NORTHERN SOUTH AMERICA,2021,,,SALAMANDRA,363375,57,,2,192,218,,"ENTIAUSPE-NETO, O. M. ;ABEGG, A. ;KOCH, C. ;NUNEZ, L. P. ;AZEVEDO, W. S. ;MORAES, L. J. C. L. ;TIUTENKO, A. ;BIALVES, T. S. ;LOEBMANN, D.",,2021.0
2007,2007.0,2013.0,2015.0,2021.0,,381,Zoologia,,"SYSTEMATICS OF THE RARE AMAZONIAN GENUS EUTRACHELOPHIS (SERPENTES: DIPSADIDAE), WITH AN EMENDED DIAGNOSIS FOR EUTRACHELOPHIS PAPILIO",2021,,10.1016/j.jcz.2021.10.003,ZOOLOGISCHER ANZEIGER,445231,295,,,191,204,,"MORAES, LEANDRO J.C.L. ;ENTIAUSPE-NETO, OMAR M. ;DE FRAGA, RAFAEL ;FERNANDES, IGOR Y. ;Werneck, Fernanda P.",,2021.0
2007,2007.0,2013.0,2015.0,2021.0,,381,Zoologia,,"A NEW SPECIES OF OSTEOCEPHALUS STEINDACHNER, 1862 (ANURA, HYLIDAE), FROM BRAZILIAN AMAZONIA",2021,,10.3099/0006-9698-572.1.1,Breviora,69698,572,,1,1,21,,"MELO-SAMPAIO, P. R. ;FERRAO, M. ;MORAES, L. J. C. L.",,2021.0
2007,2007.0,2013.0,2015.0,2021.0,,381,Zoologia,,"A NEW SNOUTED TREEFROG OF THE GENUS SCINAX (ANURA, HYLIDAE) FROM THE WHITE-SAND FORESTS OF CENTRAL AMAZONIA",2022,,10.3099/0006-9698-573.1.1,Breviora,69698,573,,1,1,36,,"FERRAO, M. ;MORAVEC, J. ;FERREIRA, A. S. ;MORAES, L. J. C. L. ;HANKEN, J.",,2021.0
2007,2007.0,2013.0,2015.0,2021.0,,381,Zoologia,,NOTES ON THE MATING BEHAVIOR OF KENTROPYX ALTAMAZONICA (SQUAMATA: TEIIDAE): FIRST EVIDENCE OF COURTSHIP DISPLAY FOR THE GENUS,2021,,10.11606/issn.2316-9079.v20i2p191-196,PHYLLOMEDUSA,15191397,20,,,191,196,,"MORAES, L. J. C. L. ;OLIVEIRA, J. A.",,2021.0
2007,2007.0,2013.0,2015.0,2021.0,,381,Zoologia,,MATING BEHAVIOR OF ANOLIS PUNCTATUS (SQUAMATA:?DACTYLOIDAE) IN THE BRAZILIAN AMAZONIA,2021,,10.11606/issn.2316-9079.v20i2p185-190,PHYLLOMEDUSA: JOURNAL OF HERPETOLOGY,23169079,20,,,185,190,,"OLIVEIRA, J. A. ;MORAES, L. J. C. L.",,2021.0
2007,2007.0,2013.0,2015.0,2021.0,,381,Zoologia,,"REDISCOVERY OF THE RARE PHRYNOMEDUSA APPENDICULATA (LUTZ, 1925) (ANURA: PHYLLOMEDUSIDAE) FROM THE ATLANTIC FOREST OF SOUTHEASTERN BRAZIL",2022,,10.11646/zootaxa.5087.4.2,ZOOTAXA,11755326,5087,,4,522,540,,"MORAES, LEANDRO J. C. L. ;BAÊTA, DÉLIO ;AMARO, RENATA C. ;MARTENSEN, ALEXANDRE C. ;PAVAN, DANTE",,2021.0
2007,2007.0,2013.0,2015.0,2021.0,,381,Zoologia,,"NARROW ENDEMISM OR INSUFFICIENT SAMPLING? GEOGRAPHICAL RANGE EXTENSION AND MORPHOLOGICAL VARIATION OF THE POORLY KNOWN ATRACTUS RIVEROI ROZE, 1961 (SERPENTES: DIPSADIDAE)",2017,,,HERPETOLOGICAL REVIEW,0018084X,48,,2,281,284,,"FRAGA, R. de ;ALMEIDA, A. P. ;MORAES, L. J. C. L. ;GORDO, M. ;PIRANI, R. ;ZAMORA, R. R. ;CARVALHO, V. T. ;PASSOS, P. ;WERNECK, F. P.",,2021.0
2014,2017.0,2018.0,2020.0,2020.0,,278,Ecologia,,PELECTRONIC IDENTIFICATION KEY AND DATA BASE TO THE GENUS CHINAVIA (HETEROPTERA: PENTATOMIDAE) WITH MORPHOLOGICAL AND DISTRIBUTIONAL DATA/STRONG/P,2020,,10.11646/zootaxa.4809.1.13,ZOOTAXA,11755326,4809,,1,195,196,,"SERVINO, LEONARDO MATHEUS ;SCHWERTNER, CRISTIANO FELDENS",,2020.0
2014,2017.0,2018.0,2020.0,2020.0,,278,Ecologia,,FOR NEITHER HEAT NOR WATER CONSERVATION: BODY SIZE VARIATION IN ATLANTIC FOREST FROGS DOES NOT FOLLOW A GENERAL MECHANISM,2022,,10.1111/jbi.14309,JOURNAL OF BIOGEOGRAPHY,13652699,49,,3,460,468,,"SERVINO, LEONARDO MATHEUS ;VERDADE, VANESSA KRUTH ;SAWAYA, RICARDO J.",,2020.0
2013,2017.0,2017.0,2019.0,2020.0,,233,Botânica,,EFFECT OF WATER STRESS ON BROMELIADS WITH DIFFERENT PHOTOSYNTHETIC METABOLISM,2019,,10.17660 / ActaHortic.2019.1253.30,ACTA HORTICULTURAE,24066168,1,,,221,226,,"GOMES, L. D. L.;LONGUINI GOMES, LETICIA DANIELLE;GOMES, LETÍCIA D. L. ;FERREIRA, M. L. ;SILVA, K. G. ;KANASHIRO, S. ;TAVARES, A. R.",,2020.0
2013,2017.0,2017.0,2019.0,2020.0,,233,Botânica,,NUTRITION AND PHYSIOLOGY OF HYBRID EUCALYPTUS UROGRANDIS IN SOIL FERTILIZED WITH SEWAGE SLUDGE,2020,,10.9755/ejfa.2020.v32.i1.2054,Journal of Food and Agriculture (EJFA),20790538,32,,1,19,24,,"VILLAS BOAS, ROBERTO LYRA ;ZABOTTO, ALESSANDRO REINALDO ;D?ANDRÉA MATEUS, CAROLINE DE MOURA ;TAVARES, ARMANDO REIS ;LONGUINI GOMES, LETICIA DANIELLE ;KANASHIRO, SHOEY",,2020.0
2013,2017.0,2017.0,2019.0,2020.0,,233,Botânica,,NITROGEN UPTAKE BY ORNAMENTAL BROMELIAD: LEAF AND ROOT EFFICIENCY,2021,,10.1007/s11104-021-05013-9,PLANT AND SOIL,0032079X,,,,,,,"GOMES, LETÍCIA D. L. ;FERREIRA, MAURÍCIO L. ;KANASHIRO, SHOEY ;TAVARES, ARMANDO R.",,2020.0
2013,2018.0,2019.0,2021.0,2021.0,,344,Genética,,"TACHINIDS ASSOCIATED WITH LEPIDOPTERAN PESTS IN AGRICULTURAL CROPS IN SOUTH-CENTRAL REGION OF GOIAS, BRAZIL",2021,,10.1007/s10526-021-10098-3,BIOCONTROL,13866141,66,,5,625,637,,"WEBER, IGOR DANIEL ;LOPES, WELINTON RIBAMAR ;DE PAULA, LETÍCIA CHIARA BALDASSIO ;ALBERNAZ-GODINHO, KARINA CORDEIRO ;CZEPAK, CECILIA",,2021.0
2011,2016.0,2017.0,2019.0,2020.0,,345,Genética,,EXPRESSION OF GENOME DEFENCE PROTEIN MEMBERS IN PROLIFERATING AND QUIESCENT RAT MALE GERM CELLS AND THE NUAGE DYNAMICS,2019,,10.1371/journal.pone.0217941,PLoS One,19326203,14,,6,e0217941,1,,"ROCHA-DA-SILVA, LETÍCIA ;ARMELIN-CORREA, LUCIA ;CANTÃO, ISABELLE HERNANDEZ ;FLISTER, VERENA JULIA FLAIZ ;NUNES, MARINA ;STUMPP, TAIZA",,2020.0
2017,,,,,,234,Botânica,,THE LIGNIN TOOLBOX OF THE MODEL GRASS SETARIA VIRIDIS,2019,,10.1007/s11103-019-00897-9,Plant Molecular Biology,15735028,,,,,,,"FERREIRA, SÁVIO SIQUEIRA ;SIMÕES, MARCELLA SIQUEIRA ;CARVALHO, GABRIEL GARON ;DE LIMA, LEYDSON GABRIEL ALVES ;SVARTMAN, RAPHAEL MENDES DE ALMEIDA ;CESARINO, IGOR",,2022.0
2019,,2010.0,2012.0,2016.0,,308,Fisiologia,,"A LARGE AND MASSIVE ABDOMINAL VENOUS THROMBOSIS ASSOCIATED WITH THE PRESENCE OF A BIG AXILLARY MASS, LUPUS-LIKE SYNDROME AND ANTIPHOSPHOLIPID ANTIBODIES",2011,,10.1136/bcr.05.2011.4217,BMJ Case Reports,1757790X,2011,,,bcr0520114217,bcr0520114217,,"ASCER, E. ;ASCER, L. G.;ASCER, LIV G.;ASCER, L.G. ;GIDLUND, M.",,2015.0
2019,,2010.0,2012.0,2016.0,,308,Fisiologia,,MICROPLASTIC CONTAMINATION IN NATURAL MUSSEL BEDS FROM A BRAZILIAN URBANIZED COASTAL REGION: RAPID EVALUATION THROUGH BIOASSESSMENT,2016,,10.1016/j.marpolbul.2016.02.074,MARINE POLLUTION BULLETIN,0025326X,106,,2023-02-01 00:00:00,183,189,,"SANTANA, M.F.M. ;ASCER, L.G. ;CUSTÓDIO, M.R. ;MOREIRA, F.T. ;TURRA, A.",,2015.0
2019,,2010.0,2012.0,2016.0,,308,Fisiologia,,CDC42 GTPASE ACTIVATION AFFECTS HELA CELL DNA REPAIR AND PROLIFERATION FOLLOWING UV RADIATION-INDUCED GENOTOXIC STRESS,2015,,10.1002/jcb.25166,Journal of Cellular Biochemistry (Print),7302312,,,,,,,"ASCER, LIV G. ;MAGALHAES, YULI T. ;ESPINHA, GISELE ;OSAKI, JULIANA H. ;SOUZA, RENAN C. ;FORTI, FABIO L.",,2015.0
2011,2016.0,2017.0,2019.0,2019.0,,235,Botânica,,"PAEPALANTHUS ALTAMIRENSIS, A NEW SPECIES OF PAEPALANTHUS SUBG. PLATYCAULON (ERIOCAULACEAE) FROM BRAZIL",2017,,10.11646/phytotaxa.299.2.9,Phytotaxa,11793155,299,,2,252,260,,"TISSOT-SQUALLI, MARA L. ;SAUTHIER, LUANA J.",,2019.0
2011,2016.0,2017.0,2019.0,2019.0,,235,Botânica,,"PAEPALANTHUS THOMASIANUS, A NEW SPECIES OF PAEPALANTHUS SUBG. PLATYCAULON (ERIOCAULACEAE) FROM SAO PAULO STATE, BRAZIL",2018,,10.11646/phytotaxa.347.2.5,Phytotaxa,11793155,347,,2,176,182,,"TISSOT-SQUALLI, MARA L. ;SAUTHIER, LUANA J.",,2019.0
2011,2016.0,2017.0,2019.0,2019.0,,235,Botânica,,"PAEPALANTHUS UAI (ERIOCAULACEAE), A NEW NAME FOR THE LATER HOMONYM PAEPALANTHUS PETRAEUS ECHTERN. &AMP; TROVO",2021,,10.11646/phytotaxa.509.1.8,Phytotaxa,11793155,509,,1,129,130,,"ANDRINO, CAROLINE OLIVEIRA ;COSTA, FABIANE NEPOMUCENO ;SAUTHIER, LUANA JACINTA ;SANO, PAULO TAKEO",,2019.0
2012,2014.0,2014.0,2016.0,2017.0,,382,Zoologia,,"TWO NEW SPECIES OF (ORTHOPTERA: GRYLLOIDEA: PHALANGOPSIDAE) FROM THE ATLANTIC FOREST OF SAO PAULO STATE, BRAZIL",2015,,10.1653/024.098.0223,Florida Entomologist,19385102,98,,2,547,555,,"SOUZA-DIAS, PEDRO G. B. ;DE CAMPOS, LUCAS DENADAI ;NIHEI, SILVIO SHIGUEO",,2017.0
2012,2014.0,2014.0,2016.0,2017.0,,382,Zoologia,,"TAXONOMIC STUDIES ON THE NEOTROPICAL/EM LANDREVINAE WITH DESCRIPTION OF NEW TAXA (ORTHOPTERA, GRYLLOIDEA, GRYLLIDAE)/STRONG",2014,,10.11646/zootaxa.3852.2.1,Zootaxa (Online),11755334,3852,,2,151,178,,"DE CAMPOS, LUCAS DENADAI ;DE MELLO, FRANCISCO DE A. G.",,2017.0
2012,2014.0,2014.0,2016.0,2017.0,,382,Zoologia,,"TAXONOMIC REVIEW OF EIDMANACRIS CHOPARD, 1956 (ORTHOPTERA: GRYLLOIDEA: PHALANGOPSIDAE)",2017,,10.11646/zootaxa.4321.1.1,ZOOTAXA (ONLINE),11755334,4321,,1,1,93,,"CAMPOS, L. D. ;SOUZA-DIAS, PEDRO G. B. ;NIHEI, SILVIO SHIGUEO",,2017.0
2012,2014.0,2014.0,2016.0,2017.0,,382,Zoologia,,"DESUTTERELLA N. GEN., A NEW GENUS OF LUZARINAE (ORTHOPTERA: GRYLLOIDEA: PHALANGOPSIDAE) AND THE FIRST REPORT OF THE ARACAMBIAE GROUP SOUZA-DIAS &AMP; DESUTTER-GRANDCOLAS, 2014 IN THE AMAZON",2017,,10.11646/zootaxa.4350.1.8,ZOOTAXA (ONLINE),11755334,4350,,1,136,150,,"SOUZA-DIAS, PEDRO G. B. ;CAMPOS, LUCAS DENADAI DE ;MELLO, FRANCISCO DE ASSIS GANEO DE",,2017.0
2012,2014.0,2014.0,2016.0,2017.0,,382,Zoologia,,"TITANOGRYLLUS N. GEN., THE LARGEST GRYLLINAE CRICKET FROM THE NEOTROPICAL REGION WITH THREE NEW SPECIES FROM THE BRAZILIAN ATLANTIC FOREST (ORTHOPTERA, GRYLLOIDEA, GRYLLIDAE)",2018,,10.11646/zootaxa.4402.3.4,ZOOTAXA (ONLINE),11755334,4402,,3,487,507,,"JAISWARA, RANJANA ;SOUZA-DIAS, PEDRO G. B. ;DE CAMPOS, LUCAS DENADAI ;REDÜ, DARLAN R. ;DE MELLO, FRANCISCO DE A. G. ;DESUTTER-GRANDCOLAS, LAURE",,2017.0
2012,2014.0,2014.0,2016.0,2017.0,,382,Zoologia,,NEW BRAZILIAN TAFALISCINA INCREASE THE DIVERSITY OF THIS NEOTROPICAL CRICKET CLADE (ORTHOPTERA: GRYLLOIDEA: GRYLLIDAE: OECANTHINAE: PAROECANTHINI),2020,,10.5252/zoosystema2020v42a19,ZOOSYSTEMA,12809551,42,,19,331,353,,"CAMPOS, L. D. ;SOUZA-DIAS, PEDRO G. B. ;NIHEI, S. S.",,2017.0
2012,2014.0,2014.0,2016.0,2017.0,,382,Zoologia,,THE PAROECANTHINI CRICKETS (ORTHOPTERA: GRYLLOIDEA: GRYLLIDAE: OECANTHINAE) FROM FRENCH GUIANA,2020,,10.5252/zoosystema2020v42a20,ZOOSYSTEMA,12809551,42,,20,355,398,,"CAMPOS, L. D. ;DESUTTER-GRANDCOLAS, L.",,2017.0
2012,2014.0,2014.0,2016.0,2017.0,,382,Zoologia,,COLONIZATION OF DIFFERENT BIOMES DROVE THE DIVERSIFICATION OF THE NEOTROPICAL EIDMANACRIS CRICKETS (INSECTA: ORTHOPTERA: GRYLLOIDEA: PHALANGOPSIDAE),2021,,10.1371/journal.pone.0245325,PLoS One,19326203,16,,1,e0245325,,,"CAMPOS, LUCAS DENADAI DE ;SOUZA-DIAS, PEDRO G. B. ;DESUTTER-GRANDCOLAS, LAURE ;NIHEI, SILVIO SHIGUEO",,2017.0
2012,2014.0,2014.0,2016.0,2017.0,,382,Zoologia,,"HIDDEN IN THE BUSHES: UNCOVERING THE DIVERSITY OF THE GENUS NEOMETRYPUS DESUTTER, 1988 N. STATUS (ORTHOPTERA: GRYLLIDAE: PAROECANTHINI: TAFALISCINA) IN NEOTROPICAL FORESTS",2021,,10.11646/zootaxa.5060.4.1,ZOOTAXA,11755326,5060,,4,451,488,,"CAMPOS, LUCAS DENADAI DE ;SOUZA-DIAS, PEDRO G. B.",,2017.0
2012,2014.0,2014.0,2016.0,2017.0,,382,Zoologia,,"NEW SPECIES OF EIDMANACRIS/EM CHOPARD, 1956 FROM BRAZIL (ORTHOPTERA: PHALANGOPSIDAE: LUZARINAE)/STRONG",2015,,10.11646/zootaxa.4018.2.4,Zootaxa (Online),11755334,4018,,2,228,248,,"CAMPOS, LUCAS DENADAI DE ;SOUZA-DIAS, PEDRO G. B. ;NIHEI, SILVIO SHIGUEO ;MELLO, FRANCISCO DE A. G. DE",,2017.0
2011,2016.0,2017.0,2019.0,2019.0,,279,Ecologia,,"ASSOCIATED EVOLUTION OF FRUIT SIZE, FRUIT COLOUR AND SPINES IN NEOTROPICAL PALMS",2020,,10.1111/jeb.13619,JOURNAL OF EVOLUTIONARY BIOLOGY,1010061X,33,,,858,868,,"NASCIMENTO, LUCAS FERREIRA DO ;GUIMARÃES, PAULO R. ;ONSTEIN, RENSKE E. ;KISSLING, W. DANIEL ;PIRES, MATHIAS M.",,2019.0
2011,2015.0,,,2019.0,,346,Genética,,FASTER REGENERATION ASSOCIATED TO HIGH EXPRESSION OF FAM65B AND HDAC6 IN DYSFERLIN-DEFICIENT MOUSE,2019,,10.1007/s10735-019-09834-y,JOURNAL OF MOLECULAR HISTOLOGY,15672379,50,,4,375,387,,"ISHIBA, RENATA ;SANTOS, ANDRÉ LUIS F. ;ALMEIDA, CAMILA F. ;CAIRES, LUIZ CARLOS ;RIBEIRO, ANTONIO F. ;AYUB-GUERRIERI, DANIELLE ;FERNANDES, STEPHANIE A. ;SOUZA, LUCAS S. ;VAINZOF, MARIZ",,2019.0
2011,2015.0,,,2019.0,,346,Genética,,MUSCLE SATELLITE CELLS AND IMPAIRED LATE STAGE REGENERATION IN DIFFERENT MURINE MODELS FOR MUSCULAR DYSTROPHIES,2019,,10.1038/s41598-019-48156-7,Scientific Reports,20452322,9,,1,11842,,,"RIBEIRO, ANTONIO F. ;SOUZA, LUCAS S. ;ALMEIDA, CAMILA F. ;ISHIBA, RENATA ;FERNANDES, STEPHANIE A. ;GUERRIERI, DANIELLE A. ;SANTOS, ANDRÉ L. F. ;ONOFRE-OLIVEIRA, PAULA C. G. ;VAINZOF, MARIZ",,2019.0
2011,2015.0,,,2019.0,,346,Genética,,MANIFESTING CARRIERS OF X-LINKED MYOTUBULAR MYOPATHY,2020,,10.1212/NXG.0000000000000513,NEUROLOGY GENETICS,23767839,6,,5,e513,,,"SOUZA, LUCAS SANTOS ;SCLIAR, MARÍLIA DE OLIVEIRA ;CASTELLI, ERICK C. ;OTTO, PAULO ALBERTO ;ZANOTELI, EDMAR ;VAINZOF, MARIZ ;ALMEIDA, CAMILA FREITAS ;YAMAMOTO, GUILHERME LOPES ;PAVANELLO, RITA DE CÁSSIA MINGRONI ;GURGEL-GIANNETTI, JULIANA ;DA COSTA, SILVIA SOUZA ;ANEQUINI, ISABELA PESSA ;DO CARMO, SILVANA AMANDA ;WANG, JAQUELINE YU TING",,2019.0
2011,2015.0,,,2019.0,,346,Genética,,DOMINANT OR RECESSIVE MUTATIONS IN THE RYR1 GENE CAUSING CENTRAL CORE MYOPATHY IN BRAZILIAN PATIENTS,2020,,10.36185/2532-1900-030,Acta Myol,11282460,39,,4,274,,,"SILVA, L. G. L. ;PAIM, J. F. ;ZATZ, M. ;VAINZOF, M. ;SOUZA, L. S. ;NOGUEIRA, LETÍCIA ;PAVANELLO, RITA DE CÁSSIA MINGRONI ;GURGEL-GIANNETI, J. ;REED, U. C. ;OLIVEIRA, A. S. B. ;CUPERMAN, T. ;COTTA, A.",,2019.0
2011,2015.0,,,2019.0,,346,Genética,,ASSOCIATION OF THREE DIFFERENT MUTATIONS IN THE CLCN1 GENE MODULATING THE PHENOTYPE IN A CONSANGUINEOUS FAMILY WITH MYOTONIA CONGENITA,2021,,10.1007/s12031-020-01785-4,Journal of Molecular Neuroscience,15591166,.,,,1,6,,"SOUZA, LUCAS SANTOS ;CALYJUR, PRISCILA ;RIBEIRO, ANTONIO FERNANDO ;GURGEL-GIANNETTI, JULIANA ;PAVANELLO, RITA CASSIA MINGRONI ;ZATZ, MAYANA ;VAINZOF, MARIZ",,2019.0
2011,2015.0,,,2019.0,,346,Genética,,ALTERED IN VITRO MUSCLE DIFFERENTIATION IN X-LINKED MYOPATHY WITH EXCESSIVE AUTOPHAGY (XMEA),2019,,10.1242/dmm.041244,Disease Models & Mechanisms,17548411,13,,2,dmm.041244,,,"FERNANDES, STEPHANIE A. ;PAVANELLO, RITA C. M. ;SILVA, HELGA C. A. ;FERRARI, MERARI F. R. ;BIGOT, ANNE ;MOULY, VINCENT ;VAINZOF, MARIZ ;ALMEIDA, CAMILA F. ;SOUZA, LUCAS S. ;LAZAR, MONIZE ;ONOFRE-OLIVEIRA, PAULA ;YAMAMOTO, GUILHERME L. ;NOGUEIRA, LETÍCIA ;TASAKI, LETÍCIA Y. ;CARDOSO, RAFAELA R.",,2019.0
2009,2012.0,2015.0,2017.0,2017.0,,383,Zoologia,,"A TAXONOMIC REVISION OF THE NEOTROPICAL SPIDER GENUS XIRUANA/EM BRESCOVIT 1997 (ARANEAE: ANYPHAENIDAE, ANYPHAENINAE)/STRONG",2015,,10.11646/zootaxa.3980.2.3,Zootaxa (Online),11755334,3980,,2,201,229,,"OLIVEIRA, LUIZ FERNANDO M. ;BRESCOVIT, ANTONIO D.",,2017.0
2009,2012.0,2015.0,2017.0,2017.0,,383,Zoologia,,"PTWO NEW SPECIES OF THE NEOTROPICAL SPIDER GENUS UMUARA/EM BRESCOVIT (ARANEAE, ANYPHAENIDAE, ANYPHAENINAE) FROM BRAZIL/STRONG/P",2015,,10.11646/zootaxa.3980.3.7,Zootaxa (Auckland. Print),11755326,3980,,3,435,441,,"OLIVEIRA, LUIZ FERNANDO M. ;BRESCOVIT, ANTONIO D.",,2017.0
2009,2012.0,2015.0,2017.0,2017.0,,383,Zoologia,,"THE FIRST MALE OF THE SPIDER GENUS TEMNIDA SIMON, 1896 (ARANEAE: ANYPHAENIDAE: ANYPHAENINAE)",2016,,,Newsletter of British Arachnology Society,9592261,1,,17,47,51,,"OLIVEIRA, L. F. M. ;BRESCOVIT, ANTONIO D.",,2017.0
2009,2012.0,2015.0,2017.0,2017.0,,383,Zoologia,,"THREE NEW SPECIES OF THALOE BRESCOVIT (ARANEAE: ANYPHAENIDAE: ANYPHAENINAE), WITH DESCRIPTIONS OF THE FIRST KNOWN FEMALES OF THE GENUS",2019,,10.11646/zootaxa.4624.2.8,ZOOTAXA (ONLINE),11755334,4624,,2,256,266,,"BRESCOVIT, ANTONIO D. ;OLIVEIRA, LUIZ FERNANDO M.",,2017.0
2009,2012.0,2015.0,2017.0,2017.0,,383,Zoologia,,"MACROPHYES PACOTI N. SP. (ARANEAE: ANYPHAENIDAE) FROM BRAZILIAN ATLANTIC FOREST, WITH NOTES ON AN ARANEOPATHOGENIC FUNGUS",2019,,10.11646/zootaxa.4629.2.12,ZOOTAXA (ONLINE),11755334,4629,,2,294,300,,"BRESCOVIT, ANTONIO D. ;VILLANUEVA-BONILLA, GERMAN A. ;SOBCZAK, JULLYANA CRISTINA M. S. M. ;DE SOUSA NÓBREGA, FRANCISCO A. ;OLIVEIRA, LUIZ FERNANDO M. ;ARRUDA, ITALO DIEGO PAIVA ;SOBCZAK, JOBER F.",,2017.0
2009,2012.0,2015.0,2017.0,2017.0,,383,Zoologia,,"TWO NEW SPECIES OF THE GHOST SPIDER GENUS MACROPHYES/EM O. PICKARD-CAMBRIDGE, 1893 FROM COLOMBIA AND DESCRIPTION OF THE FIRST MALE OF MESILLA/EM SIMON, 1903 (ARANEAE: ANYPHAENIDAE: ANYPHAENINAE)&NBSP;/STRONG",2020,,10.11646/zootaxa.4853.4.7,ZOOTAXA (ONLINE),11755334,4853,,4,581,590,,"MARTÍNEZ, LEONEL ;BRESCOVIT, ANTONIO DOMINGOS ;OLIVEIRA, LUIZ FERNANDO M.",,2017.0
2009,2012.0,2015.0,2017.0,2017.0,,383,Zoologia,,PAN UPDATE OF MORPHOLOGICAL AND DISTRIBUTIONAL DATA OF THE GENUS PATRERA/EM SIMON (ARANEAE: ANYPHAENIDAE: ANYPHAENINAE) WITH THE DESCRIPTION OF TWENTY-FIVE NEW SPECIES FROM COLOMBIA/STRONG/P,2021,,10.11646/zootaxa.4914.1.1,ZOOTAXA (ONLINE),11755334,4914,,1,1,64,,"MARTÍNEZ, LEONEL ;BRESCOVIT, ANTONIO D. ;VILLARREAL, EDUARDO ;OLIVEIRA, LUIZ FERNANDO M.",,2017.0
2009,2012.0,2015.0,2017.0,2017.0,,383,Zoologia,,"TAXONOMIC REVISION AND CLADISTIC ANALYSIS OF GHOST SPIDERS OF THE GENUS TAFANA SIMON, 1903 (ARANEAE: DIONYCHA, ANYPHAENIDAE), WITH THE DESCRIPTIONS OF TWELVE NEW SPECIES",2021,,10.5852/ejt.2021.742.1291,European Journal of Taxonomy,21189773,742,,,1,77,,"DE OLIVEIRA, LUIZ FERNANDO M. ;BRESCOVIT, ANTONIO DOMINGOS",,2017.0
2009,2012.0,2015.0,2017.0,2017.0,,383,Zoologia,,"THE SPIDER GENUS PATRERA SIMON (ARANEAE: DIONYCHA, ANYPHAENINAE) IN THE ATLANTIC FOREST BIOME, WITH THE DESCRIPTION OF ONE NEW SPECIES FROM BRAZIL",2021,,10.11646/zootaxa.4991.2.1,ZOOTAXA (ONLINE),11755334,4991,,2,201,246,,"OLIVEIRA, LUIZ FERNANDO M. ;BRESCOVIT, ANTONIO D.",,2017.0
2009,2013.0,2014.0,2017.0,2017.0,,384,Zoologia,,REDISCOVERY OF BRAZILIAN CORAMBIDS (GASTROPODA: ONCHIDORIDIDAE),2014,,10.1017/s1755267214000062,Marine Biodiversity Records,17552672,7,,,1,5,,"CUNHA, CARLO M. ;SAAD, LUIZA O. ;LIMA, PATRÍCIA O.V.",,2017.0
2009,2013.0,2014.0,2017.0,2017.0,,384,Zoologia,,"IT-S NOT WHAT IT LOOKS LIKE: MOLECULAR DATA FAILS TO SUBSTANTIATE MORPHOLOGICAL DIFFERENCES IN TWO SEA HARES (MOLLUSCA, HETEROBRANCHIA, APLYSIIDAE) FROM SOUTHERN BRAZIL",2014,,10.1007/s10152-014-0408-1,Helgoland Marine Research (Print),1438387X,2014,,,1,8,,"SAAD, LUIZA DE OLIVEIRA ;CUNHA, CARLO MAGENTA ;COLPO, KARINE DELEVATI ;VALDÉS, ÁNGEL",,2017.0
2009,2013.0,2014.0,2017.0,2017.0,,384,Zoologia,,A MATING PLUG IN A SQUID? SNEAKER SPERMATOPHORES CAN BLOCK THE FEMALE SPERM-STORAGE ORGAN IN DORYTEUTHIS PLEI,2018,,10.1016/j.zool.2018.08.002,ZOOLOGY,9442006,130,,,1,,,"SAAD, LUIZA O. ;SCHWAHA, THOMAS ;HANDSCHUH, STEPHAN ;WANNINGER, ANDREAS ;MARIAN, JOSÉ E.A.R.",,2017.0
2009,2013.0,2014.0,2017.0,2017.0,,384,Zoologia,,HOW MOLLUSK ASSEMBLAGES RESPOND TO DIFFERENT URBANIZATION LEVELS: CHARACTERIZATION OF THE MALACOFAUNA IN SUBTROPICAL BRAZILIAN MANGROVES,2018,,10.1007/s12526-018-0883-8,Marine Biodiversity,18671616,1,,,1,,,"SAAD, LUIZA DE OLIVEIRA ;CUNHA, CARLO MAGENTA ;COLPO, KARINE DELEVATI",,2017.0
2011,2017.0,2017.0,2019.0,2019.0,,236,Botânica,,LIGHT AND RIPENING-REGULATED BBX PROTEIN-ENCODING GENES IN SOLANUM LYCOPERSICUM,2020,,10.1038/s41598-020-76131-0,Scientific Reports,20452322,10,,1,1,14,,"LIRA, BRUNO SILVESTRE ;OLIVEIRA, MARIA JOSÉ ;SHIOSE, LUMI ;WU, RAQUEL TSU AY ;ROSADO, DANIELE ;LUPI, ALESSANDRA CAVALCANTI DUARTE ;FRESCHI, LUCIANO ;ROSSI, MAGDALENA",,2019.0
2010,2014.0,2014.0,2016.0,2018.0,,280,Ecologia,,POTENTIAL EFFECT OF FIDDLER CRABS ON ORGANIC MATTER DISTRIBUTION: A&NBSP;COMBINED LABORATORY AND FIELD EXPERIMENTAL APPROACH,2017,,10.1016/j.ecss.2016.11.007,ESTUARINE COASTAL AND SHELF SCIENCE,2727714,184,,,158,165,,"NATÁLIO, LUÍS F. ;PARDO, JUAN C.F. ;MACHADO, GLAUCO B.O. ;FORTUNA, MONIQUE D. ;GALLO, DEBORAH G. ;COSTA, TÂNIA M.",,2018.0
2010,2014.0,2014.0,2016.0,2018.0,,280,Ecologia,,ALIEN CORALS IN A BRAZILIAN SEAPORT AND PERSPECTIVES FOR IMPROVING MARINE BIOINVASION DETECTION AND MANAGEMENT IN COMMERCIAL PORTS,2022,,10.1016/j.ocecoaman.2021.106021,OCEAN & COASTAL MANAGEMENT,9645691,218,,,106021,,,"NATÁLIO, LUÍS FELIPE ;CHERNIESKI, DIOGO ;TOMIDA, LEONARDO ;CAPEL, KÁTIA CRISTINA CRUZ",,2018.0
2012,2018.0,,,2019.0,,237,Botânica,,"THE STATE OF THE ART OF SCHOOL GARDENS AS A PEDAGOGICAL TOOL FOR THE NEW ENVIRONMENTAL RATIONALE PARADIGM IN BUTANTA, SAO PAULO, BRAZIL",2020,,10.34117/bjdv6n4-041,Brazilian Journal of Development,25258761,6,,4,17184,17219,,"LAHAM, BEATRIZ SINELLI ;AIRES, FRANCISCO MELO ;SOTO, GABRIEL AKIRA TESHIMA ;ARRUDA, GUSTAVO LOPUMO",,2019.0
2008,2014.0,2014.0,2017.0,2017.0,,385,Zoologia,,DIMORPHIC EJACULATES AND SPERM RELEASE STRATEGIES ASSOCIATED WITH ALTERNATIVE MATING BEHAVIORS IN THE SQUID,2017,,10.1002/jmor.20726,JOURNAL OF MORPHOLOGY,3622525,278,,,1490,1505,,"APOSTÓLICO, LÍGIA H. ;MARIAN, JOSÉ E. A. R.",,2017.0
2008,2014.0,2014.0,2017.0,2017.0,,385,Zoologia,,DIMORPHIC MALE SQUID SHOW DIFFERENTIAL GONADAL AND EJACULATE EXPENDITURE,2017,,10.1007/s10750-017-3145-z,HYDROBIOLOGIA,188158,808,,,5,22,,"APOSTÓLICO, LÍGIA H. ;MARIAN, JOSÉ E. A. R.",,2017.0
2008,2014.0,2014.0,2017.0,2017.0,,385,Zoologia,,FROM SNEAKY TO BULLY: REAPPRAISAL OF MALE SQUID DIMORPHISM INDICATES ONTOGENETIC MATING TACTICS AND STRIKING EJACULATE TRANSITION,2018,,10.1093/biolinnean/bly006,Biological Journal of the Linnean Society,10958312,123,,3,603,614,,"APOSTÓLICO, LÌGIA H ;MARIAN, JOSÉ E A R",,2017.0
2008,2014.0,2014.0,2017.0,2017.0,,385,Zoologia,,BEHAVIOR OF -INTERMEDIATE- MALES OF THE DIMORPHIC SQUID DORYTEUTHIS PLEII SUPPORTS AN ONTOGENETIC EXPRESSION OF ALTERNATIVE PHENOTYPES,2019,,10.3389/fphys.2019.01180,Frontiers in Physiology,1664042X,10,,,Article 1180,,,"APOSTÓLICO, LÍGIA H. ;MARIAN, JOSÉ E. A. R.",,2017.0
2008,2014.0,2014.0,2017.0,2017.0,,385,Zoologia,,MALE ALTERNATIVE REPRODUCTIVE TACTICS AND ASSOCIATED EVOLUTION OF ANATOMICAL CHARACTERISTICS IN LOLIGINID SQUID,2019,,10.3389/fphys.2019.01281,Frontiers in Physiology,1664042X,10,,,Article 1281,,,"MARIAN, JOSÉ E. A. R. ;APOSTÓLICO, LÍGIA H. ;CHIAO, CHUAN-CHIN ;HANLON, ROGER T. ;HIROHASHI, NORITAKA ;IWATA, YOKO ;MATHER, JENNIFER ;SATO, NORIYOSI ;SHAW, PAUL W.",,2017.0
2008,2014.0,2014.0,2017.0,2017.0,,385,Zoologia,,CEPHALOPOD MATING SYSTEMS AS MODELS FOR THE STUDY OF SEXUAL SELECTION AND ALTERNATIVE REPRODUCTIVE TACTICS: A REVIEW,2020,,10.5343/bms.2019.0045,BULLETIN OF MARINE SCIENCE,74977,96,,2,375,398,,"APOSTÓLICO, LÍGIA HASELMANN ;AMOROSO RODRIGUEZMARIAN, JOSÉ EDUARDO",,2017.0
2010,2016.0,2016.0,2018.0,2019.0,,386,Zoologia,,MORPHOLOGICAL VARIATION IN WILD MARMOSETS (CALLITHRIX PENICILLATA AND C. GEOFFROYI) AND THEIR HYBRIDS,2014,,10.1007/s11692-014-9284-5,Evolutionary Biology,713260,41,,,480,,,"FUZESSY, LISIEUX FRANCO ;SILVA, ITA DE OLIVEIRA ;MALUKIEWICZ, JOANNA ;SILVA, FERNANDA F. RODRIGUES ;PÔNZIO, MARCELLA DO CARMO ;BOERE, VANNER ;ACKERMANN, REBECCA ROGERS",,2019.0
2010,2016.0,2016.0,2018.0,2019.0,,386,Zoologia,,"OCCURRENCE OF TAYRAS (EIRA BARBARA LINNAEUS, 1758) WITH ANOMALOUS COLORATION IN CERRADO REMNANTS IN THE STATE OF SAO PAULO, BRAZIL",2019,,10.1590/1676-0611-bn-2018-0680,BIOTA NEOTROPICA (ONLINE. EDIÇÃO EM INGLÊS),16760611,19,,3,1,6,,"SCRICH, VITÓRIA M. ;PÔNZIO, MARCELLA C. ;PASQUALOTTO, NIELSON ;RODRIGUES, THIAGO F. ;PAOLINO, ROBERTA M. ;CHIARELLO, ADRIANO G.",,2019.0
2010,2016.0,2016.0,2018.0,2019.0,,386,Zoologia,,NEOTROPICAL ALIEN MAMMALS: A DATA SET OF OCCURRENCE AND ABUNDANCE OF ALIEN MAMMALS IN THE NEOTROPICS,2020,,10.1002/ecy.3115,ECOLOGY,129658,x,,,x-xx,,,"DA ROSA, CLARISSA ALVES ;DE SOUZA MOREIRA, ADRYELLE FRANCISCA ;ISLAS, CAMILA ALVEZ ;AOKI, CAMILA ;CANTAGALLO DEVIDS, CAMILA ;FIGUEIREDO, CAMILA ;DE ABREU, CAMILA MATIAS GOES ;SILVA OLIVEIRA, CAMILA RAQUEL ;CASSANO, CAMILA RIGHETTO ;LUGARINI, CAMILE ;CAPUTO, CARIN ;GESTICH, CARLA CRISTINA ;DE SOUZA, AGNIS CRISTIANE ;TEDESCO, CARLA DENISE ;DE VERA Y CONDE, CARLA FABIANE ;HEGEL, CARLA GRASIELE ZANIN ;KASPER, CARLOS BENHUR ;DE ANGELO, CARLOS ;GRELLE, CARLOS E.V. ;FRAGOSO, CARLOS EDUARDO ;ESBÉRARD, CARLOS EDUARDO LUSTOSA ;ROCHA, CARLOS FREDERICO DUARTE ;VERONA, CARLOS EDUARDO ;PELLEGRIN, AIESCA ;SALVADOR, CARLOS HENRIQUE ;VIEIRA, CARLOS LEONARDO ;ABRAHÃO, CARLOS ROBERTO ;BROCARDO, CARLOS RODRIGO ;FIEKER, CAROLLINE ZATTA ;BRAGA, CARYNE ;SÁNCHEZ LALINDE, CATALINA ;BUENO, CECÍLIA ;IKUTA, CÁSSIA YUMI ;LUNA, CECÍLIA LICARIÃO BARRETO ;GATICA, AILIN ;CESTARI, CESAR ;DEL VECHIO KOIKE, CHRISTINE ;KNOGGE, CHRISTOPH ;ANDERSON, CHRISTOPHER BRIAN ;HURTADO, CINDY M. ;FERREIRA ANTUNES DE OLIVEIRA, CINTIA ;TELLAECHE, CINTIA ;CESÁRIO, CLARICE SILVA ;COSTA, CLAUDIA GUIMARÃES ;KANDA, CLAUDIA ZUKERAN ;MEDEIRO, AKYLLAN ZOPPI ;COSTA, SEBASTIÁN ANDRÉS ;SEIXAS, CRISTIANA SIMÃO ;TRINCA, CRISTIANO TRAPÉ ;LÓPEZ'FUERTE, CRISTINA F. ;DA CUNHA, CRISTINA JAQUES ;DOUTEL RIBAS, CYNTHIA ;SANTOS, CYNTIA CAVALCANTE ;BUSCARIOL, DAIANE ;CARREIRA, DAIANE ;DO NASCIMENTO, DAIANE CHAVES ;PEREIRA, ALAN DEIVID ;CARVALHO, DANIANDERSON RODRIGUES ;DA SILVA FERRAZ, DANIEL ;GALIANO, DANIEL ;HOMEM, DANIEL HENRIQUE ;JESÚS'ESPINOSA, DANIEL ;BÔLLA, DANIELA A.S. ;MORENO, DANIELE JANINA ;DE OLIVEIRA MOREIRA, DANIELLE ;RAMOS, DANIELLE LEAL ;DE AMORIM, DANILO ANGELUCCI ;BRAZ, ALAN GERHARDT ;BARROS'BATTESTI, DARCI MORAES ;LOPEZ, DAVID ECHEVERRI ;TAVARES, DAVI CASTRO ;POST, DAVID M. ;COUTO, DAYVID RODRIGUES ;PATROCÍNIO, DENNIS NOGAROLLI ;CARVALHO, DIANA LETÍCIA KRUGER PACHECO ;SILVA, DIEGO AFONSO ;CÓRDOBA, DIEGO ;QUEIROLO, DIEGO ;YANOSKY, ALBERTO ;VARELA, DIEGO ;DE OLIVEIRA, DILMAR ALBERTO GONCALVES ;CASANOVA, DIOGO CAVENAGUE ;DE MATOS DIAS, DOUGLAS ;MACHADO DA SILVA, DOUGLAS ;BARBIER, EDER ;RIVADENEIRA, EDGAR FEDERICO ;ALEXANDRINO, EDUARDO ;CARRANO, EDUARDO ;SANTOS, EDUARDO MARQUES ;VALENZUELA, ALEJANDRO EDUARDO JORGE ;VENTICINQUE, EDUARDO MARTINS ;HERNÁNDEZ'PÉREZ, EDWIN ;DA FONSECA CASAZZA, EGBERTO ;ANDERSON, ELIZABETH P. ;DA COSTA FRAGA, ELMARY ;DE LIMA, ELSON FERNANDES ;D'BASTIANI, ELVIRA ;VIEIRA, EMERSON MONTEIRO ;GUIJOSA'GUADARRAMA, EMILIANO ;GONZÁLEZ, ENRIQUE M. ;BERTASSONI, ALESSANDRA ;MAGGIORINI, ERICA VANESSA ;DE AGUIAR, ERICK FRANCISCO SILVA ;MARTÍNEZ'NAMBO, ERIK DANIEL ;CASTRO, ÉRIKA PAULA ;DE LA PEÑA'CUÉLLAR, ERIKA ;PEDÓ, EZEQUIEL ;DE MELO, FABIANA CRISTINA S. ALVES ;ROCHA, FABIANA LOPES ;FONSECA, FABIANA LUQUES ;GIRARDI, FABIANE ;RIBEIRO, BRUNO R. ;DOS SANTOS VENTURINI DO PRADO, ALESSANDRA ;DE MELO, FABIANO RODRIGUES ;DE OLIVEIRA ROQUE, FÁBIO ;KEESEN FERREIRA, FABÍOLA ;PETERS, FELIPE BORTOLOTTO ;MORELI FANTACINI, FELIPE ;PEDROSA, FELIPE ;PESSOA DA SILVA, FELIPE ;VÉLEZ'GARCÍA, FELIPE ;ABRA, FERNANDA D. ;DE AZEVEDO, FERNANDA CAVALCANTI ;NAVA, ALESSANDRA FERREIRA DALES ;GUEDES DA SILVA, FERNANDA ;NERI, FERNANDA MARIA ;TEIXEIRA, FERNANDA ZIMMERMANN ;DOS SANTOS FERNANDEZ, FERNANDO ANTONIO ;CARVALHO, FERNANDO ;DE CAMARGO PASSOS, FERNANDO ;DE CASTRO JACINAVICIUS, FERNANDO ;FERREIRA, FERNANDO ;DE PINHO, FERNANDO FERREIRA ;GONÇALVES, FERNANDO ;ROCHA, ALESSANDRO ;MARTINS, FERNANDO IBANEZ ;LIMA, FERNANDO ;CONTRERAS'MORENO, FERNANDO M. ;RIBEIRO, FERNANDO SILVÉRIO ;TORTATO, FERNANDO ;PATEL, FILIPE M. ;CARUSO, FLAVIA ;TIRELLI, FLÁVIA PEREIRA ;RODRIGUES, FLÁVIO HENRIQUE GUIMARÃES ;UBAID, FLÁVIO KULAIF ;BOVO, ALEX AUGUSTO ABREU ;PALMEIRA, FRANCESCA BELEM LOPES ;GROTTA NETO, FRANCISCO ;GABRIEL, FRANCISCO HOMEM ;DE SOUZA, FRANCO LEANDRO ;DA VEIGA DA COSTA, FRANCYS E. ;DE AGUIAR, GABRIEL LIMA ;LEMOS, FREDERICO GEMESIO ;MAGEZI, GABRIEL S. ;DI PANIGAI, GABRIEL FERREIRA VIANNA ;HOFMANN, GABRIEL SELBACH ;BAGER, ALEX ;HELIODORO, GABRIELA ;ROSA GRAVIOLA, GABRIELA ;BECA, GABRIELLE ;DE ANDRADE, GABRIELLE RIBEIRO ;JIMÉNEZ ROMERO, GERMÁN ;DUARTE, GABRIELA TEIXEIRA ;MELO, GERUZA LEAL ;DIERINGS, GEVERSON LUIZ ;SABINO'SANTOS, GILBERTO ;DE OLIVEIRA, GEOVANA LINHARES ;CRAVINO, ALEXANDRA ;SANTANA, GINDOMAR GOMES ;CIOCHETI, GIORDANO ;ZANIRATO, GISELE LAMBERTI ;ALVES, GISELLE BASTOS ;BATISTA, GRAZIELE OLIVEIRA ;BEHLING, GREICI MAIA ;FERREIRA, GUILHERME BRAGA ;DA ROCHA, GUILHERME CASONI ;LESSA, GISELE ;MOURÃO, GUILHERME ;DOS SANTOS PIRES, ALEXANDRA ;MARAS, GUSTAVO A. ;DA COSTA TOLEDO, GUSTAVO ALVES ;GONSIOROSKI, GUSTAVO ;CANALE, GUSTAVO R. ;SCHUCHMANN, KARL'LUDWIG ;SEBASTIÃO, HARLEY ;ALVES DO PRADO, HELENA ;DE GODOY BERGALLO, HELENA ;SECCO, HELIO KINAST CRUZ ;ROIG, HENRIQUE LLACER ;MARTENSEN, ALEXANDRE CAMARGO ;RAJÃO, HENRIQUE ;CARLOS, HENRIQUE SANTIAGO ALBERTO ;DE OLIVEIRA B. DUARTE, HERBERT ;ERMENEGILDO, HIAGO ;DE JESUS PENA, HILDA FÁTIMA ;ENTRINGER, HILTON ;PAULINO NETO, HIPÓLITO FERREIRA ;DE MACEDO LEMOS, HUDSON ;DEL CASTILLO, HUGO ;FERNANDES'FERREIRA, HUGO ;FILIPPINI, ALEXANDRE ;COITIÑO BANQUERO, HUGO IGNACIO ;ROESLER, IGNACIO ;RIBEIRO, IGOR KINTOPP ;COELHO, IGOR PFEIFER ;LIMA, INGRID M.S. ;BECHARA, ISABEL MUNIZ ;LERMEN, ISABEL SALGUEIRO ;MELLA MÉNDEZ, ISAC ;SCHUCK, GABRIELA ;ESPERANDIO, ISADORA BERALDI ;PERCEQUILLO, ALEXANDRE REIS ;DE OLIVERIA SILVA, ITA ;MOURTHE, ITALO ;OLIVEIRA, IGOR ;BERNARDI, ITIBERÊ PIAIA ;MILLER, JACQUELINE R ;MARINHO'FILHO, JADER ;ZOCCHE, JAIRO JOSÉ ;RUSSELL, JAMES CHARLES ;SEIBERT, JARDEL BRANDÃO ;HINOJOSA, JAVIER ;BEJARANO, VANESA ;VOGLIOTTI, ALEXANDRE ;VITULE, JEAN R.S. ;THOMPSON, JEFFREY J. ;SILVA, JEAN CARLOS RAMOS ;GOUVEA, JÉSSICA ABONÍZIO ;SANTOS, JEAN PIERRE ;DE FARIA FALCÃO, JÉSSICA CAROLINE ;CASTRO'PRIETO, JESSICA ;FERREIRA, JÉSSICA PALOMA ;PINCHEIRA'ULBRICH, JIMMY ;NODARI, JOANA ZORZAL ;ANTUNES, ALEXSANDER ZAMORANO ;ZECCHINI GEBIN, JOÃO CARLOS ;GIOVANELLI, JOÃO GABRIEL RIBEIRO ;MIRANDA, JOÃO M.D. ;SOUZA'ALVES, JOÃO PEDRO ;DE ALMEIDA E MARINS, JOÃO RAFAEL GOMES ;COSTA, JOCIEL FERREIRA ;SPONCHIADO, JONAS ;DE SOUZA, JONATHAS LINDS ;GALLO, JORGE ALBERTO ;CHEREM, JORGE JOSÉ ;LEITE DE OLIVEIRA, ALINE CRISTINA ;CORDEIRO, JOSÉ LUÍS PASSOS ;DUARTE, JOSÉ MAURÍCIO BARBANTI ;DANTAS, JOSÉ OLIVEIRA ;DE MATOS, JOSÉ ROBERTO ;PIRES, JOSÉ SALATIEL RODRIGUES ;MARTÍNEZ LANFRANCO, JUAN ANDRÉS ;DE LA CRUZ GODOY, JUAN CAMILO ;RUDOLF, JUAN CARLOS ;REÁTIGA PARRISH, JUAN FELIPE ;TELLARINI, JUAN FRANCISCO ;DA SILVA DE OLIVEIRA, ALLAN JEFFERSON ;PEÑA'MONDRAGÓN, JUAN L. ;ARRABAL, JUAN PABLO ;REPPUCCI, JUAN ;RUIZ'ESPARZA, JUAN ;BEDUSCHI, JULIA ;DE FARIA OSHIMA, JÚLIA EMI ;RIBEIRO, JULIANA FERNANDES ;DE ALMEIDA ROCHA, JULIANA MONTEIRO ;FERREIRA NETO, JOSÉ SOARES ;SILVEIRA DOS SANTOS, JULIANA ;DEVLIN, ALLISON ;PEREIRA'RIBEIRO, JULIANE ;ZANONI, JULIANI BRUNA ;BOGONI, JULIANO ANDRÉ ;FERREIRA, JULIANA RODRIGUES ;BICCA'MARQUES, JÚLIO CÉSAR ;CHACÓN PACHECO, JULIO JAVIER ;DE OLIVEIRA SCARASCIA, PIETRO ;GUIDONI'MARTINS, KARLO GREGÓRIO ;BURS, KATHRIN ;DE BARROS FERRAZ, KATIA MARIA PASCHOALETTO MICCHI ;DE PAULA, ALMIR ;PISCIOTTA, KÁTIA REGINA ;VON KOSSEL DE ANDRADE SILVA, KATYUCHA ;JUAREZ, KEILA MACFADEM ;DE LA CRUZ'FÉLIX, KEYNES ;DE MORAIS, KIMBERLY DANIELLE RODRIGUES ;CANDELÁRIA, LANA PAVÃO ;FORNITANO, LARISSA ;BAILEY, LARISSA LYNN ;GONÇALVES, LARISSA OLIVEIRA ;FASOLA, LAURA ;FERREIRA, ALUANE SILVA ;NOVA LEÓN, LAURA JOHANNA ;DE ANDRADE, LAYLA REIS ;DE OLIVEIRA MARQUES, LEANDRO ;MACEDO, LEANDRO ;MOREIRA, LEANDRO SANTANA ;SILVEIRA, LEANDRO ;DE CARVALHO OLIVEIRA, LEONARDO ;DA SILVA, LEONARDO HENRIQUE ;JERUSALINSKY, LEANDRO ;LA SERRA, LEONARDO ;GARCÍA'OLAECHEA, ALVARO ;MARQUES COSTA, LEONARDO ;SARTORELLO, LEONARDO RODRIGUES ;MUNHOES, LETICIA PRADO ;OLIVEIRA'SILVA, LIANY REGINA B. ;DE PINA, LIGIA FERRACINE ;BONJORNE, LILIAN ;RAMPIM, LILIAN ELAINE ;SALES, LILIAN P. ;GONÇALVES DA SILVA, LUCAS ;QUINTILHAM, LUCAS LACERDA TOTH ;SUBALUSKY, AMANDA ;PERILLO, LUCAS NEVES ;RODRÍGUEZ'PLANES, LUCÍA INÉS ;MARTÍN, LUCÍA ;ARAÚJO, LUCIANA SOUZA ;TIEPOLO, LILIANI MARILIA ;ZAGO, LUCIANA S. ;GARCÍA LOAIZA, LINA MARCELA ;DE ALAGÃO QUERIDO, LUCIANO CARRAMASCHI ;DA SILVA, LUCIANO FERREIRA ;LA SALA, LUCIANO FRANCISCO ;SÁNCHEZ, AMADEO ;BOPP, LUCIANO TESSARE ;HUFNAGEL, LUDMILA ;DE OLIVEIRA, LUIZ FLAMARION BARBOSA ;OLIVEIRA'SANTOS, LUIZ GUSTAVO RODRIGUES ;LYRA, LUIZ HENRIQUE ;GUIMARÃES, LUIZA NEVES ;JIMENEZ SEGURA, LUZ FERNANDA ;DE SOUSA, LUZIENE CONCEIÇÃO ;MÖCKLINGHOFF, LYDIA ;GUICHÓN, M. LAURA ;PUERTAS, FERNANDO HENRIQUE ;DE AQUINO, ANA CARLA MEDEIROS MORATO ;DE LA MAZA, JAVIER ;BARRIOS'GARCIA, M. NOELIA ;TALAMONI, SÔNIA A. ;SEVERO, MAGNUS MACHADO ;MARTINS, MAÍSA ZIVIANI ALVES ;OLIVEIRA, MARCELA ALVARES ;FIGUERÊDO DUARTE MORAES, MARCELA ;LIMA, MARCELA GUIMARÃES MOREIRA ;SOARES PINHEIRO, MARCELL ;DO CARMO PÔNZIO, MARCELLA ;SRBEK'ARAUJO, ANA CAROLINA ;GUERREIRO, MARCELLO ;CERVINI, MARCELO ;DA SILVA, MARCELO ;OLIVEIRA, MARCELO JULIANO RABELO ;MAGIOLI, MARCELO ;PASSAMANI, MARCELO ;SILVA DE ALMEIDA, MARCELO ;AMAKU, MARCOS ;LEITE DE OLIVEIRA, MÁRCIO ;TORTATO, MARCOS ADRIANO ;PALDÊS GONÇALES, AMANE ;MELO, MARCOS ANTÔNIO ;COUTINHO, MARCOS E. ;DANTAS SANTOS, MARCOS PÉRSIO ;VIEIRA, MARCUS V. ;ANDRADE, MARIA AUGUSTA ;BARROS, MARIA CLAUDENE ;DO ROSARIO, MARIA CRISTINA FERREIRA ;DOS SANTOS DOMIT, MARIA DOLORES ALVES ;DE AVELAR FERNANDES, MARIA EMÍLIA ;IEZZI, MARÍA EUGENIA ;ARAÚJO, ANA CAROLINE L. ;DO NASCIMENTO, MARIA HISTELE SOUSA ;ANDRADE'NÚÑEZ, MARÍA JOSÉ ;LORINI, MARIA LUCIA ;DE CASTRO MORINI, MARIA SANTINA ;NAGY'REIS, MARIANA B. ;LANDIS, MARIANA BUENO ;VALE, MARIANA MONCASSIM ;XAVIER, MARIANA SAMPAIO ;KAIZER, MARIANE C. ;BAPTISTE, MARIA PIEDAD ;GOZZI, ANA CECILIA ;BERGEL, MARIANO MAUDET ;BORGNIA, MARIELA ;BARROS, MARÍLIA A.S. ;LIMA DA SILVA, MARINA ;FAVARINI, MARINA OCHOA ;SALES MUNERATO, MARINA ;ZALUAR, MARINA TRANCOSO ;WINTER, MARINA ;XAVIER DA SILVA, MARINA ;ZANIN, MARINA ;OCHOA, ANA CECILIA ;MARQUES, MARINÊZ ISAAC ;HABERFELD, MARIO BURKE ;DI BITETTI, MARIO S. ;GALLIEZ, MARON ;ALVAREZ, MARTIN R. ;MALERBA, MARTINA ;RIVERO, MARINA ;MELO DIAS, MATEUS ;YAN DE OLIVEIRA, MATEUS ;DOS REIS, MATHEUS GONÇALVES ;MENDES DE OLIVEIRA, ANA CRISTINA ;CORRÊA, MATHEUS ROCHA JORGE ;GRAIPEL, MAURÍCIO EDUARDO ;GODOI, MAURICIO N. ;NÚÑEZ'REGUEIRO, MAURÍCIO M. ;MOURA, MAURICIO OSVALDO ;ORSI, MÁRIO LUÍS ;GALVÃO DA SILVA, MARCO AURÉLIO ;SANVICENTE LOPEZ, MAURO ;BENEDETTI, MAXIMILIANO AUGUSTO ;BELTRÃO, MAYARA GUIMARÃES ;LACERDA, ANA CRISTYNA REIS ;CAMINO, MICAELA ;FARIA, MICHEL BARROS ;MIRETZKI, MICHEL ;LUIZ, MICHELI RIBEIRO ;PERINE, MICHELL ;MONTEIRO, MIGUEL COUTINHO MORETTA ;ALVES'EIGENHEER, MILENE ;PERILLI, MIRIAM LUCIA LAGES ;DA SILVA, MÔNICA ANDRADE ;MARINI, MIGUEL ÂNGELO ;FRANCISCO, ANA KARINA ;SILVA PEREIRA, MONICQUE ;DE FREITAS, MOZART CAETANO ;COSSA, NATALIA ;DENKIEWICZ, NATALIA MARIANA ;TÔRRES, NATÁLIA MUNDIM ;OLIFIERS, NATALIE ;DE ALBUQUERQUE, NATASHA MORAES ;CANASSA, NATHÁLIA FERNANDES ;DETOGNE, NATHÁLIA ;GURGEL FILHO, NEWTON ;DE OLIVEIRA PASCHOAL, ANA MARIA ;SEOANE, NICOLÁS FERNANDO ;DA ROSA OLIVEIRA, NICOLE ;MEGALE, NICOLI ;PASQUALOTTO, NIELSON ;CÁCERES, NILTON CARLOS ;PERONI, NIVALDO ;ZANELLA, NOELI ;PAYS, OLIVIER ;ARIMORO, OMOLABAKE ALHAMBRA SILVA ;ACEVEDO'CHARRY, ORLANDO ;BOCCHIGLIERI, ADRIANA ;GOMES, ANA PAULA NASCIMENTO ;DE ALMEIDA CURI, NELSON HENRIQUE ;PINHA, PATRICIA RIBEIRO SALGADO ;PEROVIC, PABLO ;GONÇALVES, PABLO RODRIGUES ;SANTOS, PALOMA MARQUES ;DE GOÉS BRENNAND, PAMELLA GUSMÃO ;KERCHES ROGERI, PATRÍCIA ;ROSAS RIBEIRO, PATRÍCIA ;DA ROCHA, PATRÍCIO ADRIANO ;DE LÁZARI, PATRICK RICARDO ;POTRICH, ANA PAULA ;PEDREIRA, PAULA ANABEL ;PINHEIRO, PAULA FABIANA ;LIRA, PAULA KOELER ;FERREIRA, PAULA MODENESI ;MARTIN, PAULA SANCHES ;DE TARSO ZUQUIM ANTAS, PAULO ;MARINHO, PAULO HENRIQUE ;RUFFINO, PAULO HENRIQUE PEIRA ;CAMARGO, PAULO HENRIQUE S. A. ;LANDGREF FILHO, PAULO ;OLÍMPIO, ANA PRISCILA MEDEIROS ;MANGINI, PAULO ROGÉRIO ;FARIAS, PATRICK ;CORDEIRO'ESTRELA, PEDRO ;DE FARIA PERES, PEDRO HENRIQUE ;GALETTI, PEDRO MANOEL ;RAMÍREZ'BAUTISTA, PEDRO ;DE ALMEIDA MAUÉS, PAULA CRISTINA RODRIGUES ;RENAUD, PIERRE'CYRIL ;SARTORELLO, RICARDO ;DE BARROS, POLLYANNA ALVES ;ROJAS, ANA ;LOMBARDI, PRYSCILLA MOURA ;BESSA, RAFAEL ;ARROYO'GERALA, PAULINA ;DE SOUZA, RAFAEL CERQUEIRA CASTRO ;ZENNI, RAFAEL D. ;FLORES PEREDO, RAFAEL ;HOOGESTEIJN, RAFAEL ;LOYOLA, RAFAEL ;ALVES, RAFAEL SOUZA CRUZ ;DE PAULA RODARTE, RAISA REIS ;MEIGA, ANA YOKO YKEUTI ;SILVA, RAMON LIMA ;DE OLIVEIRA, RAMONNA ;BELTRÃO'MENDES, RAONE ;DE MACÊDO ALENCAR, RAONY ;DA SILVA, RAQUEL COSTA ;PEDROSO, RAYSSA ;SAMPAIO, REBECA FERREIRA ;RIBEIRO, RENAN LIETO ALVES ;PARDINI, RENATA ;TWARDOWSKY RAMALHO BONIKOWSKI, RENATA ;DE ALMEIDA JÁCOMO, ANAH TEREZA ;PAGOTTO, RENATA VALLS ;DIAS, RICARDO AUGUSTO ;BASSINI'SILVA, RICARDO ;CORASSA ARRAIS, RICARDO ;SAMPAIO, RICARDO ;DE CASSIA BIANCHI, RITA ;PAOLINO, ROBERTA MONTANHEIRO ;FUSCO'COSTA, ROBERTO ;TROVATI, ROBERTO GUILHERME ;ESPÍNDOLA HACK, ROBSON ODELI ;CALAÇA, ANALICE MARIA ;DE ARRUDA MAURO, RODINEY ;DE ALMEIDA NOBRE, RODRIGO ;GESSULLI, RODRIGO DELMONTE ;LEÓN PÉREZ, RODRIGO ;MASSARA, RODRIGO LIMA ;FRÓES DA SILVA, RODRIGO MEDINA ;DE PAULA, ROGÉRIO CUNHA ;DA CUNHA, ROGÉRIO GRASSETTO TEIXEIRA ;COSTA, RÔMULO THEODORO ;MARQUES, ROSANE VERA ;FEIJÓ, ANDERSON ;MORATO, RONALDO GONÇALVES ;BOVENDORP, RICARDO S. ;DA PAIXÃO DORNAS, RUBEM AUGUSTO ;ANDRADE, RUBIA SANTANA ;SICILIANO, SALVATORE ;GUARAGNI, SAMARA ARSEGO ;ROLIM, SAMIR GONÇALVES ;ASTETE, SAMUEL ;CAVALCANTI, SANDRA ;HARTZ, SANDRA MARIA ;PAGOTO, ANDERSON ;CARVALHO, SANTIAGO ;CORTEZ, SARA ;SILVESTRE DE SOUSA, SAULO MENESES ;BALLARI, SEBASTIÁN A. ;RAMOS LIMA, SAULO ;CIRIGNOLI, SEBASTIÁN ;GARCÍA, SEBASTIAN R. ;BAZILIO, SÉRGIO ;SOLARI TORRES, SERGIO ;BACK FRANCO, SILVANA ;BORJA MIRANDA, ANDRÉ ;MARTINS, SIMONE REBOUÇAS ;DE BUSTOS, SOLEDAD ;AGE, STEFANI GABRIELI ;FERRARI, STEPHEN FRANCIS ;FRANCISCO, TALITHA MAYUMI ;MICHELETTI, TATIANE ;DA SILVA GODIM, TAYANNA MEDONÇA ;LUIZ, THAIS GUIMARAES ;OCHOTORENA DE FREITAS, THALES RENATO ;RODRIGUES, THIAGO FERREIRA ;DOS SANTOS BARBOSA, ADRIANA LOESER ;CHEIN ALONSO, ANDRÉ ;PIOVEZAN, UBIRATAN ;BARCOS, UMBERTO COTRIM ;ONOFRIO, VALERIA CASTILHO ;MARTIN'ALBARRACIN, VALERIA L. ;TOWNS, VALERIA ;ARAÚJO, VALQUÍRIA CABRAL ;KANAAN, VANESSA ;DAGA, VANESSA SALETE ;BOERE, VANNER ;DE ARAUJO, VERÔNICA PARENTE GOMES ;BARRETO'LIMA, ANDRÉ FELIPE ;BENITEZ, VERÓNICA VICTORIA ;LEANDRO'SILVA, VICTOR ;GERALDI, VILMA CLARICE ;ALBERICI, VINICIUS ;BASTAZINI, VINÍCIUS AUGUSTO GALVÃO ;DE OLIVEIRA GASPAROTTO, VINÍCIUS PERON ;ORSINI, VINÍCIUS SANTANA ;DA SILVA, VIRGÍNIA SANTIAGO ;ROJAS BONZI, VIVIANA ;PEREIRA, VINICIUS JOSÉ ALVES ;LANNA, ANDRE ;LAYME, VIVIANE MARIA GUEDES ;DUARTE DA SILVA, VICTOR HUGO ;TOMAS, WALFRIDO MORAES ;DE ALMEIDA MOREIRA, THAMY ;MARTINS, WALDNEY PEREIRA ;DE MORAES PIRES, WALNA MICAELLE ;HANNIBAL, WELLINGTON ;DÁTTILO, WESLEY ;MOTTIN, VIVIANE ;ENDO, WHALDENER ;LUZA, ANDRÉ LUÍS ;BERCÊ, WILLIAM ;CARVALHO, WILLIAM DOUGLAS ;MAGNUSSON, WILLIAM ;AKKAWI, PAULA ;DI BLANCO, YAMIL ;AMARAL, PAULO ROBERTO ;RAMOS, YAN GABRIEL CELLI ;RODRÍGUEZ'CALDERÓN, YENIFER G. ;MENDES, YURI RAIA ;RIBEIRO, YURI GERALDO GOMES ;CAMILO, ANDRÉ RESTEL ;CAMPOS, ZILCA ;GALETTI, MAURO ;RIBEIRO, MILTON CEZAR ;TAVARES, ANDRÉ ;NUNES, ANDRÉ VALLE ;KINDEL, ANDREAS ;DE MIGUEL, ANDRÉS ;GATTI, ANDRESSA ;CHIARELLO, ADRIANO GARCIA ;NOBRE, ANDREZZA BELLOTTO ;DA CONCEIÇÃO CAMPÊLO, ANIELISE ;DE ALBUQUERQUE, ANNA CAROLINA FIGUEIREDO ;DE LA TORRE, ANTONIO ;MANGIONE, ANTONIO ;MENDES PONTES, ANTONIO ROSSANO ;FERNANDES, ARTHUR SOARES ;DE ALMEIDA FELICIO, ARTUR LUIZ ;FERREGUETTI, ATILLA COLOMBO ;MARCILI, ARLEI ;PAGLIA, ADRIANO PEREIRA ;PIRATELLI, AUGUSTO JOÃO ;DO NASCIMENTO, ARIEL GUILHERME SANTOS ;BANHOS DOS SANTOS, ÁUREO ;ROSA, BEATRIS FELIPE ;CEZILA, BEATRIZ AZEVEDO ;DE THOISY, BENOIT ;INGBERMAN, BIANCA ;KÖHLER, BIANCA ;MORAIS, BIANCA CRUZ ;GÓMEZ'VALENCIA, BIBIANA ;PEREIRA, ADRIELE APARECIDA ;BERTAGNI DE CAMARGO, BRUNA ;BEZERRA, BRUNA M. ;TAMASAUSKAS, BRUNA ;PARAHYBA CAMPOS, BRUNO A.T. ;KUBIAK, BRUNO BUSNELLO ;HENRIQUE SARANHOLI, BRUNO ;NAKAGAWA, BRUNO K. ;LELES, BRUNO PEREIRA ;LIM, BURTON K ;PEREIRA MENDES, CALEBE",,2019.0
2010,2016.0,2016.0,2018.0,2019.0,,386,Zoologia,,NEOTROPICAL CARNIVORES: A DATA SET ON CARNIVORE DISTRIBUTION IN THE NEOTROPICS,2020,,10.1002/ecy.3128,ECOLOGY,129658,101,,11,e03128,,,"NAGY'REIS, MARIANA ;ROHE, FABIO ;ROSA, AUGUSTO LISBOA MARTINS ;BANHOS, AUREO ;FRANCISCO, BEATRIZ DA SILVA DE SOUZA ;CEZILA, BEATRIZ AZEVEDO ;BEISIEGEL, BEATRIZ DE MELLO ;THOISY, BENOIT ;INGBERMAN, BIANCA ;NEVES, BIANCA DOS SANTOS ;PEREIRA'SILVA, BRENDA ;BERTAGNI DE CAMARGO, BRUNA ;LEMOS, FREDERICO GEMESIO ;ANDRADE, BRUNA DA SILVA ;SANTOS, BRUNA SILVA ;LELES, BRUNO ;TORRES PARAHYBA CAMPOS, BRUNO AUGUSTO ;KUBIAK, BRUNO BUSNELLO ;FRANÇA, BRUNO RODRIGO DE ALBUQUERQUE ;SARANHOLI, BRUNO HENRIQUE ;PEREIRA MENDES, CALEBE ;CANTAGALLO DEVIDS, CAMILA ;PIANCA, CAMILA ;MARTELLO, FELIPE ;RODRIGUES, CAMILA ;ISLAS, CAMILA ALVEZ ;LIMA, CAMILLA ANGÉLICA ;LIMA, CAMILO RIBEIRO ;GESTICH, CARLA CRISTINA ;TEDESCO, CARLA DENISE ;DE ANGELO, CARLOS ;FONSECA, CARLOS ;HASS, CARLOS ;PERES, CARLOS A. ;ALVES'EIGENHEER, MILENE ;KASPER, CARLOS BENHUR ;DURIGAN, CARLOS CESAR ;FRAGOSO, CARLOS EDUARDO ;VERONA, CARLOS EDUARDO ;ROCHA, CARLOS FREDERICO DUARTE ;SALVADOR, CARLOS HENRIQUE ;VIEIRA, CARLOS LEONARDO ;RUIZ, CARMEN ELENA BARRAGÁN ;CHEIDA, CAROLINA CARVALHO ;SARTOR, CAROLINE CHARÃO ;SILVA, RAFAELA APARECIDA ;ESPINOSA, CAROLINE DA COSTA ;FIEKER, CAROLLINE ZATTA ;BRAGA, CARYNE ;SÁNCHEZ'LALINDE, CATALINA ;MACHADO, CAUANNE IGLESIAS CAMPOS ;CRONEMBERGER, CECILIA ;LUNA, CECÍLIA LICARIÃO ;DEL VECHIO, CHRISTINE ;BERNARDO, CHRISTINE STEINER S. ;HURTADO, CINDY MELIZA ;SILVEIRA DOS SANTOS, JULIANA ;LOPES, CÍNTIA M. ;ROSA, CLARISSA ALVES ;CINTA, CLAUDIA CRISTINA ;COSTA, CLAUDIA GUIMARAES ;ZÁRATE'CASTAÑEDA, CLAUDIA PAOLA ;NOVAES, CLAUDIO LEITE ;JENKINS, CLINTON N. ;SEIXAS, CRISTIANA SIMÃO ;MARTIN, CRISTIANE ;ZANIRATTO, CRISTIANE PATRÍCIA ;PRIANTE, CAMILA FÁTIMA ;LÓPEZ'FUERTE, CRISTINA FABIOLA ;CUNHA, CRISTINA JAQUES ;DE'CARVALHO, CRIZANTO BRITO ;CHÁVEZ, CUAUHTÉMOC ;SANTOS, CYNTIA CAVALCANTE ;POLLI, DAIANA JERONIMO ;BUSCARIOL, DAIANE ;CARREIRA, DAIANE CRISTINA ;GALIANO, DANIEL ;THORNTON, DANIEL ;BERNARDO, RODRIGO ;FERRAZ, DANIEL DA SILVA ;LAMATTINA, DANIELA ;MORENO, DANIELE JANINA ;MOREIRA, DANIELLE OLIVEIRA ;FARIAS, DANILO AUGUSTO ;BARROS'BATTESTI, DARCI MORAES ;TAVARES, DAVI CASTRO ;COSTA BRAGA, DAVID ;GASPAR, DENISE ALEMAR ;FRIEDEBERG, DIANA ;ROGERI, PATRICIA ;ASTÚA, DIEGO ;SILVA, DIEGO AFONSO ;VIANA, DIEGO CARVALHO ;LIZCANO, DIEGO J. ;VARELA, DIEGO M. ;LORETTO, DIOGO ;GRÄBIN, DIOGO MAIA ;EATON, DONALD P. ;MACHADO DA SILVA, DOUGLAS ;DIAS, DOUGLAS DE MATOS ;ASSIS, JULIA CAMARA ;CAMARA, EDELTRUDES MARIA VALADARES CALAÇA ;BARBIER, EDER ;CHÁVEZ'GONZÁLEZ, EDGAR ;ROCHA, EDNALDO CÂNDIDO ;LIMA, EDSON DE SOUZA ;CARRANO, EDUARDO ;EIZIRIK, EDUARDO ;NAKANO'OLIVEIRA, EDUARDO ;RIGACCI, EDUARDO DELGADO ;SANTOS, EDUARDO MARQUES ;OSHIMA, JÚLIA EMI DE FARIA ;GASPAR, LUCAS PACCIULLIO ;VENTICINQUE, EDUARDO MARTINS ;ALEXANDRINO, EDUARDO ROBERTO ;ABREU RIBEIRO, EDVANDRO ;SETZ, ELEONORE ;ROCHA, ELIANA CÉSAR LARANJEIRA DUARTE ;CARVALHO, ELILDO ALVES RIBEIRO ;RECHENBERG, ELISABETE ;FRAGA, ELMARY DA COSTA ;MENDONÇA, ELOISA NEVES ;D'BASTIANI, ELVIRA ;TONETTI, VINICIUS RODRIGUES ;ISASI'CATALÁ, EMILIANA ;GUIJOSA'GUADARRAMA, EMILIANO ;RAMALHO, EMILIANO ESTERCI ;GONZÁLEZ, ENRIQUE ;HASUI, ÉRICA ;SAITO, ERICA NAOMI ;FISCHER, ERICH ;AGUIAR, ERICK FRANCISCO ;ROCHA, ERICK SEKIAMA ;MARTÍNEZ NAMBO, ERIK DANIEL ;TRINCA, CRISTIANO TRAPÉ ;PEÑA'CUÉLLAR, ERIKA ;CASTRO, ÉRIKA PAULA ;FREITAS, EVELLYN BORGES ;PEDÓ, EZEQUIEL ;ROCHA, FABIANA LOPES ;GIRARDI, FABIANE ;PEREIRA, FABIANE DE AGUIAR ;SOARES, FÁBIO ANGELO MELO ;ROQUE, FABIO DE OLIVEIRA ;DÍAZ'SANTOS, FABIO GABRIEL ;RIBEIRO, ADAUTO DE SOUZA ;PATIU, FABIO MELLO ;NASCIMENTO, FABIO OLIVEIRA ;KEESEN FERREIRA, FABÍOLA ;DIAZ'SANTOS, FABRICIO ;MORELI FANTACINI, FELIPE ;PEDROSA, FELIPE ;PESSOA DA SILVA, FELIPE ;VELEZ'GARCIA, FELIPE ;GOMES, FELIPE BITTIOLI R. ;GUEDES DA SILVA, FERNANDA ;BOCCHIGLIERI, ADRIANA ;MICHALSKI, FERNANDA ;AZEVEDO, FERNANDA CAVALCANTI ;BARROS, FERNANDA CRISTINA ;SANTOS, FERNANDA DA SILVA ;ABRA, FERNANDA DELBORGO ;RAMALHO, FERNANDA DO PASSO ;HATANO, FERNANDA MARTINS ;ANAGUANO'YANCHA, FERNANDO ;GONÇALVES, FERNANDO ;PEDRONI, FERNANDO ;HASS, ADRIANI ;PASSOS, FERNANDO C. ;JACINAVICIUS, FERNANDO DE CASTRO ;BONFIM, FERNANDO CÉSAR GONÇALVES ;PUERTAS, FERNANDO HENRIQUE ;CONTRERAS'MORENO, FERNANDO M. ;TORTATO, FERNANDO RODRIGO ;SANTOS, FILIPE MARTINS ;CHAVES, FLÁVIA GUIMARÃES ;TIRELLI, FLAVIA PEREIRA ;VILAS BOAS, FLÁVIO EDUARDO ;CANTERI, ADRIANO ;RODRIGUES, FLAVIO HENRIQUE GUIMARÃES ;UBAID, FLÁVIO KULAIF ;GROTTA'NETO, FRANCISCO ;PALOMARES, FRANCISCO ;SOUZA, FRANCO LEANDRO ;COSTA, FRANCYS EMANUELLE ;FRANÇA, FREDERICO G. R. ;RAMÍREZ PINTO, FREDY ;AGUIAR, GABRIEL LIMA ;HOFMANN, GABRIEL SELBACH ;CHIARELLO, ADRIANO GARCIA ;HELIODORO, GABRIELA ;DUARTE, GABRIELA TEIXEIRA ;RIBEIRO DE ANDRADE, GABRIELLE ;BECA, GABRIELLE ;ZAPATA'RÍOS, GALO ;GINÉ, GASTÓN ANDRÉS FERNANDEZ ;POWELL, GEORGE V. N. ;WILSON FERNANDES, GERALDO ;FORERO'MEDINA, GERMAN ;MELO, GERUZA L. ;PAGLIA, ADRIANO PEREIRA ;SANTANA, GINDOMAR GOMES ;CIOCHETI, GIORDANO ;ALVES, GISELLE BASTOS ;SOUTO, GLAUBER HENRIQUE BORGES DE OLIVEIRA ;VILLARROEL, GLENDA JÉSSICA ;PORFIRIO, GRASIELA EDITH DE OLIVEIRA ;BATISTA, GRAZIELE OLIVEIRA ;BEHLING, GREICI MAIA ;AYALA CRESPO, GUIDO MARCOS ;MOURÃO, GUILHERME DE MIRANDA ;PEREIRA, ADRIELE APARECIDA ;REZENDE, GUILHERME ZAMARIAN ;TOLEDO, GUSTAVO ALVES DA COSTA ;HERRERA, HEITOR MIRAGLIA ;ALVES PRADO, HELENA ;BERGALLO, HELENA DE GODOY ;SECCO, HELIO ;RAJÃO, HENRIQUE ;ROIG, HENRIQUE LLACER ;CONCONE, HENRIQUE VILLAS BOAS ;DUARTE, HERBERT ;KANDA, CLAUDIA ZUKERAN ;SOUZA, AGNIS CRISTIANE ;ERMENEGILDO, HIAGO ;FERREIRA PAULINO NETO, HIPÓLITO ;QUIGLEY, HOWARD ;LEMOS, HUDSON MACEDO ;CABRAL, HUGO ;FERNANDES'FERREIRA, HUGO ;CASTILLO, HUGO FERNANDO ;RIBEIRO, IGOR KINTOPP ;COELHO, IGOR PFEIFER ;FRANCESCHI, INGRIDI CAMBOIM ;GATICA, AILIN ;MELO, ISABEL ;OLIVEIRA'BEVAN, ISABELLA ;MOURTHE, ITALO ;BERNARDI, ITIBERÊ ;TORRE, J. ANTONIO ;MARINHO'FILHO, JADER ;MARTINEZ, JAIME ;PALACIOS PEREZ, JAIME XAVIER ;PÉREZ'TORRES, JAIRO ;BUBADUÉ, JAMILE ;MEDEIRO, AKYLLAM ZOPPI ;SILVEIRA, JANA RANGEL ;SEIBERT, JARDEL BRANDÃO ;OLIVEIRA, JASMIM FELIPE ;ASSIS, JASMINE RESENDE ;DE LA MAZA, JAVIER ;HINOJOSA, JAVIER ;METZGER, JEAN PAUL ;THOMPSON, JEFFREY JAMES ;SVENNING, JENS'CHRISTIAN ;GOUVEA, JÉSSICA ABONIZIO ;ERIKSSON, ALAN ;SOUZA, JESUS RODRIGUES DOMINGOS ;PINCHEIRA'ULBRICH, JIMMY ;NODARI, JOANA ZORZAL ;MIRANDA, JOÃO ;ZECCHINI GEBIN, JOÃO CARLOS ;GIOVANELLI, JOÃO GABRIEL RIBEIRO ;ROSSI JUNIOR, JOÃO LUIZ ;PANDINI FAVORETTI, JOÃO PAULO ;VILLANI, JOÃO PAULO ;JUST, JOÃO PAULO GAVA ;COSTA, ALAN NILO ;SOUZA'ALVES, JOÃO PEDRO ;COSTA, JOCIEL FERREIRA ;ROCHA, JOEDISON ;POLISAR, JOHN ;SPONCHIADO, JONAS ;CHEREM, JORGE JOSÉ ;MARINHO, JORGE REPPOLD ;ZIEGLER, JÖRN ;CORDEIRO, JOSÉ ;SOUSA E SILVA JÚNIOR, JOSÉ ;GONZÁLEZ'GALLINA, ALBERTO ;RODRIGUEZ'PULIDO, JOSE ARIEL ;CHAVES DOS SANTOS, JOSÉ CARLOS ;REIS JÚNIOR, JOSÉ CLEMENSOU ;MANTOVANI, JOSE EDUARDO ;MOREIRA RAMÍREZ, JOSÉ FERNANDO ;SARASOLA, JOSÉ HERNÁN ;CARTES, JOSE LUIS ;DUARTE, JOSÉ MAURÍCIO BARBANTI ;LONGO, JOSE MILTON ;DANTAS, JOSÉ OLIVEIRA ;YANOSKY, ALBERTO A. ;VENANCIO, JOSÉ OTÁVIO ;MATOS, JOSE ROBERTO ;PIRES, JOSÉ SALATIEL RODRIGUES ;HAWES, JOSEPH E. ;SANTOS, JOYCE GONÇALVES ;RUIZ'ESPARZA, JUAN ;MARTÍNEZ LANFRANCO, JUAN ANDRÉS ;RUDOLF, JUAN CARLOS ;CHARRE'MEDELLIN, JUAN FELIPE ;ZANÓN'MARTÍNEZ, JUAN IGNACIO ;JESUS DE LA CRUZ, ALEJANDRO ;PEÑA'MONDRAGÓN, JUAN L. ;CAMPOS KRAUER, JUAN MANUEL ;ARRABAL, JUAN PABLO ;BEDUSCHI, JULIA ;ILHA, JÚLIA ;MATA, JULIA CAROLINA ;BONANOMI, JULIANA ;JORDAO, JULIANA ;ALMEIDA'ROCHA, JULIANA MONTEIRO ;PEREIRA'RIBEIRO, JULIANE ;BERTASSONI, ALESSANDRA ;ZANONI, JULIANI BRUNA ;BOGONI, JULIANO ANDRÉ ;CHACÓN PACHECO, JULIO JAVIER ;CONTRERAS PALMA, KAMILA MARIANNE ;STRIER, KAREN B. ;RODRIGUEZ CASTRO, KAREN GISELLE ;DIDIER, KARL ;SCHUCHMANN, KARL L. ;CHÁVEZ'CONGRAINS, KARLA ;BURS, KATHRIN ;BAGER, ALEX ;FERRAZ, KATIA M. P. M. B. ;JUAREZ, KEILA MACFADEM ;FLESHER, KEVIN ;MORAIS, KIMBERLY DANIELLE RODRIGUES ;LAUTENSCHLAGER, LAÍS ;GROSSEL, LAÍS ALINE ;DAHMER, LAIS CAMILA ;ALMEIDA, LANA RESENDE ;FORNITANO, LARISSA ;BARBOSA, LARISSA DE NAZARÉ BARROS ;PALMEIRA, FRANCESCA BELEM LOPES ;BOVO, ALEX AUGUSTO ABREU ;BAILEY, LARISSA L. ;BARRETO, LARISSA NASCIMENTO ;VILLALBA, LAURA MAGNOLIA ;MAGALHÃES, LAURA MARTINS ;CULLEN, LAURY ;MARQUES, LEANDRO ;MARQUES COSTA, LEONARDO ;SILVEIRA, LEANDRO ;MOREIRA, LEANDRO SANTANA ;SARTORELLO, LEONARDO ;CRAVINO MOL, ALEXANDRA ;OLIVEIRA, LEONARDO DE CARVALHO ;GOMES, LEONARDO DE PAULA ;AGUIAR, LEONARDO DOS SANTOS ;SILVA, LEONARDO HENRIQUE ;MENDONÇA, LEONARDO SIQUEIRA ;VALENZUELA, LEONOR ADRIANA ;BENAVALLI, LETÍCIA ;DIAS, LETICIA COUTINHO SANGY ;MUNHOES, LETICIA PRADO ;CATENACCI, LILIAN ;BEZERRA, ALEXANDRA MARIA RAMOS ;RAMPIM, LILIAN ELAINE ;PAULA, LÍVIA MARIA ;NASCIMENTO, LORENA ANNE ;GONÇALVES DA SILVA, LUCAS ;QUINTILHAM, LUCAS ;RAMIS SEGURA, LUCAS ;PERILLO, LUCAS NEVES ;REZENDE, LUCAS RODRIGO ;MARTÍNEZ RETTA, LUCÍA ;ROJAS, LUCIA NATHALY STEFANY ;PERCEQUILLO, ALEXANDRE ;GUIMARÃES, LUIZA NEVES ;ARAÚJO, LUCIANA ;ZAGO DA SILVA, LUCIANA ;QUERIDO, LUCIANO CARRAMASCHI DE ALAGÃO ;VERDADE, LUCIANO MARTINS ;PERERA'ROMERO, LUCY E. ;CARVALHO'LEITE, LUDIMILA JULIELE ;HUFNAGEL, LUDMILA ;REZENDE BERNARDO, LUIS RENATO ;OLIVEIRA, LUIZ FLAMARION ;VOGLIOTTI, ALEXANDRE ;OLIVEIRA SANTOS, LUIZ GUSTAVO RODRIGUES ;LYRA, LUIZ HENRIQUE ;BORGES, LUIZ HENRIQUE MEDEIROS ;SEVERO, MAGNUS MACHADO ;BENCHIMOL, MAÍRA ;QUATROCCHI, MAIRA GIULIANA ;MARTINS, MAÍSA ZIVIANI ALVES ;RODRIGUES, MANOEL ;PENTEADO, MARCEL JOSÉ FRANCO ;FIGUERÊDO DUARTE MORAES, MARCELA ;COSTA LOPES, ALEXANDRE MARTINS ;OLIVEIRA, MARCELA ALVARES ;LIMA, MARCELA GUIMARÃES MOREIRA ;PÔNZIO, MARCELLA DO CARMO ;CERVINI, MARCELO ;SILVA, MARCELO ;PASSAMANI, MARCELO ;VILLEGAS, MARCELO ALEJANDRO ;SANTOS JUNIOR, MARCELO AUGUSTO ;YAMANE, MARCELO HIDEKI ;JARDIM, MARCIA MARIA DE ASSIS ;KEUROGHLIAN, ALEXINE ;LEITE DE OLIVEIRA, MÁRCIO ;SILVEIRA, MARCOS ;TORTATO, MARCOS ADRIANO ;FIGUEIREDO, MARCOS DE SOUZA LIMA ;VIEIRA, MARCUS VINÍCIUS ;SEKIAMA, MARGARETH L. ;ANDRADE DA SILVA, MARIA AUGUSTA ;NUÑEZ, MARÍA BEATRIZ ;SIVIERO, MARIA BRUNINI ;CARRIZO, MARÍA CELINA ;ZÚÑIGA HARTLEY, ALFONSO CHRISTOPHER ;BARROS, MARIA CLAUDENE ;BARROS, MARÍLIA A. S. ;ROSÁRIO, MARIA CRISTINA FERREIRA ;PEÑUELA MORA, MARÍA CRISTINA ;FLEYTAS JOVER, MARIA DEL CARMEN ;MORANDI, MARIA ELISA DE FREITAS ;HUERTA, MARIA EMILIA ;FERNANDES, MARIA EMÍLIA AVELAR ;VISCARRA SIÑANI, MARIA ESTELA ;IEZZI, MARÍA EUGENIA ;DEVLIN, ALLISON L. ;RAMOS PEREIRA, MARIA JOÃO ;GOMEZ VINASSA, MARIA LAURA ;LORINI, MARIA LUCIA ;JORGE, MARIA LUISA S. P. ;MORINI, MARIA SANTINA ;GUENTHER, MARIANA ;LANDIS, MARIANA BUENO ;VALE, MARIANA M. ;XAVIER, MARIANA SAMPAIO ;TAVARES, MARIANA SILVA ;PAULA, ALMIR ;KAIZER, MARIANE ;VELILLA, MARIANELA ;BERGEL, MARIANO MAUDET ;HARTMANN, MARILIA TERESINHA ;LIMA DA SILVA, MARINA ;RIVERO, MARINA ;SALLES MUNERATO, MARINA ;XAVIER DA SILVA, MARINA ;ZANIN, MARINA ;MARQUES, MARINÊZ ISAAC ;MELO, FABIANO RODRIGUES ;GARCÍA'OLAECHEA, ALVARO ;HABERFELD, MARIO ;DI BITETTI, MARIO S. ;BOWLER, MARK ;GALLIEZ, MARON ;ORTIZ'MORENO, MARTHA LUCIA ;BUSCHIAZZO, MARTIN ;MONTES, MARTIN ALEJANDRO ;ALVAREZ, MARTÍN R. ;MELO'DIAS, MATEUS ;REIS, MATHEUS GONÇALVES ;SÁNCHEZ, AMADEO ;CORRÊA, MATHEUS ROCHA JORGE ;TOBLER, MATHIAS W. ;GOMPPER, MATTHEW E. ;NUNEZ'REGUEIRO, MAURICIO ;BRANDÃO VECCHI, MAURÍCIO ;GRAIPEL, MAURÍCIO EDUARDO ;GODOI, MAURICIO NEVES ;MOURA, MAURICIO O. ;KONZEN, MAURÍCIO QUOOS ;PARDO, MAXIMILIANO VÍCTOR ;AQUINO, ANA CARLA MEDEIROS MORATO ;BELTRÃO, MAYARA GUIMARÃES ;MONGELLI, MELISSA ;ALMEIDA, MEYLINE OLIVEIRA ;GILMORE, MICHAEL P. ;SCHUTTE, MICHEL ;FARIA, MICHEL BARROS ;LUIZ, MICHELI RIBEIRO ;PAULA, MILTON ;HIDALGO'MIHART, MIRCEA G. ;PERILLI, MIRIAM LUCIA LAGES ;SRBEK'ARAUJO, ANA CAROLINA ;FREITAS'JUNIOR, MOZART CAETANO ;SILVA, MURILLO PRADO ;DENKIEWICZ, NATALIA MARIANA ;TORRES, NATALIA MUNDIM ;OLIFIERS, NATALIE ;DE LIMA, NATANI DA SILVA ;ALBUQUERQUE, NATASHA MORAES ;CANASSA, NATHÁLIA FERNANDES ;ALMEIDA CURI, NELSON HENRIQUE ;PRESTES, NÊMORA PAULETTI ;OCHOA, ANA CECILIA ;FALCONI, NEREYDA ;GURGEL'FILHO, NEWTON MOTA ;PASQUALOTTO, NIELSON ;CÁCERES, NILTON C. ;PERONI, NIVALDO ;SANCHA, NOÉ U. ;ZANELLA, NOELI ;MONROY'VILCHIS, OCTAVIO ;PAYS, OLIVIER ;ARIMORO, OMOLABAKE ALHAMBRA ;TOMAZZONI, ANA CRISTINA ;RIBEIRO, OTÁVIO SANTI ;VILLALVA, PABLO ;GONÇALVES, PABLO RODRIGUES ;SANTOS, PALOMA MARQUES ;BRENNAND, PAMELLA ;ROCHA, PATRÍCIO ;AKKAWI, PAULA ;CRUZ, PAULA ;FERREIRA, PAULA MODENESI ;PRIST, PAULA RIBEIRO ;LACERDA, ANA CRISTYNA REIS ;MARTIN, PAULA SANCHES ;ARROYO'GERALA, PAULINA ;AURICCHIO, PAULO ;HARTMANN, PAULO AFONSO ;ANTAS, PAULO DE TARSO ZUQUIM ;CAMARGO, PAULO H. S. A. ;MARINHO, PAULO HENRIQUE ;RUFFINO, PAULO HENRIQUE PEIRA ;PRADO, PAULO INÁCIO ;MARTINS, PAULO WESLEY ;BACELLAR, ANA ELISA DE FARIA ;CORDEIRO'ESTRELA, PEDRO ;LUNA, PEDRO ;SARMENTO, PEDRO ;FARIA PERES, PEDRO HENRIQUE ;GALETTI, PEDRO MANOEL ;CASTILHO, PEDRO VOLKMER ;RENAUD, PIERRE'CYRIL ;SCARASCIA, PIETRO OLIVEIRA ;COBRA, PRISCILLA DE PAULA ANDRADE ;LOMBARDI, PRYSCILLA MOURA ;CAMPELO, ANA KELLEN NOGUEIRA ;BESSA, RAFAEL ;REYNA'HURTADO, RAFAEL ;SOUZA, RAFAEL CERQUEIRA CASTRO ;HOOGESTEIJN, RAFAEL JAN ;ALVES, RAFAEL SOUZA CRUZ ;ROMAGNA, RAFAEL SPILERE ;SILVA, RAMON LIMA ;OLIVEIRA, RAMONNA ;BELTRÃO'MENDES, RAONE ;ALENCAR, RAONY DE MACÊDO ;HERRERA VICTORIA, ANA MARÍA ;COUTINHO, RAPHAELLA ;SILVA, RAQUEL COSTA ;CARIBÉ GRANDO, RAQUEL L. S. C. ;MATOS, RAYANNE GAMA ;ARAUJO, RAYLENNE DA SILVA ;PEDROSO, RAYSSA FARIA ;DURÃES, RAYSSA MAINETTE NANTES ;RIBEIRO, RENAN LIETO ALVES ;CHAGAS, RENATA ;MIOTTO, RENATA ;MORATO, RONALDO GONÇALVES ;PASCHOAL, ANA MARIA DE OLIVEIRA ;TWARDOWSKY RAMALHO BONIKOWSKI, RENATA ;MUYLAERT, RENATA LARA ;PAGOTTO, RENATA VALLS ;HILÁRIO, RENATO RICHARD ;FARIA, RHAYSSA TERRA ;BASSINI'SILVA, RICARDO ;SAMPAIO, RICARDO ;SARTORELLO, RICARDO ;PIRES, RICARDO ARAÚJO ;HATAKEYAMA, RICHARD ;POTRICH, ANA PAULA ;BIANCHI, RITA DE CASSIA ;BUITENWERF, ROBERT ;WALLACE, ROBERT ;PAOLINO, ROBERTA MONTANHEIRO ;FUSCO'COSTA, ROBERTO ;TROVATI, ROBERTO GUILHERME ;TOMASI, ROBERTO JUNIOR ;ESPÍNDOLA HACK, ROBSON ODELI ;MAGALHÃES, RODOLFO ASSIS ;NOBREGA, RODRIGO AFFONSO DE ALBUQUERQUE ;GOMES, ANA PAULA NASCIMENTO ;NOBRE, RODRIGO DE ALMEIDA ;MASSARA, RODRIGO LIMA ;FRÓES, RODRIGO MEDINA ;ARAÚJO, RODRIGO PAULO DA CUNHA ;LEÓN PÉREZ, RODRIGO RAÚL ;JORGE, RODRIGO SILVA PINTO ;PAULA, ROGÉRIO CUNHA ;MARTINS, ROGÉRIO ;CUNHA, ROGÉRIO GRASSETTO TEIXEIRA ;COSTA, RÔMULO ;OLÍMPIO, ANA PRISCILA MEDEIROS ;ALVES, ROMULO ROMEU NOBREGA ;GARCIA'ANLEU, RONY ;SANTOS ALMEIDA, RONY PETERSON ;CUEVA LOACHAMÍN, RUBÉN DARÍO ;ANDRADE, RÚBIA SANTANA ;JUÁREZ, RUGIERI ;BORDALLO, SAMANTA UCHÔA ;GUARAGNI, SAMARA ARSEGO ;CARRILLO'PERCASTEGUI, SAMIA E. ;SEBER, SAMILE ;CUNHA COSTA, ANA RAISSA ;ASTETE, SAMUEL ;HARTZ, SANDRA MARIA ;ESPINOSA, SANTIAGO ;ÁLVAREZ SOLAS, SARA ;RAMOS LIMA, SAULO ;SILVESTRE, SAULO MENESES ;MACHADO, SÁVIO AUGUSTO DE SOUZA ;KEUROGHLIAN'EATON, SEAN ;ALBANESI, SEBASTIAN ;COSTA, SEBASTIÁN ANDRÉS ;JÁCOMO, ANAH TEREZA DE ALMEIDA ;BAZILIO, SERGIO ;MENDES, SERGIO LUCENA ;ALTHOFF, SÉRGIO LUIZ ;PINHEIRO, SHERY DUQUE ;NAPIWOSKI, SILVIO JUNIOR ;FERNÁNDEZ RAMIREZ, SIXTO ;TALAMONI, SONIA APARECIDA ;AGE, STEFANI GABRIELI ;PEREIRA, TAIGUÃ CORRÊA ;MOREIRA, TAINAH CRUZ ;CALAÇA, ANALICE MARIA ;TRIGO, TATIANE CAMPOS ;GONDIM, TAYANA MENDONÇA DA SILVA ;KARLOVIC, THAMÍRIS CHRISTINA ;CAVALCANTE, THIAGO ;MACCARINI, THIAGO ;RODRIGUES, THIAGO FERREIRA ;CAMARGO E TIMO, THIAGO PHILIPE ;MONTERRUBIO, TIBERIO CESAR ;PIOVEZAN, UBIRATAN ;CAVARZERE, VAGNER ;JESUS, ANAMÉLIA SOUZA ;TOWNS, VALERIA ;ONOFRIO, VALERIA CASTILHO ;OLIVEIRA, VALESKA BUCHEMI ;ARAÚJO, VALQUÍRIA CABRAL ;MELO, VANESSA LAZARO ;KANAAN, VANESSA TAVARES ;IWAKAMI, VICTOR ;VALE, VICTOR ;PICINATTO FILHO, VILMAR ;ALBERICI, VINICIUS ;BARROS BARBAN, ANANDA ;BASTAZINI, VINICIUS A. G. ;ORSINI, VINÍCIUS SANTANA ;BRAZ, VIVIAN DA SILVA ;ROJAS BONZI, VIVIANA B. ;GUEDES LAYME, VIVIANE MARIA ;GABOARDI, VIVIANE TELLES RODRIGUES ;ROCHA, VLAMIR JOSÉ ;MARTINS, WALDNEY PEREIRA ;TOMAS, WALFRIDO MORAES ;HANNIBAL, WELLINGTON ;FEIJÓ, ANDERSON ;DÁTTILO, WESLEY ;SILVA, WESLEY R. ;ENDO, WHALDENER ;BERCÊ, WILLIAM ;BRAVATA DE LA CRUZ, YARIBETH ;RIBEIRO, YURI GERALDO GOMES ;GALETTI, MAURO ;RIBEIRO, MILTON C. ;BONJORNE, LILIAN ;PAGOTO, ANDERSON ;ROLIM, ANDERSON CLAUDINO ;HERMANN, ANDIARA PAULA ;SOUZA, ANDIARA SILOS MORAES DE CASTRO E ;CHEIN ALONSO, ANDRÉ ;MONTEIRO, ANDRÉ ;MENDONÇA, ANDRÉ FARIA ;LUZA, ANDRÉ LUÍS ;MOURA, ANDRÉ LUIS BOTELHO ;SILVA, ANDRÉ LUIZ FERREIRA ;MAGIOLI, MARCELO ;LANNA, ANDRE MONNERAT ;ANTUNES, ANDRE PINASSI ;NUNES, ANDRÉ VALLE ;DECHNER, ANDREA ;CARVALHO, ANDREA SIQUEIRA ;NOVARO, ANDRES JOSE ;SCABIN, ANDRESSA BARBARA ;GATTI, ANDRESSA ;NOBRE, ANDREZZA BELLOTTO ;MONTANARIN, ANELISE ;LEUCHTENBERGER, CAROLINE ;DEFFACI, ÂNGELA CAMILA ;ALBUQUERQUE, ANNA CAROLINA FIGUEIREDO ;MANGIONE, ANTONIO MARCELO ;PINTO, ANTONIO MILLAS SILVA ;MENDES PONTES, ANTONIO ROSSANO ;BERTOLDI, ARIANE TEIXEIRA ;CALOURO, ARMANDO MUNIZ ;FERNANDES, ARTHUR ;FERREIRA, ARYSTENE NICODEMO ;FERREGUETTI, ATILLA COLOMBO",,2019.0
2010,2016.0,2016.0,2018.0,2019.0,,386,Zoologia,,"MAMMALS OF CAJURU STATE FOREST AND SURROUNDINGS: A NEGLECTED BUT IMPORTANT PROTECTED AREA FOR THE CERRADO CONSERVATION IN THE SAO PAULO STATE, BRAZIL",2022,,10.1590/1676-0611-bn-2021-1261,BIOTA NEOTROPICA (ONLINE. EDIÇÃO EM INGLÊS),16760611,22,,1,1,13,,"PÔNZIO, MARCELA ;ALBERICI, VINICIUS ;PASQUALOTTO, NIELSON ;PAOLINO, ROBERTA ;RODRIGUES, THIAGO ;CHIARELLO, ADRIANO",,2019.0
2010,2016.0,2016.0,2018.0,2019.0,,386,Zoologia,,COVID-19 PANDEMIC AS A LEARNING PATH FOR GROUNDING CONSERVATION POLICIES IN SCIENCE,2021,,10.1016/j.pecon.2021.02.009,Perspectives in Ecology and Conservation,25300644,19,,,109,114,,"PARDINI, RENATA ;BERTUOL-GARCIA, DIANA ;DEMASI ARAÚJO, BEATRIZ ;MESQUITA, JOÃO PEDRO ;MORAES MURER, BEATRIZ ;DO CARMO PÔNZIO, MARCELLA ;SILVÉRIO RIBEIRO, FERNANDO ;LAGANARO ROSSI, MARIANA ;PRADO, PAULO INÁCIO",,2019.0
2008,2013.0,2013.0,2015.0,2017.0,,347,Genética,,NIK1-MEDIATED TRANSLATION SUPPRESSION FUNCTIONS AS A PLANT ANTIVIRAL IMMUNITY MECHANISM,2015,,10.1038/nature14171,Nature (London),280836,0,,,2026-01-19 00:00:00,,,"SACHETTO-MARTINS, GILBERTO ;GOUVEIA, BIANCA C. ;LORIATO, VIRGÍLIO A. P. ;SILVA, MARCOS A. C. ;SILVA, FABYANO F. ;SANTOS, ANÉSIA A. ;CHORY, JOANNE ;FONTES, ELIZABETH P. B. ;MACHADO, JOÃO PAULO B. ;LOPES, KÊNIA V. G. ;NASCIMENTO, KELLY J. T. ;PEREIRA, WELISON A. ;BRUSTOLINI, OTÁVIO J. B. ;REIS, PEDRO A. B. ;CALIL, IARA P. ;DEGUCHI, MICHIHITO",,2017.0
2008,2013.0,2013.0,2015.0,2017.0,,347,Genética,,THE ZINC-FINGER THYLAKOID-MEMBRANE PROTEIN FIP IS INVOLVED WITH ABIOTIC STRESS RESPONSE IN ARABIDOPSIS THALIANA,2018,,10.3389/fpls.2018.00504,Frontiers in Plant Science,1664462X,9,,,1/504,13,,"LOPES, KARINA L. ;RODRIGUES, RICARDO A. O. ;SILVA, MARCOS C. ;BRAGA, WILIANE G. S. ;SILVA-FILHO, MARCIO C.",,2017.0
2008,2013.0,2013.0,2015.0,2017.0,,347,Genética,,GENOMIC INSIGHT INTO THE ORIGINS AND DISPERSAL OF THE BRAZILIAN COASTAL NATIVES,2020,,10.1073/pnas.1909075117,PROCEEDINGS OF THE NATIONAL ACADEMY OF SCIENCES OF THE UNITED STATES OF AMERICA (ONLINE),10916490,117,,5,2372,2377,,"CASTRO E SILVA, MARCOS ARAÚJO ;PEREIRA, ALEXANDRE DA COSTA ;COMAS, DAVID ;HÜNEMEIER, TÁBITA ;NUNES, KELLY ;LEMES, RENAN BARBOSA ;MAS-SANDOVAL, ÀLEX ;GUERRA AMORIM, CARLOS EDUARDO ;KRIEGER, JOSE EDUARDO ;MILL, JOSÉ GERALDO ;SALZANO, FRANCISCO MAURO ;BORTOLINI, MARIA CÁTIRA",,2017.0
2008,2013.0,2013.0,2015.0,2017.0,,347,Genética,,DEEP GENETIC AFFINITY BETWEEN COASTAL PACIFIC AND AMAZONIAN NATIVES EVIDENCED BY AUSTRALASIAN ANCESTRY,2021,,10.1073/pnas.2025739118,PROCEEDINGS OF THE NATIONAL ACADEMY OF SCIENCES OF THE UNITED STATES OF AMERICA,278424,118,,14,e2025739118,,,"CASTRO E SILVA, MARCOS ARAÚJO ;FERRAZ, TIAGO ;BORTOLINI, MARIA CÁTIRA ;COMAS, DAVID ;HÜNEMEIER, TÁBITA",,2017.0
2008,2013.0,2013.0,2015.0,2017.0,,347,Genética,,POPULATION HISTORIES AND GENOMIC DIVERSITY OF SOUTH AMERICAN NATIVES,2022,,10.1093/molbev/msab339,MOLECULAR BIOLOGY AND EVOLUTION,7374038,39,,1,msab339,,,"CASTRO E SILVA, MARCOS ARAÚJO ;FERRAZ, TIAGO ;COUTO-SILVA, CAINÃ M ;LEMES, RENAN B ;NUNES, KELLY ;COMAS, DAVID ;HÜNEMEIER, TÁBITA",,2017.0
2008,2013.0,2013.0,2015.0,2017.0,,347,Genética,,READING SOUTH AMERICAN HISTORY IN THE NATIVE BRAZILIAN GENOMES,2021,,10.25250/thescbr.brk472,TheScienceBreaker,25719262,7,,1,1,,,"CASTRO-SILVA, MARCOS A. ;HÜNEMEIER, TÁBITA",,2017.0
2007,2013.0,2015.0,2017.0,2018.0,,238,Botânica,,CRYSTAL STRUCTURE AND SPECIFIC LOCATION OF A GERMIN-LIKE PROTEIN WITH PROTEOLYTIC ACTIVITY FROM THEVETIA PERUVIANA,2020,,10.1016/j.plantsci.2020.110590,PLANT SCIENCE,1689452,298,,,110590,,,"CRUZ, WALLACE T. ;SOUZA, PEDRO F.N. ;FREIRE, VALDER N. ;DA SILVA, FRANCISCA M.S. ;FREITAS, CLEVERSON D.T. ;BEZERRA, EDUARDO H.S. ;RAMOS, MÁRCIO V. ;ROCHA, BRUNO A.M. ;Medina, Maria C. ;DEMARCO, DIEGO ;CARVALHO, CRISTINA PAIVA S. ;OLIVEIRA, JEFFERSON S. ;SOUSA, JEANLEX S.",,2018.0
2007,2013.0,2015.0,2017.0,2018.0,,238,Botânica,,"LATICIFERS IN SAPINDACEAE: STRUCTURE, EVOLUTION AND PHYLOGENETIC IMPORTANCE",2021,,10.3389/fpls.2020.612985,Frontiers in Plant Science,1664462X,11,,61298,1,24,,"Medina, Maria Camila ;SOUSA-BAENA, MARIANE S. ;Prado, Erika ;ACEVEDO-RODRÍGUEZ, PEDRO ;DIAS, PEDRO ;DEMARCO, DIEGO",,2018.0
2007,2013.0,2015.0,2017.0,2018.0,,238,Botânica,,STINGING TRICHOMES IN APOCYNACEAE AND THEIR EVOLUTION IN ANGIOSPERMS,2021,,10.3390/plants10112324,PLANTS,22237747,10,,11,2324,,,"Medina, Maria Camila ;SOUSA-BAENA, MARIANE S. ;CAPELLI, NATALIE DO VALLE ;KOCH, RAQUEL ;DEMARCO, DIEGO",,2018.0
2007,2013.0,2015.0,2017.0,2018.0,,238,Botânica,,DIVERSITY AND EVOLUTION OF SECRETORY STRUCTURES IN SAPINDALES,2022,,10.1007/s40415-021-00778-w,Brazilian Journal of Botany,18069959,1,,,1,,,"TÖLKE, ELISABETH DANTAS ;Medina, Maria Camila ;SOUTO, AUGUSTO LOPES ;MARQUES, JOÃO PAULO RODRIGUES ;ALVES, GISELE GOMES NOGUEIRA ;GAMA, REBECA LAINO ;PIRANI, JOSÉ RUBENS ;DEMARCO, DIEGO",,2018.0
2007,2013.0,2015.0,2017.0,2018.0,,238,Botânica,,"PECULIAR ANATOMICAL TRAITS, HIGH DURABILITY, AND POTENTIAL ORNAMENTAL USE OF CYCLANTHACEAE AS FRESH FOLIAGE",2017,,10.1590/0001-376520172-170128,ANAIS DA ACADEMIA BRASILEIRA DE CIENCIAS,13765,89,,3 suppl,2399,2410,,"Medina, Maria Camila ;HOYOS-GÓMEZ, SAÚL E. ;DEMARCO, DIEGO ;TUBERQUIA, DINO",,2018.0
2008,2009.0,2013.0,2015.0,2016.0,2020.0,348,Genética,,NEW STUDIES OF SECOND AND FOURTH DIGIT RATIO AS A MORPHOGENETIC TRAIT IN SUBJECTS WITH CONGENITAL ADRENAL HYPERPLASIA,2014,,10.1002/ajhb.22545,American Journal of Human Biology,10420533,26,,4,559,561,,"RIVAS, M.P. ;MOREIRA, L.M.A. ;SANTO, L.D.E. ;MARQUES, A.C.S.S. ;EL-HANI, C.N. ;TORALLES, M.B.P.",,2016.0
2008,2009.0,2013.0,2015.0,2016.0,2020.0,348,Genética,,EPIGENETIC SIGNATURE OF DIFFERENTIALLY METHYLATED GENES IN CUTANEOUS MELANOMA,2017,,10.1186/s41241-017-0041-9,APPLIED CANCER RESEARCH (ONLINE),19805578,37,,1,34,,,"PRAMIO, DIMITRIUS T. ;KASHIWABARA, ANDRÉ Y. ;PENNACCHI, PAULA C. ;RIVAS, MARIA P. ;MARIA-ENGLER, SILVYA S. ;CAMPOS, ANTÔNIO H. J. F. M. ;DUPRAT, JOÃO P. ;CARRARO, DIRCE M. ;KREPISCHI, ANA C. V.",,2016.0
2008,2009.0,2013.0,2015.0,2016.0,2020.0,348,Genética,,"EPIGENETICA: CONCEITO, MECANISMOS E IMPACTO EM DOENCAS HUMANAS",2019,,,Genética na Escola (on line),19803540,14,,1,14,25,,"RIVAS, M.P. ;Anne Caroline Barbosa Teixeira ;Ana Cristina Victorino Krepischi",,2016.0
2008,2009.0,2013.0,2015.0,2016.0,2020.0,348,Genética,,TET UPREGULATION LEADS TO 5-HYDROXYMETHYLATION ENRICHMENT IN HEPATOBLASTOMA,2019,,10.3389/fgene.2019.00553,Frontiers in Genetics,16648021,10,,,1,7,,"RIVAS, MARIA PRATES ;CARRARO, DIRCE MARIA ;DA COSTA, CECILIA MARIA LIMA ;DA CUNHA, ISABELA WERNECK ;KREPISCHI, ANA CRISTINA VICTORINO ;AGUIAR, TALITA FERREIRA MARQUES ;FERNANDES, GUSTAVO RIBEIRO ;CAIRES-JÚNIOR, LUIZ CARLOS ;GOULART, ERNESTO ;TELLES-SILVA, KAYQUE ALVES ;CYPRIANO, MONICA ;DE TOLEDO, SILVIA REGINA CAMINADA ;ROSENBERG, CARLA",,2016.0
2008,2009.0,2013.0,2015.0,2016.0,2020.0,348,Genética,,CRIANCA TAMBEM TEM CANCER?,2019,,,Genética na Escola (on line),19803540,14,,2,98,107,,"RIVAS, MARIA PRATES ;Sara Ferreira Pires ;Talita Ferreira Marques Aguiar",,2016.0
2008,2009.0,2013.0,2015.0,2016.0,2020.0,348,Genética,,INSIGHTS INTO THE SOMATIC MUTATION BURDEN OF HEPATOBLASTOMAS FROM BRAZILIAN PATIENTS,2020,,10.3389/fonc.2020.00556,FRONTIERS IN ONCOLOGY,2234943X,10,,,1,16,,"AGUIAR, TALITA FERREIRA MARQUES ;BERTOLA, DEBORA R. ;CYPRIANO, MONICA ;CAMINADA DE TOLEDO, SILVIA REGINA ;MAJOR, ANGELA ;TOJAL, ISRAEL ;APEZZATO, MARIA LÚCIA DE PINHO ;CARRARO, DIRCE MARIA ;ROSENBERG, CARLA ;LIMA DA COSTA, CECILIA MARIA ;CUNHA, ISABELA W. ;RIVAS, MARIA PRATES ;SARABIA, STEPHEN FREDERICK ;TERRADA, DOLORES-LÓPEZ ;KREPISCHI, ANA CRISTINA VICTORINO ;COSTA, SILVIA ;MASCHIETTO, MARIANA ;RODRIGUES, TATIANE ;SOBRAL DE BARROS, JULIANA ;BARBOSA, ANNE CAROLINE ;VALIERIS, RENAN ;FERNANDES, GUSTAVO R.",,2016.0
2008,2009.0,2013.0,2015.0,2016.0,2020.0,348,Genética,,HEPATOBLASTOMAS EXHIBIT MARKED NNMT DOWNREGULATION DRIVEN BY PROMOTER DNA HYPERMETHYLATION,2020,,10.1177/1010428320977124,TUMOR BIOLOGY,10104283,42,,12,101042832097712,,,"RIVAS, MARIA PRATES ;ODONE, VICENTE ;CYPRIANO, MONICA ;DE TOLEDO, SILVIA REGINA CAMINADA ;CARRARO, DIRCE MARIA ;ESCOBAR, MELISSA QUINTERO ;LEE, HANA ;JOHNSTON, MICHAEL ;DA COSTA, CECILIA MARIA LIMA ;DA CUNHA, ISABELA WERNECK ;TASIC, LJUBICA ;AGUIAR, TALITA FERREIRA MARQUES ;PEARSON, PETER L ;ROSENBERG, CARLA ;TIMCHENKO, NIKOLAI ;KREPISCHI, ANA CRISTINA VICTORINO ;MASCHIETTO, MARIANA ;LEMES, RENAN B ;CAIRES-JÚNIOR, LUIZ CARLOS ;GOULART, ERNESTO ;TELLES-SILVA, KAYQUE ALVES ;NOVAK, ESTELA ;CRISTOFANI, LILIAN MARIA",,2016.0
2008,2009.0,2013.0,2015.0,2016.0,2020.0,348,Genética,,MINING NOVEL CANDIDATE IMPRINTED GENES USING GENOME-WIDE METHYLATION SCREENING AND LITERATURE REVIEW,2017,,10.3390/epigenomes1020013,Epigenomes,20754655,1,,2,13,,,"BONALDI, ADRIANO ;PASQUALUCCI, CARLOS A. ;GRINBERG, LEA T. ;BRENTANI, HELENA ;MARIA-ENGLER, SILVYA S. ;CARRARO, DIRCE M. ;VIANNA-MORGANTE, ANGELA M. ;ROSENBERG, CARLA ;VASQUES, LUCIANA R. ;KREPISCHI, ANA ;KASHIWABARA, ANDRÉ ;ARAÚJO, ÉRICA S.DE ;PEREIRA, LYGIA V. ;PASCHOAL, ALEXANDRE R. ;ANDOZIA, MAYRA B. ;VILLELA, DARINE ;RIVAS, MARIA P. ;SUEMOTO, CLAUDIA K.",,2016.0
2008,2009.0,2013.0,2015.0,2016.0,2020.0,348,Genética,,SMALL MOLECULE CJOC42 IMPROVES CHEMO-SENSITIVITY AND INCREASES LEVELS OF TUMOR SUPPRESSOR PROTEINS IN MICE BY INHIBITING ONCOGENE GANKYRIN,2021,,,Frontiers in Pharmacology,16639812,,,,,,,"DSOUZA, A. ;CAST, A. ;KUMBAJI, M. ;RIVAS, M.P. ;GULATI, R. ;JOHNSTON, M. ;SMITHRUD, D. ;GELLER, J. ;TIMCHENKO, N.",,2016.0
2013,2017.0,2018.0,,,,349,Genética,,ATIVIDADES DE LACTATO DESIDROGENASE E MALATO DESIDROGENASE DE ASTYANAX BIMACULATUS (LAMBARI) DA BACIA HIDROGRAFICA DO RIO UNA COMO BIOMARCADORAS DE IMPACTO AMBIENTAL,2015,,10.4136/ambi-agua.1615,Revista Ambiente e Agua,1980993X,10,,4,793,803,,"SUDA, CECILIA NAHOMI KAWAGOE ;RIBEIRO, ANNE CAROLINE ;BATISTA, MARIA TEREZA OLIVEIRA ;RODRIGUES JUNIOR, EDSON ;FEIJÓ DE OLIVEIRA, MARIANA ;VANI, GANNABATHULA SREE ;RODRIGUES, EDSON",,2022.0
2013,2017.0,2018.0,,,,349,Genética,,TISSUE LEVELS OF THE ANTIOXIDANT ENZYMES SUPEROXIDE DISMUTASE AND CATALASE IN FISH ASTYANAX BIMACULATUS FROM THE UNA RIVER BASIN,2014,,10.4136/ambi-agua.1473.,Revista Ambiente e Agua,1980993X,9,,4,621,,,"BATISTA, M. T. O. ;RODRIGUES JUNIOR, E. ;FEIJÓ-OLIVEIRA, MARIANA ;RIBEIRO, ANNE CAROLINE ;RODRIGUES, E. ;SUDA, C. N. K. ;VANI, G. S.",,2022.0
2013,2017.0,2018.0,,,,349,Genética,,ATIVIDADE DA MALATO DESIDROGENASE MUSCULAR DE ASTYANAX BIMACULATUS DA BACIA HIDROGRA!FICA DO RIO UNA COMO BIOMARCADORA DE IMPACTO AMBIENTAL,2016,,10.4136/ambi-agua.1898,Revista Ambiente e Agua,1980993X,11,,5,1096,,,"ALMEIDA, MARILIA ELIAS DE ;BATISTA, MARIA TEREZA OLIVEIRA ;OLIVEIRA, MARIANA FEIJÓ DE ;VANI, GANNABATHULA SREE ;RODRIGUES, EDSON ;SUDA, CECILIA NAHOMI KAWAGOE",,2022.0
2013,2017.0,2018.0,,,,349,Genética,,"ENZYMES FROM KIDNEY, GILL AND BRAIN TISSUES OF ASTYANAX BIMACULATUS (LAMBARI) AS BIOMARKERS OF ENVIRONMENTAL IMPACT IN THE UNA RIVER BASIN",2019,,10.4136/ambi-agua.2314,Revista Ambiente e Agua,1980993X,14,,7,1,,,"BATISTA, MARIA TEREZA OLIVEIRA ;ALMEIDA, MARILIA ELIAS DE ;VANI, GANNABATHULA SREE ;OLIVEIRA, MARIANA FEIJÓ DE ;RODRIGUES, EDSON ;SUDA, CECILIA NAHOMI KAWAGOE",,2022.0
2013,2017.0,2018.0,,,,349,Genética,,ISOZYMES OF MALATE-AND LACTATE DEHYDROGENASE OF ASTYANAX BIMACULATUS AS BIOMARKERS OF ENVIRONMENTAL IMPACT,2019,,10.4136/ambi-agua.2308,Revista Ambiente e Agua,1980993X,14,,7,1,,,"ALMEIDA, MARILIA ELIAS DE ;BATISTA, MARIA TEREZA OLIVEIRA ;VANI, GANNABATHULA SREE ;OLIVEIRA, MARIANA FEIJÓ DE ;RODRIGUES, EDSON ;SUDA, CECILIA NAHOMI KAWAGOE",,2022.0
2007,2010.0,2012.0,2015.0,2017.0,,350,Genética,,AS AVES QUE PETER WILHELM LUND NAO DESCREVEU.,2012,,,BOLETIM DE HISTÓRIA E FILOSOFIA DA BIOLOGIA,19821026,6,,,5,7,,"Stefano, W. ;BEZERRA, E. C. M. ;Araujo, F. M. ;INGLEZ, M.",,2017.0
2007,2010.0,2012.0,2015.0,2017.0,,350,Genética,,OS PRIMORDIOS DA PALEONTOLOGIA MODERNA: AS INVESTIGACOES DE STENO SOBRE FOSSEIS E ESTRATOS.,2013,,,FILOSOFIA E HISTÓRIA DA BIOLOGIA,1983053X,8,,3,627,639,,"Stefano, W. ;INGLEZ, M.",,2017.0
2007,2010.0,2012.0,2015.0,2017.0,,350,Genética,,EARLY HOLOCENE RITUAL COMPLEXITY IN SOUTH AMERICA: THE ARCHAEOLOGICAL RECORD OF LAPA DO SANTO (EAST-CENTRAL BRAZIL),2016,,10.15184/aqy.2016.220,Antiquity (Cambridge),0003598X,90,,354,1454,1473,,"STRAUSS, ANDRÉ ;BARIONI, ALBERTO ;DE OLIVEIRA, EMILIANO CASTRO ;MORENO DE SOUSA, JOÃO CARLOS ;JAOUEN, KLERVIA ;ERNANI, MAX ;HUBBE, MARK ;Inglez, Mariana ;GRATÃO, MARINA ;ROCKWELL, H. ;MACHADO, MÁRCIA ;OLIVEIRA, RODRIGO ELIAS ;DE SOUZA, GUSTAVO ;CHEMALE, FARID ;KAWASHITA, KOJI ;O'CONNELL, TAMSIN C. ;ISRADE, ISABEL ;FEATHERS, JAMES ;CAMPI, CLAUDIO ;RICHARDS, MICHAEL ;WAHL, JOACHIM ;KIPNIS, RENATO ;VILLAGRAN, XIMENA S. ;ARAUJO, ASTOLFO ;NEVES, WALTER ;BERNARDO, DANILO V. ;SALAZAR-GARCÍA, DOMINGO C. ;BISSARO, MARCOS CÉSAR ;PUGLIESE, FRANCISCO ;HERMENEGILDO, TIAGO ;SANTOS, RAFAEL",,2017.0
2007,2010.0,2012.0,2015.0,2017.0,,350,Genética,,RECONSTRUCTING THE DEEP POPULATION HISTORY OF CENTRAL AND SOUTH AMERICA,2018,,10.1016/j.cell.2018.10.027,CELL,928674,175,,,1,13,,"POSTH, COSIMO ;BERTOLINI, EMILIE ;BROOMANDKHOSHBACHT, NASREEN ;COOPER, ALAN ;CULLETON, BRENDAN J. ;FERRAZ, TIAGO ;FERRY, MATTHEW ;FURTWÄNGLER, ANJA ;HAAK, WOLFGANG ;HARKINS, KELLY ;HARPER, THOMAS K. ;NAKATSUKA, NATHAN ;HÜNEMEIER, TÁBITA ;LAWSON, ANN MARIE ;LLAMAS, BASTIEN ;MICHEL, MEGAN ;NELSON, ELIZABETH ;OPPENHEIMER, JONAS ;PATTERSON, NICK ;SCHIFFELS, STEPHAN ;SEDIG, JAKOB ;STEWARDSON, KRISTIN ;LAZARIDIS, IOSIF ;TALAMO, SAHRA ;WANG, CHUAN-CHAO ;HUBLIN, JEAN-JACQUES ;HUBBE, MARK ;HARVATI, KATERINA ;NUEVO DELAUNAY, AMALIA ;BEIER, JUDITH ;FRANCKEN, MICHAEL ;KAULICKE, PETER ;REYES-CENTENO, HUGO ;SKOGLUND, PONTUS ;RADEMAKER, KURT ;TRASK, WILLA R. ;ROBINSON, MARK ;GUTIERREZ, SAID M. ;PRUFER, KEITH M. ;SALAZAR-GARCÍA, DOMINGO C. ;CHIM, ELIANE N. ;MÜLLER PLUMM GOMES, LISIANE ;ALVES, MARCONY L. ;LIRYO, ANDERSEN ;MALLICK, SWAPAN ;Inglez, Mariana ;OLIVEIRA, RODRIGO E. ;BERNARDO, DANILO V. ;BARIONI, ALBERTO ;WESOLOWSKI, VERONICA ;SCHEIFLER, NAHUEL A. ;RIVERA, MARIO A. ;PLENS, CLAUDIA R. ;MESSINEO, PABLO G. ;FIGUTI, LEVY ;LAMNIDIS, THISEAS C. ;CORACH, DANIEL ;SCABUZZO, CLARA ;EGGERS, SABINE ;DEBLASIS, PAULO ;REINDEL, MARKUS ;MÉNDEZ, CÉSAR ;POLITIS, GUSTAVO ;TOMASTO-CAGIGAO, ELSA ;KENNETT, DOUGLAS J. ;STRAUSS, ANDRÉ ;ROHLAND, NADIN ;FEHREN-SCHMITZ, LARS ;KRAUSE, JOHANNES ;REICH, DAVID ;NÄGELE, KATHRIN ;ADAMSKI, NICOLE",,2017.0
2007,2010.0,2012.0,2015.0,2017.0,,350,Genética,,"TWO DIRECTLY DATED EARLY-HOLOCENE ARCHAIC BURIALS FROM PAINS, STATE OF MINAS GERAIS, BRAZIL.",2011,,,Current Research in the Pleistocene,8755898X,28,,,123,125,,"STRAUSS, A. ;KOOLE, E. ;OLIVEIRA, R. E. ;INGLEZ, M. ;NUNES, T ;DA-GLÓRIA, P. ;ROBAZINE, A. ;COSTA, F ;NEVES, W.",,2017.0
2015,2016.0,,,2020.0,,281,Ecologia,,AMPHIBIAN BETA DIVERSITY IN THE BRAZILIAN ATLANTIC FOREST: CONTRASTING THE ROLES OF HISTORICAL EVENTS AND CONTEMPORARY CONDITIONS AT DIFFERENT SPATIAL SCALES,2014,,10.1371/journal.pone.0109642,PLoS One,19326203,9,,10,e109642,,,"DA SILVA, FERNANDO RODRIGUES ;ALMEIDA-NETO, MÁRIO ;ARENA, MARIANA VICTORINO NICOLOSI",,2020.0
2015,2016.0,,,2020.0,,281,Ecologia,,MULTIPLE-SCALE APPROACH FOR EVALUATING THE OCCUPATION OF STINGLESS BEES IN ATLANTIC FOREST PATCHES,2018,,10.1016/j.foreco.2018.08.038,FOREST ECOLOGY AND MANAGEMENT,3781127,430,,,509,516,,"ARENA, MARIANA V.N. ;MARTINES, MARCOS R. ;DA SILVA, TIAGO N. ;DESTÉFANI, FÁBIO C. ;MASCOTTI, JÚLIO C.S. ;SILVA-ZACARIN, ELAINE C.M. ;TOPPA, ROGÉRIO H.",,2020.0
2015,2016.0,,,2020.0,,281,Ecologia,,"CHALLENGES TO THE CONSERVATION OF STINGLESS BEES IN ATLANTIC FOREST PATCHES: OLD APPROACHES, NEW APPLICATIONS",2018,,10.1007/s10841-018-0090-8,Journal of Insect Conservation,15729753,Sept,,,2023-07-01 00:00:00,,,"ARENA, MARIANA VICTORINO NICOLOSI ;DESTÉFANI, FÁBIO CAMACHO ;DA SILVA, TIAGO NUNES ;MASCOTTI, JÚLIO CÉSAR DA SILVA ;DA SILVA-ZACARIN, ELAINE CRISTINA MATHIAS ;TOPPA, ROGÉRIO HARTUNG",,2020.0
2015,2016.0,,,2020.0,,281,Ecologia,,THE INFLUENCE OF CLIMATE AND SEASONALITY ON BEE COMMUNITIES: A COMPLEMENTARY METHOD FOR BEE SAMPLING IN FOREST PATCHES OF AN ANTHROPIC MATRIX,2020,,10.1007/s42690-020-00261-1,International Journal of Tropical Insect Science (Online),17427592,2020,,,1,13,,"ASSIS, J. C. ;TOPPA, R. H. ;MARTINES, M. R. ;ARENA, M. V. N. ;SOUZA, M. S. ;CARNEIRO, L. T. ;OLIVEIRA, L. F. ;SILVA-ZACARIN, E. C. M.",,2020.0
2015,2016.0,,,2020.0,,281,Ecologia,,SEASONAL AND VERTICAL DISTRIBUTION OF FLORAL RESOURCES AND ITS IMPLICATIONS FOR THE CONSERVATION OF POLLINATORS,2021,,10.1016/j.flora.2021.151787,FLORA,3672530,278,,,151787,,,"DA SILVA, CLÁUDIA INÊS ;FILHO, ALÍPIO JOSÉ DE SOUZA PACHECO ;TOPPA, ROGÉRIO HARTUNG ;ARENA, MARIANA VICTORINO NICOLOSI ;DE OLIVEIRA, PAULO EUGÊNIO",,2020.0
2015,2016.0,,,2020.0,,281,Ecologia,,IMPACT OF GLUES USED FOR RFIDS ON THE LONGEVITY AND FLIGHT MUSCLE OF THE STINGLESS BEE MELIPONA QUADRIFASCIATA,2020,,10.1007/s13592-020-00823-9,APIDOLOGIE (ONLINE),12979678,2020,,,1,13,,"TOPPA, R. H. ;ARENA, M. V. N. ;SILVA, C. I. ;MARENDY, P. ;SOUZA, P. ;SILVA-ZACARIN, E. C. M.",,2020.0
2006,2011.0,2011.0,2015.0,2018.0,,309,Fisiologia,,FORMATION OF FOAMY MACROPHAGES BY TUBERCULOUS PLEURAL EFFUSIONS IS TRIGGERED BY THE INTERLEUKIN-10/SIGNAL TRANSDUCER AND ACTIVATOR OF TRANSCRIPTION 3 AXIS THROUGH ACAT UPREGULATION,2018,,10.3389/fimmu.2018.00459,Frontiers in Immunology,16643224,9,,,459,,,"GENOULA, MELANIE ;MATA-ESPINOSA, DULCE ;GONZÁLEZ-DOMÍNGUEZ, ERIKA ;LEÓN CONTRERAS, JUAN CARLOS ;BARRIONUEVO, PAULA ;REARTE, BÁRBARA ;CÓRDOBA MORENO, MARLINA OLYISSA ;FONTANALS, ADRIANA ;CROTTA ASIS, AGOSTINA ;GAGO, GABRIELA ;COUGOULE, CÉLINE ;MARÍN FRANCO, JOSÉ LUIS ;NEYROLLES, OLIVIER ;MARIDONNEAU-PARINI, ISABELLE ;SÁNCHEZ-TORRES, CARMEN ;HERNÁNDEZ-PANDO, ROGELIO ;VÉROLLET, CHRISTEL ;LUGO-VILLARINO, GEANNCARLO ;SASIAIN, MARÍA DEL CARMEN ;BALBOA, LUCIANA ;DUPONT, MAEVA ;KVIATCOVSKY, DENISE ;MILILLO, AYELÉN ;SCHIERLOH, PABLO ;MORAÑA, EDUARDO JOSE ;POGGI, SUSANA ;PALMERO, DOMINGO",,2018.0
2006,2011.0,2011.0,2015.0,2018.0,,309,Fisiologia,,CONSEQUENCES OF THE LACK OF IL-10 IN DIFFERENT ENDOTOXIN EFFECTS AND ITS RELATIONSHIP WITH GLUCOCORTICOIDS,2018,,10.1097/SHK.0000000000001233,SHOCK,10732322,52,,2,264,273,,"CÓRDOBA-MORENO, MARLINA O. ;ISTURIZ, MARTÍN A. ;REARTE, BÁRBARA ;TODERO, MARÍA FLORENCIA ;FONTANALS, ADRIANA ;PINEDA, GONZALO ;DANIELA, MONTAGNA ;YOKOBORI, NOEMÍ ;RAMOS, MARÍA VICTORIA ;BARRIENTOS, GABRIELA ;TOBLLI, JORGE E.",,2018.0
2006,2011.0,2011.0,2015.0,2018.0,,309,Fisiologia,,NOVEL USE OF ALL-TRANS-RETINOIC ACID IN A MODEL OF LIPOPOLYSACCHARIDE-IMMUNOSUPPRESSION TO DECREASE THE GENERATION OF MYELOID-DERIVED SUPPRESSOR CELLS BY REDUCING THE PROLIFERATION OF CD34+ PRECURSOR CELLS,2017,,10.1097/SHK.0000000000000812,SHOCK,10732322,48,,1,94,103,,"MARTIRE-GRECO, DAIANA ;FERNANDEZ, GABRIELA C. ;RODRIGUEZ-RODRIGUES, NAHUEL ;CASTILLO, LUIS A. ;VECCHIONE, MARÍA BELÉN ;DE CAMPOS-NEBEL, MARCELO ;CÓRDOBA MORENO, MARLINA ;MEISS, ROBERTO ;VERMEULEN, MÓNICA ;LANDONI, VERONICA I.",,2018.0
2006,2011.0,2011.0,2015.0,2018.0,,309,Fisiologia,,RHYTHMIC EXPRESSION OF THE MELATONERGIC BIOSYNTHETIC PATHWAY AND ITS DIFFERENTIAL MODULATION IN VITRO BY LPS AND IL10 IN BONE MARROW AND SPLEEN,2020,,10.1038/s41598-020-61652-5,Scientific Reports,20452322,,,,,,,"CÓRDOBA-MORENO, MARLINA O. ;SOUSA, E da S. ;QUILES, C. L. ;SILVA, D. S. ;KINKER, G. S. ;MUXEL, S. M. ;MARKUS, R. P. ;FERNANDES, P. A.",,2018.0
2003,2010.0,2011.0,2014.0,2016.0,,387,Zoologia,,TADPOLES OF THE HIGH-ANDEAN HYLOXALUS SUBPUNCTATUS (ANURA: DENDROBATIDAE) WITH DESCRIPTION OF LARVAL VARIATION AND SPECIES DISTINCTION BY LARVAL MORPHOLOGY,2013,,10.1590/S0031-10492013001500001,Papéis Avulsos de Zoologia (São Paulo),311049,,,15,211,224,,"ANGANOY CRIOLLO, M. A.;ANGANOY-CRIOLLO, MARVIN;ANGANOY-CRIOLLO, MARVIN ALFREDO;ANGANOY'CRIOLLO, MARVIN",,2016.0
2003,2010.0,2011.0,2014.0,2016.0,,387,Zoologia,,"A NEW SPECIES OF ALLOBATES (ANURA, DENDROBATIDAE) FROM THE WESTERN FLANK OF THE SERRANIA DE PERIJA, COLOMBIA",2012,,10.11646/zootaxa.3308.1.2,ZOOTAXA (ONLINE),11755334,3308,,1,49,,,"ANGANOY CRIOLLO, M. A.;ANGANOY-CRIOLLO, MARVIN;ANGANOY-CRIOLLO, MARVIN ALFREDO;ANGANOY'CRIOLLO, MARVIN",,2016.0
2003,2010.0,2011.0,2014.0,2016.0,,387,Zoologia,,"ESTADO DEL CONOCIMIENTO DE LA FAUNA DE ANFIBIOS Y REPTILES DEL DEPARTAMENTO DE CASANARE, COLOMBIA",2014,,10.18257/raccefyn.37,"Revista de la Academia Colombiana de Ciencias Exactas, Físicas y Naturales",3703908,38,,146,17,34,,"PEDROZA-BANDA, RAÚL ;OSPINA-SARRIA, JHON JAIRO ;ANGARITA-SIERRA, TEDDY ;ANGANOY-CRIOLLO, MARVIN ;LYNCH, JOHN D.",,2016.0
2003,2010.0,2011.0,2014.0,2016.0,,387,Zoologia,,"VARIACION POBLACIONAL DE RIAMA COLOMBIANA (SAURIA: GYMNOPHTHALMIDAE) DE LOS ALRREDEDORES DE SAN JUAN DE PASTO, NARINO (COLOMBIA)",2010,,,Novedades Colombianas,1213520,10,,2010,17,32,,"OBANDO, D. L. M. ;ANGANOY CRIOLLO, M. A.;ANGANOY-CRIOLLO, MARVIN;ANGANOY-CRIOLLO, MARVIN ALFREDO;ANGANOY'CRIOLLO, MARVIN ;PAZ EGAS, C. P. ;CALDERON LEYTON, J. J. C.",,2016.0
2003,2010.0,2011.0,2014.0,2016.0,,387,Zoologia,,"AMPHIBIA, ANURA, HYLIDAE, NYCTIMANTIS RUGICEPS: DISTRIBUTION EXTENSION, COLOMBIA",2009,,10.15560/5.2.270,"CHECK LIST, JOURNAL OF SPECIES LIST AND DISTRIBUTION",1809127X,5,,2,270,,,"PEREZ VILLOTA, J. E. P. ;ANGANOY CRIOLLO, M. A.;ANGANOY-CRIOLLO, MARVIN;ANGANOY-CRIOLLO, MARVIN ALFREDO;ANGANOY'CRIOLLO, MARVIN ;BETANCOURTH-CUNDAR, M.",,2016.0
2003,2010.0,2011.0,2014.0,2016.0,,387,Zoologia,,UNA NUEVA ESPECIE DEL GRUPO HYLOSCIRTUS LARINOPYGION (AMPHIBIA: ANURA: HYLIDAE) DEL SUROCCIDENTE DE COLOMBIA,2008,,10.1590/S0031-10492008001500001,Papéis Avulsos de Zoologia (São Paulo),311049,48,,15,129,138,,"MUESES-CISNEROS, J. J. ;ANGANOY CRIOLLO, M. A.;ANGANOY-CRIOLLO, MARVIN;ANGANOY-CRIOLLO, MARVIN ALFREDO;ANGANOY'CRIOLLO, MARVIN",,2016.0
2003,2010.0,2011.0,2014.0,2016.0,,387,Zoologia,,NEW RECORDS OF PRISTIMANTIS CARRANGUERORUM (ANURA: CRAUGASTORIDAE) FROM THE CORDILLERA ORIENTAL OF COLOMBIA,2017,,10.15560/13.3.2138,"CHECK LIST, JOURNAL OF SPECIES LIST AND DISTRIBUTION",1809127X,13,,3,2138,,,"ANGANOY-CRIOLLO, MARVIN ;RAMÍREZ, JUAN P.",,2016.0
2003,2010.0,2011.0,2014.0,2016.0,,387,Zoologia,,"REDISCOVERY OF ATELOPUS SUBORNATUS WERNER, 1899 (ANURA: BUFONIDAE), WITH A REDESCRIPTION OF THE TADPOLE",2017,,10.11646/zootaxa.4344.1.7,ZOOTAXA,11755326,4344,,1,160,162,,"ENCISO-CALLE, MARIA PAULA ;VIUCHE-LOZANO, ANDRES ;ANGANOY-CRIOLLO, MARVIN ;BERNAL, MANUEL HERNANDO",,2016.0
2003,2010.0,2011.0,2014.0,2016.0,,387,Zoologia,,PHYLOGENETIC SYSTEMATICS OF DART-POISON FROGS AND THEIR RELATIVES REVISITED (ANURA: DENDROBATOIDEA),2017,,10.2994/sajh-d-17-00017.1,South American Journal of Herpetology,18089798,12,,s1,S1,S90,,"GRANT, TARAN ;RADA, MARCO ;ANGANOY-CRIOLLO, MARVIN ;BATISTA, ABEL ;DIAS, PEDRO HENRIQUE ;JECKEL, ADRIANA MORIGUCHI ;MACHADO, DENIS JACOB ;RUEDA-ALMONACID, JOSÉ VICENTE",,2016.0
2003,2010.0,2011.0,2014.0,2016.0,,387,Zoologia,,REDESCRIPTION OF THE TADPOLES OF EPIPEDOBATES NARINENSIS AND E. BOULENGERI (ANURA: DENDROBATIDAE).,2017,,10.11606/issn.2316-9079.v16i2p155-182,PHYLLOMEDUSA: JOURNAL OF HERPETOLOGY,23169079,16,,,155,182,,"ANGANOY-CRIOLLO, MARVIN ;CEPEDA-QUILINDO, B.",,2016.0
2003,2010.0,2011.0,2014.0,2016.0,,387,Zoologia,,"THE TADPOLE OF EPIPEDOBATES DARWINWALLACEI CISNEROS-HEREDIA AND YANEZ-MUNOZ, 2011 (DENDROBATIDAE: COLOSTETHINAE), WITH NEW SYNAPOMORPHIES FOR EPIPEDOBATES",2018,,10.2994/sajh-d-17-00023.1,South American Journal of Herpetology (ONLINE),18089798,13,,1,54,63,,"Pedro Henrique dos Santos Dias ;ANGANOY-CRIOLLO, MARVIN ;GUAYASAMIN, J. M. ;Taran Grant",,2016.0
2003,2010.0,2011.0,2014.0,2016.0,,387,Zoologia,,"THE POVERTY OF ADULT MORPHOLOGY: BIOACOUSTICS, GENETICS, AND INTERNAL TADPOLE MORPHOLOGY REVEAL A NEW SPECIES OF GLASSFROG (ANURA: CENTROLENIDAE: IKAKOGI) FROM THE SIERRA NEVADA DE SANTA MARTA, COLOMBIA",2019,,10.1371/journal.pone.0215349,PLoS One,19326203,14,,5,1,,,"RADA, MARCO ;Pedro Henrique dos Santos Dias ;PEREZ-GONZALEZ, J. L. ;ANGANOY CRIOLLO, M. A. ;RUEDA-SOLANO, L. A. ;PINTO-E, M. A. ;QUINTERO, L. M. ;VARGAS-SALINAS, F. ;Taran Grant",,2016.0
2003,2010.0,2011.0,2014.0,2016.0,,387,Zoologia,,PDESCRIPTION OF A NEW DIMINUTIVE HYLOXALUS/EM (ANURA: DENDROBATIDAE: HYLOXALINAE) /STRONGFROM THE MAGDALENA VALLEY OF COLOMBIA/STRONG/P,2020,,10.11646/zootaxa.4758.1.3,ZOOTAXA,11755326,4758,,1,83,102,,"ACOSTA-GALVIS, ANDRÉS R. ;VARGAS-RAMÍREZ, MARIO ;ANGANOY-CRIOLLO, MARVIN ;IBARRA, OSCAR A. ;GONZÁLES, SANDRA",,2016.0
2003,2010.0,2011.0,2014.0,2016.0,,387,Zoologia,,COMPARATIVE LARVAL BUCCOPHARYNGEAL MORPHOLOGY OF TWO GLASS FROG SPECIES (ANURA: CENTROLENIDAE: VITREORANA),2020,,10.1016/j.jcz.2020.10.007,ZOOLOGISCHER ANZEIGER,445231,289,,,118,122,,"DIAS, PEDRO HENRIQUE ;ANGANOY-CRIOLLO, MARVIN ;RADA, MARCO ;GRANT, TARAN",,2016.0
2003,2010.0,2011.0,2014.0,2016.0,,387,Zoologia,,"THE TADPOLES OF THE FUNNEL-MOUTHED DENDROBATIDS (ANURA: DENDROBATIDAE: COLOSTETHINAE: SILVERSTONEIA ): EXTERNAL MORPHOLOGY, MUSCULOSKELETAL ANATOMY, BUCCOPHARYNGEAL CAVITY, AND NEW SYNAPOMORPHIES",2021,,10.1111/jzs.12455,JOURNAL OF ZOOLOGICAL SYSTEMATICS AND EVOLUTIONARY RESEARCH,9475745,59,,3,691,717,,"DIAS, PEDRO HENRIQUE DOS SANTOS ;ANGANOY'CRIOLLO, MARVIN ;RADA, MARCO ;GRANT, TARAN",,2016.0
2003,2010.0,2011.0,2014.0,2016.0,,387,Zoologia,,NATURAL HISTORY AND CONSERVATION OF THE NURSE FROG OF THE SERRANIA DEL PERIJA ALLOBATES IGNOTUS (DENDROBATOIDEA: AROMOBATIDAE) IN NORTHEASTERN COLOMBIA,2018,,10.13128/Acta_Herpetol-20693,Acta Herpetologica,18279643,13,,1,51,64,,"Granda-Rodríguez, Hernan ;Montes-Correa, A. ;Jiménez-Bolaño, J. ;ANGANOY'CRIOLLO, MARVIN",,2016.0
2003,2010.0,2011.0,2014.0,2016.0,,387,Zoologia,,"HYLID TADPOLES FROM THE CARIBBEAN ISLAND OF HISPANIOLA: ONTOGENY, DESCRIPTION AND COMPARISON OF EXTERNAL MORPHOLOGY",2014,,10.2994/sajh-d-14-00018.1,South American Journal of Herpetology (Impresso),18089798,9,,2,154,169,,"GALVIS, PEDRO A. ;SÁNCHEZ-PACHECO, SANTIAGO J. ;OSPINA-SARRIA, JHON JAIRO ;ANGANOY-CRIOLLO, MARVIN ;GIL, JOSÉ ;RADA, MARCO",,2016.0
2003,2010.0,2011.0,2014.0,2016.0,,387,Zoologia,,THE ENIGMATIC HYLOXALUS EDWARDSI SPECIES GROUP (ANURA: DENDROBATIDAE): PHYLOGENETIC POSITION AND A NEW SPECIES,2022,,,HERPETOLOGICA,180831,,,,,,,"ANGANOY'CRIOLLO, MARVIN ;VIUCHE-LOZANO, A. ;ENCISO-CALLE, M. P. ;BERNAL, M. H. ;Taran Grant",,2016.0
2008,2012.0,2014.0,2016.0,2018.0,,388,Zoologia,,REVISION OF THE SOUTH AMERICAN FONCKIA (OPILIONES: GONYLEPTIDAE: PACHYLINAE) WITH THE DESCRIPTION OF TWO NEW SPECIES,2013,,,Zoologia (Curitiba): an international journal for zoology,19844670,30,,2,227,237,,"Silva, M.P.;PESSOA-SILVA, MARÍLIA ;HARA, M. R. ;PINTO-DA-ROCHA, R.",,2018.0
2008,2012.0,2014.0,2016.0,2018.0,,388,Zoologia,,"REVISION OF THE SOUTHERN ANDEAN GENUS SADOCUS SORENSEN, 1886 (OPILIONES, GONYLEPTIDAE, PACHYLINAE)",2021,,10.3897/zookeys.1025.57806,ZOOKEYS (ONLINE),13132970,1025,,,91,137,,"PESSOA-SILVA, MARÍLIA ;HARA, MARCOS RYOTARO ;PINTO-DA-ROCHA, RICARDO",,2018.0
2010,2013.0,2014.0,2017.0,2017.0,,310,Fisiologia,,STIMULUS-DRIVEN VISUAL ATTENTION IN MICE,2022,,10.1167/jov.22.1.11,JOURNAL OF VISION,15347362,22,,1,11,,,"GOLDSTEIN, SHERIDAN ;WANG, LUPENG ;MCALONAN, KERRY ;TORRES-CRUZ, MATEUS ;KRAUZLIS, RICHARD J.",,2017.0
2021,,2018.0,2020.0,2020.0,,239,Botânica,,REGISTROS DE ESPECIES VASCULARES EM UNIDADES DE CONSERVACAO E IMPLICACOES PARA A LISTA DA FLORA AMEACADA DE EXTINCAO NO ESTADO DE SAO PAULO,2016,,10.1590/2175-7860201667212,Rodriguésia (Online),21757860,67,,,405,425,,"COLLI-SILVA, M.;COLLI-SILVA, MATHEUS;COLLI'SILVA, MATHEUS ;BEZERRA, T. L. ;FRANCO, G. A. D. C. ;IVANAUSKAS, N. M. ;SOUZA, F. M.",,2020.0
2021,,2018.0,2020.0,2020.0,,239,Botânica,,DIAGNOSTICO DO CONHECIMENTO DA BIODIVERSIDADE DE PLANTAS VASCULARES NAS UNIDADES DE CONSERVACAO DO ESTADO DE SAO PAULO,2019,,10.1590/2175-7860201970068,Rodriguesia,21757860,70,,,e04582017,,,"COLLI-SILVA, M.;COLLI-SILVA, MATHEUS;COLLI'SILVA, MATHEUS ;IVANAUSKAS, N. M. ;SOUZA, F. M.",,2020.0
2021,,2018.0,2020.0,2020.0,,239,Botânica,,"BIOGEOGRAPHIC PATTERNS OF GALIPEINAE (GALIPEEAE, RUTACEAE) IN BRAZIL: SPECIES RICHNESS AND ENDEMISM AT DIFFERENT LATITUDES OF THE ATLANTIC FOREST ?HOTSPOT?",2019,,10.1016/j.flora.2019.01.001,FLORA,3672530,251,,,77,87,,"COLLI-SILVA, MATHEUS ;PIRANI, JOSÉ RUBENS",,2020.0
2021,,2018.0,2020.0,2020.0,,239,Botânica,,"PNOTES ON THE CIRCUMSCRIPTION OF PTERYGOTA /EM(MALVACEAE, STERCULIOIDEAE) WITH SPECIAL REFERENCE TO A BRAZILIAN TAXON WITH A MISAPPLIED NAME/STRONG/P",2019,,10.11646/phytotaxa.415.2.3,Phytotaxa (on-line),11793163,415,,,113,115,,"COLLI-SILVA, M. ;PIRANI, J. R.",,2020.0
2021,,2018.0,2020.0,2020.0,,239,Botânica,,UM BOSQUE DE FOLHAS SAGRADAS: O SANTUARIO NACIONAL DA UMBANDA E O CULTO DA NATUREZA,2018,,10.12957/interag.2018.39594,INTERAGIR (UERJ),15198847,26,,,11,15,,"COLLI-SILVA, MATHEUS ;SILVA, V. G.",,2020.0
2021,,2018.0,2020.0,2020.0,,239,Botânica,,EVIDENCES OF PLANT BLINDNESS IN A BRAZILIAN URBAN GREEN SPACE WITH PLAQUED TREES,2019,,10.11606/issn.2359-5361.paam.2019.151370,PAISAGEM E AMBIENTE,1046098,30,,43,e151370,,,"COLLI-SILVA, M. ;FLORENTINO, J. J. ;TEIXEIRA, L. A. ;CORSI, A. C. S. ;URSI, S.",,2020.0
2021,,2018.0,2020.0,2020.0,,239,Botânica,,"FLORA DA SERRA DO CIPO, MINAS GERAIS",2019,,10.11606/issn.2316-9052.v37i0p27-48,BOLETIM DE BOTÂNICA DA UNIVERSIDADE DE SÃO PAULO,23169052,37,,,27,48,,"COLLI-SILVA, MATHEUS ;ESTEVES, G. L. ;DUARTE, M. C.",,2020.0
2021,,2018.0,2020.0,2020.0,,239,Botânica,,OUTSTANDING PLANT ENDEMISM LEVELS STRONGLY SUPPORT THE RECOGNITION OF CAMPO RUPESTRE PROVINCES IN MOUNTAINTOPS OF EASTERN SOUTH AMERICA,2019,,10.1111/jbi.13585,JOURNAL OF BIOGEOGRAPHY,3050270,46,,8,1723,1733,,"COLLI'SILVA, MATHEUS ;VASCONCELOS, THAIS N. C. ;PIRANI, JOSÉ RUBENS",,2020.0
2021,,2018.0,2020.0,2020.0,,239,Botânica,,BRAZILIAN FLORA 2020: INNOVATION AND COLLABORATION TO MEET TARGET 1 OF THE GLOBAL STRATEGY FOR PLANT CONSERVATION (GSPC).,2018,,10.1590/2175-7860201869402,Rodriguesia,21757860,69,,4,1513,1527,,"B F G ;COLLI-SILVA, M.",,2020.0
2021,,2018.0,2020.0,2020.0,,239,Botânica,,NO ONE-SIZE-FITS-ALL SOLUTION TO CLEAN GBIF,2020,,10.7717/peerj.9916,PeerJ,21678359,8,,,e9916,,,"ZIZKA, A. ;FERREIRA-ARAUJO, T. ;MOREIRA, F. G. L. ;SANTOS, N. M. C. ;SANTOS, T. A. B. ;SANTOS-COSTA, R. C. ;SERRANO, F. C. ;SILVA, A. P. A. ;SOARES, A. S. ;SOUZA, P. G. C. ;TOMAZ, E. C. ;CARVALHO, F. A. ;VALE, V. F. ;VIEIRA, T. L. ;ANTONELLI, A. ;CALVENTE, A. ;BAEZ-LIZARAZO, M. R. ;CABRAL, A. ;COELHO, J. F. R. ;COLLI-SILVA, MATHEUS ;FANTINATI, M. R. ;FERNANDES, M. F.",,2020.0
2021,,2018.0,2020.0,2020.0,,239,Botânica,,"EVALUATING SHORTFALLS AND SPATIAL ACCURACY OF BIODIVERSITY DOCUMENTATION IN THE ATLANTIC FOREST, THE MOST DIVERSE AND THREATENED BRAZILIAN PHYTOGEOGRAPHIC DOMAIN",2020,,10.1002/tax.12239,TAXON,400262,69,,,567,577,,"COLLI-SILVA, M. ;PIRANI, J. R.",,2020.0
2021,,2018.0,2020.0,2020.0,,239,Botânica,,"NOVELTIES IN BRAZILIAN WALTHERIA L. (BYTTNERIOIDEAE, MALVACEAE): TWO NEW SPECIES AND ONE RE-ESTABLISHMENT",2020,,10.1590/0102-33062020abb0088,ACTA BOTANICA BRASILICA,1677941X,34,,3,449,459,,"COUTINHO, T. S. ;COLLI-SILVA, MATHEUS ;ALVES, M.",,2020.0
2021,,2018.0,2020.0,2020.0,,239,Botânica,,"ESTIMATING BIOREGIONS AND UNDERCOLLECTED AREAS IN SOUTH AMERICA BY REVISITING BYTTNERIOIDEAE, HELICTEROIDEAE AND STERCULIOIDEAE (MALVACEAE) OCCURRENCE DATA",2020,,10.1016/j.flora.2020.151688,FLORA,3672530,271,,,151688,,,"COLLI-SILVA, MATHEUS ;PIRANI, J. R.",,2020.0
2021,,2018.0,2020.0,2020.0,,239,Botânica,,"A SYNOPSIS OF BYTTNERIEAE (MALVACEAE, BYTTNERIOIDEAE) FROM THE ATLANTIC FOREST, WITH NOTES ON GEOGRAPHICAL DISTRIBUTION, NOMENCLATURE, AND CONSERVATION",2021,,10.1590/0102-33062020abb0265,ACTA BOTANICA BRASILICA,1677941X,35,,,248,268,,"COLLI-SILVA, M. ;PIRANI, JOSÉ RUBENS",,2020.0
2021,,2018.0,2020.0,2020.0,,239,Botânica,,DISJUNCT PLANT SPECIES IN SOUTH AMERICAN SEASONALLY DRY TROPICAL FORESTS RESPONDED DIFFERENTLY TO PAST CLIMATIC FLUCTUATIONS,2021,,10.21425/F5FBG49882,FRONTIERS OF BIOGEOGRAPHY,19486596,0,,0,e49882,,,"COLLI-SILVA, MATHEUS ;PIRANI, J. R. ;ZIZKA, A.",,2020.0
2021,,2018.0,2020.0,2020.0,,239,Botânica,,CURRENT KNOWLEDGE OF THE OCCURRENCE AND DISTRIBUTION OF SAPINDALES IN BRAZIL: A DATA SYNTHESIS FROM THE BRAZILIAN FLORA 2020 PROJECT,2021,,10.1007/s40415-021-00739-3,Brazilian Journal of Botany,1008404,1,,1,1,,,"COLLI-SILVA, MATHEUS ;PIRANI, J. R.",,2020.0
2021,,2018.0,2020.0,2020.0,,239,Botânica,,BRAZILIAN FLORA 2020: LEVERAGING THE POWER 1 OF A COLLABORATIVE SCIENTIFIC NETWORK,2021,,10.1002/tax.12640,TAXON,400262,1,,1,1,,,"GOMES'DA'SILVA, JANAÍNA ;DALCIN, EDUARDO COUTO ;BATISTA, JOÃO A.N. ;BATISTA, MARCELLA M.I. ;BAUTISTA, HORTENCIA P. ;BENELLI, ADARILDA P. ;BERGUECIO, NICOLÁS G. ;BERNACCI, LUÍS C. ;BEYER, MAILA ;BEZERRA, ANDREA C.C. ;BEZERRA, LUÍSA M.P.A. ;BEZERRA, YURI R.L. ;LABIAK, PAULO ;BIANCHETTI, LUCIANO B. ;BIGIO, NARCÍSIO C. ;BIRAL, LEONARDO ;BISSOLI, VINÍCIUS F. ;BITTENCOURT, FELIPE ;BOCHORNY, THUANE ;BOHN, AMABILY ;BOHS, LYNN ;BOJACÁ, GABRIEL F.P. ;BOLDORINI, ABRIL ;LIMA, HAROLDO C. ;BOLDRINI, ILSI I. ;BOLSON, MÔNICA ;BORDIN, JUÇARA ;BORDON, NATALI G. ;BORGES, RAFAEL A.X. ;BORGES, RODRIGO'L. ;BORTOLUZZI, ROSELI'L.C. ;BOVE, CLAUDIA P. ;BOVINI, MASSIMO G. ;BRAGA, JOÃO M.A. ;LOHMANN, LÚCIA G. ;BRAGA, NAYARA S.S. ;BRANCO, SUEMA ;BRAUNER, LAIANA M. ;BRAZ, DENISE M. ;BRINGEL, JOÃO B.A. ;BRITO, ANTONIO'L.V.T. ;BRITO, ELIETE S. ;BRUNIERA, CARLA P. ;BUCHOSKI, MONICA G. ;BUCK, WILLIAM R. ;MAIA, LEONOR C. ;BUENO, NORMA C. ;BUENO, VINICIUS R. ;BÜNEKER, HENRIQUE M. ;BÜNGER, MARIANA ;BURIL'VITAL, MARIA T.A. ;BURTON, GEORGE P. ;CABRAL, ANDRESSA ;CABRAL, ELSA'L. ;CABRAL, FERNANDA N. ;CABRAL, TIARA S. ;MANSANO, VIDAL F. ;CADDAH, MAYARA K. ;CAIRES, CLAUDENIR S. ;CAIRES, TAIARA A. ;CALAZANS, LUANA S.B. ;CALDAS, DIANA K.D. ;CALIÓ, MARIA F. ;CALVO, JOEL ;CÂMARA, PAULO E.A.S. ;CAMARGO, RODRIGO A. ;CAMELO, MEL C. ;MENEZES, MARIÂNGELA ;CAMPOS'ROCHA, ANTONIO ;CÂNDIDO, ELISA S. ;CANESTRARO, BIANCA K. ;CANTO'DOROW, THAIS S. ;CANTUÁRIA, PATRICK C. ;CARA, ÁLISON'L. ;CÁRDENAS, GABRIELA G. ;CARDOSO, ANDRÉIA G. ;CARDOSO, DOMINGOS B.O.S. ;CARDOSO, JESIANE M. ;MORIM, MARLI P. ;CARDOSO, LEANDRO J.T. ;CARDOSO, PEDRO H. ;CARDOZO, ANDREY'L. ;M.D. CARDOZO, NÁLLARETT ;CARMO, DIMAS M. ;CARMO, JOÃO A.M. ;CARNEIRO, CAMILA R. ;CARNEIRO, CLÁUDIA E. ;CARRIJO, TATIANA T. ;CARUZO, MARIA B.R. ;MOURA, CARLOS WALLACE N. ;CARVALHO, CATARINA S. ;CARVALHO, DARIANE A.S. ;CARVALHO, FERNANDA A. ;CARVALHO, MARIA'L.S. ;CARVALHO, JEFFERSON G. ;CARVALHO'SILVA, MICHELINE ;CASTELLO, ANA C.D. ;CASTRO, MÁRCIA S. ;CASTRO E SILVA, ISABELLA C. ;CATENACCI, FERNANDA S. ;LUGHADHA, EIMEAR NIC ;CAVALCANTI, LAISE H. ;CAVALHEIRO, LARISSA ;CERVI, ARMANDO C. ;CHACON, ROBERTA G. ;CHAGAS, ALINE P. ;CHAGAS, EARL C.O. ;CHAUTEMS, ALAIN ;CHAUVEAU, OLIVIER ;CHEQUÍN, RENATA N. ;CHRIST, ANDERSON'L. ;FILARDI, FABIANA L.R. ;PERALTA, DENILSON F. ;CHRIST, JHENIFFER A. ;CIDRÃO, BRUNO B. ;CLARK, LYNN G. ;COELHO, ALEXA A.O.P. ;COELHO, GUILHERME P. ;COELHO, RUBENS'L.G. ;COLLETTA, GABRIEL D. ;COLLI'SILVA, MATHEUS ;CONCEIÇÃO, ADILVA S. ;CONCEIÇÃO, TULIO C. ;PRADO, JEFFERSON ;CONDACK, JOÃO P.S. ;CONTRO, FERNANDA'L. ;CORDEIRO, INÊS ;CORDEIRO, LUCIANA S. ;CORDEIRO, WESLEY P.F.S. ;CÔRTES, ANA'L.A. ;COSTA, DANIEL S. ;COSTA, FABIANE N. ;COSTA, FERNANDA S.N. ;COSTA, FRANCISCO C.P. ;ROQUE, NÁDIA ;COSTA, GÉSSICA A.G. ;COSTA, ISABELLE G.C.M. ;COSTA, ITAYGUARA R. ;COSTA, JEFERSON M. ;COSTA, JORGE A.S. ;COSTA, JOSÉ G.S. ;COSTA, MARIA T.R. ;COSTA, MITCHEL I.A. ;COSTA, SUZANA M. ;COSTA, THIAGO V. ;STEHMANN, JOÃO RENATO ;COSTA, TIAGO S. ;COSTA E SILVA, MARIA B. ;COSTA'LIMA, JAMES'L. ;COTA, MATHEUS M.T. ;COUCEIRO, YURI S.V. ;COUTINHO, THALES S. ;COUTO, DAYVID R. ;COUTO, RICARDO S. ;COUVO, ANIELLY F. ;CYRILLO, STEPHANY B. ;SYLVESTRE, LANA S. ;DAL MOLIN, LUIS H. ;DALASTRA, CLAUDENICE H. ;DAMASCENO, RAFAELLA G.L. ;DE LAZZARI, LARA R.P. ;DEBLE, LEONARDO P. ;DELFINI, CAROLINA ;DELGADO JUNIOR, GEADELANDE C. ;DELGADO'SALINAS, ALFONSO ;DELLA, ALINE P. ;DELPRETE, PIERO G. ;TRIERVEILER'PEREIRA, LARISSA ;DEMATTEIS, MASSIMILIANO ;DETTKE, GRETA A. ;DEVECCHI, MARCELO F. ;DEWES, TALITA S. ;DI MAIO, FERNANDO R. ;DIAS, KAUÊ N.L. ;DIAS, MICHELI C. ;DIAS, PEDRO ;DÍAZ, YANI C.A. ;DITTRICH, VINÍCIUS A.O. ;WALTER, BRUNO M.T. ;DOMÍNGUEZ, YOANNIS ;DÓREA, MARCOS C. ;DORNELES, MARIANE P. ;DRESSLER, STEFAN ;DUARTE, MARILIA C. ;DURAN, JUAN D.T. ;DUTILH, JULIE H.A. ;DUTRA, LETÍCIA'L. ;DUTRA, VALQUÍRIA F. ;ECHTERNACHT, LIVIA ;ZIMBRÃO, GERALDO ;EGGERS, LILIAN ;ERKENS, ROY H.J. ;ESLABÃO, MARCELO P. ;ESPÍRITO SANTO, FÁBIO S. ;ESSER, HANS'JOACHIM ;ESSI, LILIANA ;ESTEVES, GERLENI'L. ;ESTEVES, ROBERTO'L. ;EVERLING, JOEL F. ;EZCURRA, CECILIA ;FORZZA, RAFAELA C. ;FACCO, MARLON G. ;FADER, ANDREA A.C. ;FALCÃO, MARCUS J.A. ;FANTECELLE, LAURA B. ;FARCO, GABRIELA E. ;FARIA, ALLAN'L.A. ;FARIA, ANA P.G. ;FARIA, APARECIDA D. ;FARIA, MARIA T. ;FARIA, JAIR ;ABREU, FERNANDA P. ;FARIAS, SABRINA Q. ;FARIAS'SINGER, ROSANA ;FARINACCIO, MARIA A. ;FERNANDES, ANA C. ;FERNANDES, FERNANDO ;FERNANDES, JOSÉ M. ;FERNANDES, ROZIJANE S. ;FERNANDES, THIAGO ;FERNANDES, ULISSES G. ;FERNANDES, ALUISIO J. ;BARBOSA, MARIA REGINA V. ;ABREU, MARIA C. ;FERNANDO, EMANOEL M.P. ;FERREIRA, CARLOS D.M. ;FERREIRA, FABRÍCIO M. ;FERREIRA, GABRIEL E. ;FERREIRA, JOÃO P.R. ;FERREIRA, PRISCILA P.A. ;FERREIRA, SILVANA C. ;FERRUCCI, MARÍA S. ;FIASCHI, PEDRO ;FIDANZA, KARINA ;ABREU, VANESSA H.R. ;FILGUEIRAS, TARCISO S. ;FIRETTI, FABIANA ;FLEISCHMANN, ANDREAS ;FLORENTÍN, JAVIER E. ;FLORENTÍN, MARIELA N. ;FLORES, ANDRÉIA S. ;FLORES, JERÔNIMO M.M. ;FLORES, THIAGO B. ;FONSECA, LUIZ H.M. ;FONTELAS, JEAN C. ;ACUÑA'CASTILLO, RAFAEL ;FONTELLA'PEREIRA, JORGE ;FORSTER, WELLINGTON ;FRAGA, CLAUDIO N. ;FRAGA, FERNANDA R.M. ;FRAGA, SANTIAGO ;FRANÇA, FLÁVIO ;FRANÇA, JULIANA R.K.G. ;FRANCISCO, JÉSSICA N.C. ;FREIRE'FIERRO, ALINA ;FREITAS, FERNANDA S. ;AFONSO, EDGAR A.L. ;FREITAS, JOELCIO ;FREITAS, MARIA F. ;FRITSCH, PETER ;FUNEZ, LUÍS A. ;FURTADO, SAMYRA G. ;GAEM, PAULO H. ;GAGLIOTI, ANDRÉ'L. ;GAGNON, EDELINE ;GAMA, BEATRIZ R.A. ;GARCIA, FLÁVIA C.P. ;AGRA, LEANDRO A.N.N. ;GASPER, ANDRÉ'L. ;GERACE, SAMUELE ;GIACOMIN, LEANDRO'L. ;GIARETTA, AUGUSTO ;GIL, ANDRÉ S.B. ;GISSI, DANILO S. ;GIUFFRE, PAMELA M.W. ;GIULIETTI, ANA M. ;GIUSSANI, LILIANA M. ;GOEBEL, GABRIELA ;AGRA, MARIA F. ;GOES, MONIQUE B. ;GÓES, LUIZ A.A. ;GOLDENBERG, RENATO ;GOMES, BEATRIZ M. ;GOMES, FERNANDA P. ;GOMES, MARIO ;GOMES'KLEIN, VERA'L. ;GONÇALEZ, VICTOR M. ;GONÇALVES, ANA P.S. ;GONÇALVES, DEISE J.P. ;AGUIAR, DANIEL P.P. ;GONELLA, PAULO M. ;GONZAGA, AUGUSTO F.N. ;GONZAGA, DIEGO R. ;GONZÁLEZ, FAVIO ;GONZATTI, FELIPE ;GOUVÊA, YURI F. ;GRAHAM, SHIRLEY A.T. ;GREGÓRIO, BERNARDA S. ;GRINGS, MARTIN ;GROPPO, MILTON ;AIRES, ELISA T. ;GROSSI, MARIANA A. ;GUARÇONI, ELIDIO A.E. ;GUEDES, FELIPE M. ;GUEDES, JULIANA S. ;GUERRA, ETHIÉNE ;GUIMARÃES, ELSIE F. ;GUIMARÃES, LEONARDO R.S. ;GUIMARÃES, PAULO J.F. ;GURGEL, ELY S.C. ;GUTIÉRREZ, DIEGO G. ;ALMEDA, FRANK ;HALL, CLIMBIÊ F. ;HARLEY, RAYMOND M. ;HASSEMER, GUSTAVO ;HATTORI, ERIC K.O. ;HECHENLEITNER, PAULINA ;HEFLER, SONIA M. ;HEIDEN, GUSTAVO ;HENNING, TILO ;HENRIQUES, DIEGO K. ;HENSOLD, NANCY ;ALMEIDA, GRACINEIDE S.S. ;HINOSHITA, LUCAS K.R. ;HIRAI, REGINA Y. ;HIRAO, YASMIN V. ;HIRIART, FLORENCIA D. ;HOPKINS, MICHAEL J.G. ;HOYOS'GÓMEZ, SAÚL E. ;HUAMANTUPA, ISAU ;HURBATH, FERNANDA ;IGANCI, JOÃO R.V. ;ILKIU'BORGES, ANNA'L. ;BAUMGRATZ, JOSÉ FERNANDO A. ;ALMEIDA, MARIANA M. ;IMIG, DANIELA C. ;INÁCIO, CAMILA D. ;INDRIUNAS, ALEXANDRE ;JACQUES, ELIANE'L. ;JACQUES, SUARA S.A. ;JAIMES, JULIANA N. ;JARDIM, JOMAR G. ;JESUS, JÔANE C. ;JESUS, PRISCILA B. ;JIMÉNEZ'MEJÍAS, PEDRO ;ALMEIDA, NICOLLI B.C. ;JOHNSON, DAVID ;JORDÃO, LUCAS S.B. ;JORDÃO, VALNER M.M. ;JORGE, TACIANE S. ;KAEHLER, MIRIAM ;KAMEYAMA, CÍNTIA ;KATAOKA, ERIC Y. ;KESSOUS, IGOR M. ;KILIPPER, JULIA T. ;KINOSHITA, LUIZA S. ;ALMEIDA, RAFAEL F. ;KLEIN, VIVIANE P. ;KLITGAARD, BENTE B. ;KNAPP, SANDRA ;KOCH, ANA K. ;KOCH, INGRID ;KOCHANOVSKI, FÁBIO J. ;KOMINAMI, GABRIEL F.G. ;KONNO, TATIANA U.P. ;KOSCHNITZKE, CRISTIANA ;KOTOVSKI, EMÍLIA R. ;ALMEIDA, ROBERTO B.P. ;KRIEBEL, RICARDO ;KÜLKAMP, JOSIMAR ;LEAL, BRÍGIDA A. ;LEAL, EDUARDO S. ;LEITE, ÁUREA C.F. ;LEITE, WELLERSON P. ;LEITMAN, PAULA M. ;LEWIS, GWILYM P. ;LIMA, ADRIANA Q. ;LIMA, ALEXANDRE G. ;ALMEIDA, THAÍS E. ;LIMA, DUANE F.S. ;LIMA, ELIENE ;LIMA, JESSICA S. ;LIMA, LAÍCE F.G. ;LIMA, LAURA C.P. ;LIMA, LETÍCIA R. ;LIMA, LUCAS V. ;LIMA, LUIS F.P. ;LIMA, RITA B. ;LIMA, VANESSA'L. ;ALMEIDA, EDUARDO B. ;LINK'PEREZ, MELANIE ;LIRIO, ELTON J. ;LOBÃO, ADRIANA Q. ;LOEUILLE, BENOIT F.P. ;LOIOLA, MARIA I.B. ;LOMBARDI, JULIO A. ;LONGHI'WAGNER, HILDA M. ;LOPES, GABRIEL S.R. ;LOPES, JENIFER C. ;LOPES, LETÍCIA O. ;ALVES, DANIELA M. ;LOPES, RAIMUNDO ;LOPES, ROSANA C. ;LÓPEZ, MARIA G. ;LORENCINI, TIAGO S. ;LORENZI, HARRI ;LOURENÇO, ANA R.L. ;LOURENÇO, ARTHUR R. ;LOUZADA, RAFAEL B. ;LOVO, JULIANA ;LOZANO, EDUARDO D. ;ALVES, FLÁVIO M. ;LUBER, JAQUELINI ;LUCAS, DIÓBER B. ;LUCAS, EVE J. ;LÜDTKE, RAQUEL ;LUEBERT, FEDERICO ;LUIZI'PONZO, ANDREA P. ;LUNA, BRUNA N. ;LUNA, NAÉDJA K.M. ;LUZ, CÍNTIA'L.S. ;MACHADO, ANDERSON F.P. ;ALVES, KARINA N.L. ;MACHADO, EVANDRO P. ;MACHADO, TALITA M. ;MACIEL, JEFFERSON R. ;MACIEL, SEBASTIÃO ;MAGALHÃES, RODRIGO A. ;MAGENTA, MARA A.G. ;MAIA, TALITA A. ;MAMEDE, MARIA C.H. ;MARCHIORETTO, MARIA S. ;MARGALHO, LUCIANO F. ;ALVES, MARIA B.B. ;MARINHO, LUCAS C. ;MARQUES, DANILO ;MARQUETE, RONALDO ;MARRA, RAQUEL C. ;MARTINS, ANGELA B. ;MARTINS, MÁRCIO'L.L. ;MARTINS, MARCOS B.S. ;MARTINS, MILENA V. ;MARTINS, RENATA C. ;MARTINS, SUZANA E. ;BICUDO, CARLOS E.M. ;ALVES, RODOLFO F. ;MASSON, VICTÓRIA ;MATIAS, LIGIA Q. ;MATOS, AGNES M.M.V. ;MATOS, ANDREZA O. ;MATOS, FERNANDO B. ;MATOZINHOS, CAROLINA N. ;MATTOS, CILENE M.J. ;MATTOS, LETICIA ;MATZENAUER, WILLIAM ;MAUAD, ANNA V.S.R. ;AMARAL, MARIA C.E. ;MAYA'LASTRA, CARLOS A. ;MAYO, SIMON J. ;MAZINE, FIORELLA F. ;MEDEIROS, DÉBORA ;MEDEIROS, ERIKA V.S.S. ;MEDEIROS, HERISON ;MEDEIROS, MARIA C.M.P. ;MEEROW, ALAN W. ;MEIRELES, JOSE E. ;MEIRELES, LEONARDO D. ;AMARAL, ANDRÉ L.S. ;MEIRELLES, JULIA ;MELCHOR'CASTRO, BRIGGITTHE ;MELLO, ZELIA R. ;MELLO'SILVA, RENATO ;MELO, ANDRÉ'L. ;MELO, CAIO V.V.D. ;MELO, EFIGENIA ;MELO, JOSÉ I.M. ;MENDES, JONE C.R. ;MENDES, MARIA C.Q. ;AMÉLIO, LEANDRO A. ;MENDES'SILVA, INGRID ;MENEGUZZO, THIAGO E.C. ;MENEZES, CRISTINE G. ;MENEZES, FELIPE G.P. ;MENINI NETO, LUIZ ;MENTZ, LILIAN A. ;MESQUITA, ANTÔNIO'L. ;MESSIAS, PATRÍCIA A. ;MEZZONATO'PIRES, ANA C. ;MICHELANGELI, FABIÁN A. ;AMORIM, ANDRÉ M.A. ;MIGUEL, JOÃO R. ;MIGUEL, LAILA M. ;MILWARD'DE'AZEVEDO, MICHAELE A. ;MIOTTO, SILVIA T.S. ;MIRANDA, CECÍLIA V. ;MIRANDA, VITOR F.O. ;MITCHELL, JOHN D. ;MOLINA, JOSÉ M.P. ;MONDIN, CLÁUDIO A. ;MONGE, MARCELO ;AMORIM, BRUNO S. ;MONTEIRO, DANIELE ;MONTEIRO, FERNANDA K.S. ;MONTEIRO, RAQUEL F. ;MONTEIRO, SILVANA H.N. ;MONTEIRO, THIAGO C. ;MONZOLI, JOÃO V.L. ;MOORE, PALOMA G.P. ;MORA, MARTHA M. ;MORAES, MARTA D. ;MORAES, MÓNICA R. ;AMORIM, EDUARDO T. ;MORALES, JUAN F. ;MORALES, MATÍAS ;MORAN, ROBBIN C. ;MOREIRA, ANDRÉ'L.C. ;MOREIRA, ANDRÉIA D.R. ;MOREIRA, ARIANE S. ;MOREIRA, BIANCA A. ;MOREIRA, GISELLE'L. ;MOREIRA, KASSIO V.C. ;MOREIRA, PABLO F.F. ;AMORIM, VIVIAN O. ;MOROKAWA, ROSEMERI ;MORONI, PABLO ;MOTA, ALINE C. ;MOTA, MICHELLE C.A. ;MOTA, NARA F.O. ;MOURA, BERYL E.L. ;MOURA, INGRIDY O. ;MOURA, LUÍZA C. ;MOURA, RICARDO'L. ;MOURA, TANIA M. ;ANDRADE, IVANILZA M. ;MUNDIM, JÚLIA V. ;MUNIZ, FRANCISCA H. ;MUNIZ, LETICIA N. ;MUNIZ FILHO, EDUARDO ;MYNSSEN, CLAUDINE M. ;NAKAJIMA, JIMI N. ;NASCIMENTO, JANAINA G.A. ;NASCIMENTO, JOSÉ E. ;NASCIMENTO, SILVIA M. ;NEPOMUCENO, FRANCISCO A.A. ;ANDRADE, RAY S. ;NERVO, MICHELLE H. ;NERY, EDUARDO K. ;NEVES, BEATRIZ ;NÓBREGA, GISELI A. ;NOGUEIRA, MATHEUS G.C. ;NUNES, ANNELISE F. ;NUNES, CLEBIANA S. ;NUNES, TEONILDES S. ;OELLGAARD, BENJAMIN ;O'LEARY, NATALY ;CAVALCANTI, TACIANA B. ;ANDRÉ, THIAGO ;OLIVEIRA, ADRIANA'L.R. ;OLIVEIRA, ANA C.S. ;OLIVEIRA, ANDREZA G.S. ;OLIVEIRA, ARON B. ;OLIVEIRA, BÁRBARA A. ;OLIVEIRA, CAETANO T. ;OLIVEIRA, FERNANDA M.C. ;OLIVEIRA, FILIPE G.A. ;OLIVEIRA, GLEISON S. ;OLIVEIRA, GUSTAVO R. ;ANDREATA, REGINA H.P. ;OLIVEIRA, HERMESON C. ;OLIVEIRA, IASMIN'L.C. ;OLIVEIRA, JOÉSILI C.P. ;OLIVEIRA, JOSÉ F.C. ;OLIVEIRA, JULIANA A. ;OLIVEIRA, JULIANA R.P.M. ;OLIVEIRA, LETICIA G.R. ;OLIVEIRA, LILIAN F.A. ;OLIVEIRA, LORENA C. ;OLIVEIRA, LUCIANA S.D. ;ANDRINO, CAROLINE O. ;OLIVEIRA, MARCIA C.R. ;OLIVEIRA, MÁRCIO'L.B. ;OLIVEIRA, MARCOS G.M. ;OLIVEIRA, MARISE H.V. ;OLIVEIRA, MARLA I.U. ;OLIVEIRA, REGINA C. ;OLIVEIRA, RENATA S. ;OLIVEIRA, REYJANE P. ;OLIVEIRA, RODRIGO C.G. ;OLIVEIRA, SYLVIA M. ;ÂNGULO, MARÍA B. ;OLIVEIRA, YKARO R. ;ORLANDINI, PRISCILA ;ORSOLANO, GUILHERME N. ;PACÍFICO, RICARDO ;PAGLIA, ISIS ;PAIVA, GABRIELLE C.P. ;PAIXÃO, LILIANE C. ;PASTORE, JOSÉ F.B. ;PASTORE, MAYARA ;PASTORI, TAMARA ;ANJOS, CASSIANE B. ;PAUCAR, JENNY O.A. ;PAULA'SOUZA, JULIANA ;PEDERNEIRAS, LEANDRO C. ;PEICHOTO, MYRIAM C. ;PEIXOTO, ARIANE'L. ;PELL, SUSAN K. ;PELLEGRINI, MARCO O.O. ;PENA, NELSON T.L. ;PENNINGTON, RICHARD T. ;PEREIRA, AMANDA P.N. ;ANTAR, GUILHERME M. ;PEREIRA, ANDREZA S.S. ;PEREIRA, JOVANI B.S. ;PEREIRA, MARIA S. ;PEREIRA, PAULO E.E. ;PEREIRA, SIDNEY S. ;PEREIRA'SILVA, RAFAELA A. ;PEREZ, ANA P.F. ;PESSOA, CLEITON S. ;PESSOA, CLENIA S. ;PESSOA, EDLLEY M. ;ANTONICELLI, MIRIAN C.A. ;PESSOA, MARIA C.R. ;PETRONGARI, FERNANDA S. ;PHILBRICK, THOMAS C. ;PIGNAL, MARC ;PIMENTA, KARENA M. ;PINTO, RAFAEL B. ;PIONER, NATÁLIA C. ;PIRANI, JOSÉ R. ;PIZZARDO, RAQUEL C. ;PLOS, ANABELA ;ANTUNES, LORENA'L.C. ;PONCE, MARTA M. ;PONTES, JULIANA S. ;PONTES, RICARDO A.S. ;PONTES, TIAGO A. ;PONTES'PIRES, ALINE F. ;POTT, VALI J. ;PRADO, THAINÁ C. ;PRAIA, TALITA S. ;PRANCE, GHILLEAN T. ;PRANGE, CAROLINA K. ;AONA, LIDYANNE Y.S. ;PRATA, ANA P.N. ;PROCHAZKA, LUANA S. ;PROENÇA, CAROLYN E.B. ;PRUDÊNCIO, RENATO X.A. ;PSCHEIDT, ALLAN C. ;QUARESMA, ACLEBIA A. ;QUARESMA, ALINE S. ;QUEIROZ, GEORGE A. ;QUEIROZ, LUCIANO P. ;QUEIROZ, RUBENS T. ;ARANA, MARCELO D. ;QUINET, ALEXANDRE ;RAMOS, ELIANA ;RAMOS, GERALDO J.P. ;RANDO, JULIANA G. ;REBOUÇAS, NATANAEL C. ;REGINATO, MARCELO ;REIS, MIGUEL M.R. ;REIS, PRISCILA A. ;REIS'SILVA, GENILSON A. ;RIBAS, OSMAR S. ;COELHO, MARCUS A.N. ;ARANHA, JOÃO L.M. ;RIBEIRO, ANDRÉ R.O. ;RIBEIRO, CAROLINA'L. ;RIBEIRO, JOSÉ E.L.S. ;RIBEIRO, MICHEL ;RIBEIRO, PÉTALA G. ;RIBEIRO, RAYANE T.M. ;RIBEIRO, RICARDO S. ;RIBEIRO, ROGÉRIO N. ;RIINA, RICARDA ;RITTER, MARA R. ;ARAÚJO, ANDERSON G.A. ;RIVADAVIA, FERNANDO ;RIVERA, VANESSA'L. ;RIZZO, BEATRIZ D. ;ROCHA, ANTÔNIO E.S. ;ROCHA, LAMARCK ;ROCHA, MARIA J.R. ;RODRIGUES, CARINE M. ;RODRIGUES, CHRISTCHELLYN K. ;RODRIGUES, IZABELLA M.C. ;RODRIGUES, MARIANNA C. ;ARAUJO, ANDRÉA O. ;RODRIGUES, RODRIGO SAMPAIO ;RODRIGUES, RODRIGO SCHÜTZ ;RODRÍGUEZ, JUAN F.C. ;RODRÍGUEZ, PEDRO A. ;ROLLIM, ISIS M. ;ROMANINI, REBECA P. ;ROMÃO, GERSON O. ;ROMÃO, MARCOS V.V. ;ROMERO, MARÍA F. ;ROMERO, ROSANA ;ARAÚJO, CAMILA C. ;ROSA, BÁRBARA R. ;ROSA, PATRÍCIA ;ROSA, PRISCILA O. ;ROSÁRIO, ALESSANDRO S. ;ROSSA, IAGO M. ;ROSSETTO, ELSON F.S. ;ROSSI, LUCIA ;ROSSINI, JOSIENE ;ROYER, CARLA A. ;RUA, GABRIEL H. ;ARAUJO, CINTIA A.T. ;SÁ, CYL F.C. ;SAAVEDRA, MARIANA M. ;SAKA, MARIANA N. ;SAKURAGUI, CASSIA M. ;SALAS, ROBERTO M. ;SALES, MARGARETH F. ;SALGADO, VANINA G. ;SALIMENA, FÁTIMA R.G. ;SALINO, ALEXANDRE ;SALVADOR, RAFAEL B. ;ARAUJO, FLÁVIA M. ;SAMPAIO, DANIELA ;SANCHO, GISELA ;SANO, PAULO T. ;SANTANA, JÉSSICA C.O. ;SANTANA, KAROLINE C. ;SANTANA, MARIANA H. ;SANTIAGO, AUGUSTO C.P. ;SANTOS, ALESSANDRA ;SANTOS, AMANDA P.B. ;SANTOS, ANA C.A.S. ;ARAÚJO, MÁRIO H.T. ;SANTOS, ANDREA K.A. ;SANTOS, CARLOS A.G. ;SANTOS, EMANUELLE'L. ;SANTOS, FELIPE S. ;SANTOS, FERNANDA B. ;SANTOS, JOÃO U.M. ;SANTOS, KARIN ;SANTOS, LEIDIANA'L. ;SANTOS, MATHEUS F. ;SANTOS, OTILENE A. ;ARBO, MARIA M. ;SANTOS, RAFAELA F. ;SANTOS, RENATA G.P. ;SANTOS, THAÍLA V.A. ;SANTOS, THIAGO F. ;SANTOS, VANESSA T. ;SANTOS'SILVA, FERNANDA ;SANTOS'SILVA, JULIANA ;SÃO'MATEUS, WALLACE M.B. ;SARAIVA, DEISY P. ;SARKINEN, TIINA ;ARNOU, EMILY S. ;SARTORI, ÂNGELA'L.B. ;SASSONE, AGOSTINA B. ;SAUTHIER, LUANA J. ;SCALON, VIVIANE R. ;SCATIGNA, ANDRÉ V. ;SCHAEFER, JULIANA ;SCHEIDEGGER, NAJLA M.B. ;SCHLIEWE, MARCOS A. ;SCHMIDT, EDUARD D.L. ;SCHNEIDER, ANGELO A. ;ASPRINO, RENATA C. ;SCHNEIDER, LAYLA J.C. ;SCHUETTPELZ, ERIC ;SCHWARTSBURD, PEDRO B. ;SCHWARZ, ELIZABETH A. ;SCUDELER, ANA'L. ;SEBASTIANI, RENATA ;SECCO, RICARDO S. ;SECRETTI, ELISANGELA ;SEGALLA, ROSANE ;SELEME, ELIDIENE P. ;COSTA, ANDREA F. ;ASSIS, FRANCINE C. ;SEMIR, JOÃO ;SENNA, LUISA R. ;SETUBAL, ROBBERSON B. ;SHIMIZU, GUSTAVO H. ;SHIRASUNA, REGINA T. ;SILVA, ADAÍSES S.M. ;SILVA, ALINE V.M. ;SILVA, AMANDA'L. ;SILVA, ANÁDRIA S. ;SILVA, CAROLINE C.A. ;ASSIS, LEANDRO C.S. ;SILVA, CASSIO R. ;SILVA, CHRISTIAN ;SILVA, CINTIA V. ;SILVA, DIEGO N. ;SILVA, DILANA F. ;SILVA, FABIO A. ;SILVA, FERNANDA O. ;SILVA, FRANCISMEIRE B. ;SILVA, GABRIEL B. ;SILVA, GLEDSON J. ;ASSIS, MARTA C. ;SILVA, GUILHERME S. ;SILVA, GUSTAVO H.L. ;SILVA, JOÃO P.S. ;SILVA, JULIANA'L. ;SILVA, JULIENE F.M. ;SILVA, LEONARDO N. ;SILVA, LUCAS V. ;SILVA, LUCIANA P. ;SILVA, LUIZA N. ;SILVA, MÁRCIO A. ;ATHAYDE FILHO, FRANCISCO ;SILVA, MARCIO R.P. ;SILVA, MARCOS J. ;SILVA, MARCUS F.O. ;SILVA, MARIA'L.B. ;SILVA, MARIA S.D. ;SILVA, NILDA M.F. ;SILVA, OTÁVIO'L.M. ;SILVA, RAFAEL C. ;SILVA, RAPHAEL ;SILVA, RENATA S.A. ;ATHIÊ'SOUZA, SARAH M. ;SILVA, RENATO R. ;SILVA, RONALDO V. ;SILVA, SAURA R. ;SILVA, SUELMA R. ;SILVA, TÂNIA R.S. ;SILVA, TATIANE S. ;SILVA, THAYNARA S. ;SILVA, WANDERSON'L.S. ;SILVA FILHO, PEDRO J.S. ;SILVA'CASTRO, MILENE M. ;AZEVEDO, IGOR H.F. ;SILVA'COBRA, GISELE O. ;SILVA'GONÇALVES, KELLY C. ;SILVEIRA, FERNANDA S. ;SILVEIRA, JOÃO B. ;SILVEIRA, THAMYRES C. ;SIMÃO'BIANCHINI, ROSANGELA. ;SIMÕES, ANA R. ;SIMÕES, ANDRÉ O. ;SIMON, MARCELO F. ;SINISCALCHI, CAROLINA M. ;BACCI, LUCAS F. ;SIQUEIRA, CARLOS E. ;SMIDT, ERIC C. ;SMITH, ALAN R. ;SMITH, NATHAN P. ;SNAK, CRISTIANE ;SOARES, ABEL E.R. ;SOARES, ARTHUR S. ;SOARES, EDSON'L.C. ;SOARES, KELEN P. ;SOARES, LUANDA P. ;BARBOSA, CAMILO V.O. ;SOARES, MARCOS V.B. ;SOARES, MARIA'L.C. ;SOARES, POLYANA N. ;SOARES, RAIMUNDO ;SOBRADO, SANDRA V. ;SOBRAL, MARCOS ;SOMNER, GENISE V. ;SOTHERS, CYNTHIA ;SOUSA, ANA A.C. ;SOUSA, DANILO J.L. ;BARBOSA, JULIANA F. ;SOUSA, FRANCISCO S. ;SOUSA, GARDENE M. ;SOUSA, HIAN C.F. ;SOUSA, LEANDRO O.F. ;SOUSA, MAYCO W.S. ;SOUSA, VALDECI F. ;SOUZA, ALINE M. ;SOUZA, BRUNO P. ;SOUZA, ELNATAN B. ;SOUZA, ÉLVIA R. ;BARBOSA'SILVA, RAFAEL G. ;SOUZA, FILIPE S. ;SOUZA, LUZIA F. ;SOUZA, MARCELO C. ;SOUZA, MARIA A.D. ;SOUZA, RAQUEL M.B.S. ;SOUZA, VINICIUS C. ;SOUZA'BUTURI, FÁTIMA O. ;SPINA, ANDRÉA P. ;STADNIK, ALINE M.S. ;STAGGEMEIER, VANESSA G. ;COSTA, DENISE P. ;BARCELLOS, IAN C. ;STAPF, MARÍA N.S. ;STEFANO, RODRIGO D. ;STERN, STEPHEN ;STREHER, NATHÁLIA S. ;SUCHORONCZEK, ANDRÉIA ;SUNDUE, MICHAEL ;TAKEUCHI, CÁTIA ;TARDIVO, ROSÂNGELA C. ;TAYLOR, NIGEL P. ;TEIXEIRA, MICHELLA D.R. ;BARBOZA, GLORIA E. ;TELES, ARISTÔNIO M. ;TEMPONI, LIVIA G. ;THODE, VERÔNICA A. ;THOMAS, WILLIAM W. ;TIERNO, LORENA R. ;TISSOT'SQUALLI, MARA ;TOLEDO, CÁSSIO A.P. ;TORKE, BENJAMIN M. ;TORRES, ALICIA M. ;TORRES, DANIELA S.C. ;BARCELOS, FLÁVIA R.B. ;TORRES'LEITE, FILIPE ;TOZZI, ANA M.G.A. ;TRAD, RAFAELA J. ;TREVISAN, RAFAEL ;TROVÓ, MARCELO ;TULER, AMÉLIA C. ;TYRRELL, CHRISTOPHER ;UDULUTSCH, RENATA G. ;URIBBE, FERNANDO P. ;VAHL, DAIANE R. ;BARCELOS, LAÍSA B. ;VALADARES, RODRIGO T. ;VALDEMARIN, KARINNE S. ;VALDUGA, EDUARDO ;VALENTE, EMILIA B. ;VALLS, JOSE F.M. ;VAN DEN BERG, CÁSSIO ;VASCONCELOS, LIZIANE V. ;VASCONCELOS, THAÍS N.C. ;VASQUES, DIEGO T. ;VAZ, ANGELA M.S.F. ;BARRETO, KAMILLA'L. ;VERSIANE, ANA F.A. ;VERSIEUX, LEONARDO M. ;VIA DO PICO, GISELA M. ;VIANA, PEDRO'L. ;VIANNA, SUELEN A. ;VIANNA FILHO, MARCELO D.M. ;VIDAL, KAIO V.A. ;VIDAL, JOÃO D. ;VIEIRA, FÁBIO C.S. ;VIEIRA, JAQUELINE A. ;BARROS, FÁBIO ;VIEIRA, JOÃO P.S. ;VIEIRA, LUCAS'L.A. ;VIEIRA, TAMARA A.F. ;VIEIRA, TIAGO'L. ;VIERA'BARRETO, JÉSSICA N. ;VIGNOLI'SILVA, MÁRCIA ;VILAS BÔAS'BASTOS, SILVANA B. ;VILLARREAL, JUAN C. ;VINCENT, MICHAEL A. ;VITA, MARCELA D. ;BARROS, THAMIRES'L.A. ;VITTA, FABIO A. ;VIVEROS, RAQUEL S. ;VIVIURKA, FERNANDA ;VOGEL ELY, CLEUSA ;VOLET, DANILO P. ;VÖLTZ, RAFAEL R. ;WALLNÖFER, BRUNO ;WANDERLEY, MARIA G.L. ;WATANABE, MAURICIO T.C. ;WEBER, PHILIPY A.P. ;BARROS'BARRETO, MARIA B.B. ;WEIGEND, MAXIMILIAN ;WELKER, CASSIANO A.D. ;WINDISCH, PAULO G. ;YOSHIKAWA, VANIA N. ;ZAMENGO, HENRIQUE B. ;ZANATTA, MARIA R.V. ;ZANNIN, ANA ;ZAPPI, DANIELA C. ;ZEFERINO, LAÍS C. ;ZELENSKI, ANDRÉIA ;BASTOS, CID J.P. ;ZULOAGA, FERNANDO O. ;ZUNTINI, ALEXANDRE R. ;BASTOS, CLÁUDIA A.",,2020.0
2021,,2018.0,2020.0,2020.0,,239,Botânica,,"AYENIA ALBIFLORA , (MALVACEAE, BYTTNERIOIDEAE) A NEW SPECIES FROM THE CERRADO OF GOIAS, CENTRAL?WEST BRAZIL",2022,,10.1111/njb.03562,NORDIC JOURNAL OF BOTANY,0107055X,2022,,3,e03562,6,,"COLLI-SILVA, MATHEUS ;MORAIS, I. L.",,2020.0
2021,,2018.0,2020.0,2020.0,,239,Botânica,,ECOLOGICAL NICHE MODELS AND POINT DISTRIBUTION DATA REVEAL A DIFFERENTIAL COVERAGE OF THE CACAO RELATIVES (MALVACEAE) IN SOUTH AMERICAN PROTECTED AREAS,2022,,,Ecological Informatics,15749541,,,,,,,"COLLI-SILVA, MATHEUS ;PIRANI, JOSÉ RUBENS ;ZIZKA, A.",,2020.0
2011,2015.0,2016.0,2018.0,2018.0,,389,Zoologia,,IS PHENOTYPIC PLASTICITY DETERMINED BY TEMPERATURE AND FLUID REGIME IN FILTER-FEEDING GELATINOUS ORGANISMS?,2019,,10.1016/j.jembe.2019.151238,JOURNAL OF EXPERIMENTAL MARINE BIOLOGY AND ECOLOGY,220981,522,,,151238,,,"JORDANO, M. A. ;MORANDINI, A. C. ;NAGATA, R. M.",,2018.0
2011,2015.0,2016.0,2018.0,2018.0,,389,Zoologia,,"FIRST DESCRIPTION OF WILD-COLLECTED EPHYRAE OF LYCHNORHIZA LUCERNA (CNIDARIA, SCYPHOZOA)",2021,,10.1590/0001-3765202120190574,ANAIS DA ACADEMIA BRASILEIRA DE CIÊNCIAS,16782690,93,,2,93 (2),,,"NAGATA, R. M. ;AMARAL, P. ;LEMOS, V. ;JORDANO, M. A. ;MUXAGATA, E. ;MORANDINI, A. C.",,2018.0
2011,2015.0,2016.0,2018.0,2018.0,,389,Zoologia,,"PATTERNS OF MORPHOLOGICAL DEVELOPMENT IN SCYPHOZOA EPHYRAE (CNIDARIA, MEDUSOZOA)",2022,,10.1007/s12526-022-01269-1,Marine Biodiversity,18671624,,,,,,,"JORDANO, M. A. ;MIYAKE, H. ;NAGATA, R. M. ;MORANDINI, A. C.",,2018.0
2003,2007.0,2007.0,2009.0,2017.0,,282,Ecologia,,ECOLOGY OF THE WATER OPOSSUM CHIRONECTES MINIMUS IN ATLANTIC FOREST STREAMS OF SOUTHEASTERN BRAZIL,2009,,10.1644/07-mamm-a-397.1,Journal of Mammalogy (Print),222372,90,,1,93,103,,"GALLIEZ, M. ;LEITE, M. S.;DE SOUZA LEITE, MELINA;LEITE, MELINA DE SOUZA ;QUEIROZ, T. L. ;FERNANDEZ, F.",,2017.0
2003,2007.0,2007.0,2009.0,2017.0,,282,Ecologia,,ACTIVITY PATTERNS OF THE WATER OPOSSUM CHIRONECTES MINIMUS IN ATLANTIC FOREST RIVERS OF SOUTH-EASTERN BRAZIL,2013,,10.1017/s0266467413000187,Journal of Tropical Ecology (Print),2664674,29,,3,261,264,,"DE SOUZA LEITE, MELINA ;QUEIROZ, THIAGO LOPES ;GALLIEZ, MARON ;DE MENDONÇA, PATRÍCIA PINTO ;FERNANDEZ, FERNANDO A. S.",,2017.0
2003,2007.0,2007.0,2009.0,2017.0,,282,Ecologia,,LANDSCAPE ECOLOGY PERSPECTIVE IN RESTORATION PROJECTS FOR BIODIVERSITY CONSERVATION: A REVIEW,2013,,10.4322/natcon.2013.019,Natureza & Conservação,16790073,11,,2,108,118,,"LEITE, MELINA DE SOUZA ;TAMBOSI, LEANDRO REVERBERI ;ROMITELLI, ISABELLA ;METZGER, JEAN PAUL",,2017.0
2003,2007.0,2007.0,2009.0,2017.0,,282,Ecologia,,HABITAT SELECTION FOR RESTING SITES BY THE WATER OPOSSUM ( CHIRONECTES MINIMUS ) IN THE BRAZILIAN ATLANTIC FOREST,2014,,10.1080/01650521.2014.966627,Studies on Neotropical Fauna and Environment,1650521,49,,3,231,238,,"PALMEIRIM, ANA FILIPA ;DE SOUZA LEITE, MELINA ;SANTOS-REIS, MARGARIDA ;FERNANDEZ, FERNANDO A. S.",,2017.0
2003,2007.0,2007.0,2009.0,2017.0,,282,Ecologia,,NATURAL HISTORY OF THE WATER OPOSSUM CHIRONECTES MINIMUS: A REVIEW,2015,,10.4257/oeco.2015.1901.04,Oecologia Australis,21776199,19,,1,47,62,,"FERNANDEZ, FERNANDO A. S. ;GALLIEZ, MARON ;LEITE, MELINA DE SOUZA ;QUEIROZ, THIAGO LOPEZ ;PALMERIM, ANA FILIPA",,2017.0
2003,2007.0,2007.0,2009.0,2017.0,,282,Ecologia,,SPATIAL ECOLOGY OF THE WATER OPOSSUM CHIRONECTES MINIMUS IN ATLANTIC FOREST STREAMS,2016,,10.1016/j.mambio.2016.05.003,Mammalian Biology (Print),16165047,0,,,0,,,"DE SOUZA LEITE, MELINA ;GALLIEZ, MARON ;QUEIROZ, THIAGO LOPES ;FERNANDEZ, FERNANDO A.S.",,2017.0
2003,2007.0,2007.0,2009.0,2017.0,,282,Ecologia,,GAPS AND LIMITATIONS IN THE USE OF RESTORATION SCENARIOS: A REVIEW,2018,,10.1111/rec.12882,RESTORATION ECOLOGY,10612971,26,,6,1108,1119,,"ACOSTA, ANDRE LUIS ;D?ALBERTAS GOMES DE CARVALHO, FRANCISCO ;DE SOUZA LEITE, MELINA ;SARAIVA, ANTONIO MAURO ;METZGER, JEAN PAUL WALTER",,2017.0
2003,2007.0,2007.0,2009.0,2017.0,,282,Ecologia,,TEMPORAL LAG IN ECOLOGICAL RESPONSES TO LANDSCAPE CHANGE: WHERE ARE WE NOW?,2019,,10.1007/s40823-019-00040-w,Current Landscape Ecology Reports,2364494X,4,,3,70,82,,"LIRA, PAULA KOELER ;DE SOUZA LEITE, MELINA ;METZGER, JEAN PAUL",,2017.0
2003,2007.0,2007.0,2009.0,2017.0,,282,Ecologia,,FATORES SOCIOECONOMICOS E A VEGETACAO NATIVA EM IMOVEIS RURAIS NO ESTADO DE SAO PAULO,2020,,10.1590/1809-4422asoc20170309r3vu2020l1ao,AMBIENTE & SOCIEDADE (ONLINE),18094422,23,,,e03093,,,"LEITE, M. S. ;SILVA JR, J. A. ;CALABONI, A. ;IGARI, A.",,2017.0
2003,2007.0,2007.0,2009.0,2017.0,,282,Ecologia,,GLOBAL TREE-RING ANALYSIS REVEALS RAPID DECREASE IN TROPICAL TREE LONGEVITY WITH TEMPERATURE,2020,,10.1073/pnas.2003873117,PROCEEDINGS OF THE NATIONAL ACADEMY OF SCIENCES OF THE UNITED STATES OF AMERICA,278424,117,,52,202003873,33358-33364,,"LOCOSSELLI, GIULIANO MASELLI ;SCHÖNGART, JOCHEN ;BUCKERIDGE, MARCOS ;BRIENEN, ROEL J. W. ;LEITE, MELINA DE SOUZA ;GLOOR, MANUEL ;KROTTENTHALER, STEFAN ;OLIVEIRA, ALEXANDRE A. DE ;BARICHIVICH, JONATHAN ;ANHUF, DIETER ;CECCANTINI, GREGORIO",,2017.0
2003,2007.0,2007.0,2009.0,2017.0,,282,Ecologia,,EM DESTAQUE: CUICA D AGUA CHIRONECTES MINIMUS.,2012,,,MG. Biota,19833687,4,,,56,60,,"GALLIEZ, M. ;LEITE, M. S.;DE SOUZA LEITE, MELINA;LEITE, MELINA DE SOUZA ;FERNANDEZ, F. ;QUEIROZ, T. L. ;PALMEIRIM, A. F. ;AVELATO, H. L. ;MENDONCA, P. P.",,2017.0
2007,2012.0,2016.0,2018.0,2018.0,,240,Botânica,,"THE SEAWEEDS MYRIOGLOEA MAJOR ASENSI (CHORDARIACEA, PHAEOPHYCEAE) AND GAYRALIA OXYSPERMA (KUTZING) K.L. VINOGRADOVA EX SCAGEL ET AL. (ULVOPHYCEAE, CHLOROPHYTA): A CASE OF RANGE EXTENSION IN THE SOUTHWESTERN ATLANTIC OCEAN?",2016,,10.1007/s12526-016-0447-8,Marine Biodiversity: international journal of marine science,18671616,31,,,1,8,,"PELLIZZARI, F. ;VÉLEZ-RUBIO, G. M. ;Cristine-Silva, M. ;CARRANZA, A.",,2018.0
2007,2012.0,2016.0,2018.0,2018.0,,240,Botânica,,"DIVERSITY AND SPATIAL DISTRIBUTION OF SEAWEEDS IN THE SOUTH SHETLAND ISLANDS, ANTARCTICA: AN UPDATED DATABASE FOR ENVIRONMENTAL MONITORING UNDER CLIMATE CHANGE SCENARIOS",2017,,10.1007/s00300-017-2092-5,Polar Biology (Print),7224060,40,,,1,15,,"PELLIZZARI, F. ;SILVA, M. C. ;SILVA, E. M. ;MEDEIROS, A. ;OLIVEIRA, M. C. ;YOKOYA, N. S. ;PUPO, D. ;ROSA, L. H. ;COLEPICOLO, P.",,2018.0
2007,2012.0,2016.0,2018.0,2018.0,,240,Botânica,,"BACKGROUND LEVELS OF TRACE ELEMENTS IN BROWN AND RED SEAWEEDS FROM TRINDADE, A REMOTE ISLAND IN SOUTH ATLANTIC OCEAN",2018,,10.1016/j.marpolbul.2018.08.019,MARINE POLLUTION BULLETIN,0025326X,135,,,923,931,,"SANTOS-SILVA, M.C. ;MACHADO, E.C. ;WALLNER-KERSANACH, M. ;CAMARGO, M.G. ;ANDRADE, C. ;SÁ, F. ;PELLIZZARI, F.",,2018.0
2007,2012.0,2016.0,2018.0,2018.0,,240,Botânica,,NEW RECORDS OF SEAWEEDS AND FILAMENTOUS CYANOBACTERIA FROM TRINDADE ISLAND: AN UPDATED CHECKLIST TO SUPPORT CONSERVATION GUIDELINES AND MONITORING OF ENVIRONMENTAL CHANGES IN THE SOUTHERN ATLANTIC ARCHIPELAGOS,2020,,,SCIENTIA MARINA,2148358,84,,3,1,16,,"PELLIZZARI, FRANCIANE ;OSAKI, V. S. ;Santos-Silva, M. C.",,2018.0
2007,2012.0,2016.0,2018.0,2018.0,,240,Botânica,,"BENTHIC MARINE ALGAE FROM THE INSULAR AREAS OF PARANA, BRAZIL: NEW DATABASE TO SUPPORT THE CONSERVATION OF MARINE ECOSYSTEMS",2014,,10.1590/1676-060320140615183049,Biota Neotropica,16760603,14,,2,1,12,,"PELLIZZARI, FRANCIANE MARIA ;BERNARDI, JULIANE ;SILVA, ELZI MANOELLE ;Silva, Michelle Cristine ;YOKOYA, NAIR S.",,2018.0
2012,2016.0,,,2017.0,,241,Botânica,,SHADOWS OF THE EDGE EFFECTS FOR TROPICAL EMERGENT TREES: THE IMPACT OF LIANAS ON THE GROWTH OF ASPIDOSPERMA POLYNEURON,2018,,10.1007/s00468-018-1696-x,TREES-STRUCTURE AND FUNCTION,9311890,32,,,1,10,,"GODOY-VEIGA, MILENA ;CECCANTINI, GREGÓRIO ;PITSCH, PHILIPP ;KROTTENTHALER, STEFAN ;ANHUF, DIETER ;LOCOSSELLI, GIULIANO MASELLI",,2017.0
2012,2016.0,,,2017.0,,241,Botânica,,IMPROVED TREE-RING VISUALIZATION USING AUTOFLUORESCENCE,2019,,10.1016/j.dendro.2019.03.003,DENDROCHRONOLOGIA,11257865,55,,,33,42,,"GODOY-VEIGA, MILENA ;SLOTTA, FRANZISKA ;ALECIO, PAULA CHRISTIANI ;CECCANTINI, GREGÓRIO ;BUCKERIDGE, MARCOS SILVEIRA ;LOCOSSELLI, GIULIANO MASELLI",,2017.0
2012,2016.0,,,2017.0,,241,Botânica,,TRAJETORIA E RECONSTITUICAO DIGITAL DE UMA CANOA DO MUSEU PAULISTA - USP,2019,,10.1590/1982-02672019v27e18d1,ANAIS DO MUSEU PAULISTA,19820267,27,,,1,41,,"BORREGO, MARIA APARECIDA DE MENEZES ;ANDRADE, BERNARDO LUÍS RODRIGUES DE ;CECCANTINI, GREGÓRIO CARDOSO TÁPIAS ;VEIGA, MILENA DE GODOY ;ESTEVES, FILLIPE ROCHA ;BULLA, PEDRO HENRIQUE ;VALENTE, GABRIEL BUSTANI",,2017.0
2012,2016.0,,,2017.0,,241,Botânica,,"THE VALUE OF CLIMATE RESPONSES OF INDIVIDUAL TREES TO DETECT AREAS OF CLIMATE-CHANGE REFUGIA, A TREE-RING STUDY IN THE BRAZILIAN SEASONALLY DRY TROPICAL FORESTS",2021,,10.1016/j.foreco.2021.118971,FOREST ECOLOGY AND MANAGEMENT,3781127,488,,,118971,,,"GODOY-VEIGA, MILENA ;LOCOSSELLI, GIULIANO MASELLI ;CINTRA, BRUNO BARÇANTE LADVOCAT ;STRÍKIS, NICOLÁS MISAILIDIS ;CRUZ, FRANCISCO WILLIAN ;GROHMANN, CARLOS HENRIQUE ;SANTOS, MATHEUS SIMÕES ;REGEV, LIOR ;BOARETTO, ELISABETTA ;CECCANTINI, GREGÓRIO",,2017.0
2012,2015.0,2016.0,2018.0,2019.0,,311,Fisiologia,,ENTRAINMENT OF CIRCADIAN RHYTHMS TO IRREGULAR LIGHT/DARK CYCLES: A SUBTERRANEAN PERSPECTIVE,2016,,10.1038/srep34264,Scientific Reports,20452322,6,,,34264,,,"FLÔRES, DANILO E. F. L. ;JANNETTI, MILENE G. ;VALENTINUZZI, VERONICA S. ;ODA, GISELE A.",,2019.0
2012,2015.0,2016.0,2018.0,2019.0,,311,Fisiologia,,DAY AND NIGHT IN THE SUBTERRANEAN: MEASURING DAILY ACTIVITY PATTERNS OF SUBTERRANEAN RODENTS (CTENOMYS AFF. KNIGHTI) USING BIO-LOGGING,2019,,10.1093/conphys/coz044,Conservation Physiology,20511434,7,,1,coz044,,,"JANNETTI, MILENE G ;BUCK, C LOREN ;VALENTINUZZI, VERONICA S ;ODA, GISELE A",,2019.0
2012,2015.0,2016.0,2018.0,2019.0,,311,Fisiologia,,TELLING THE SEASONS UNDERGROUND: THE CIRCADIAN CLOCK AND AMBIENT TEMPERATURE SHAPE LIGHT EXPOSURE AND PHOTOPERIODISM IN A SUBTERRANEAN RODENT,2021,,10.3389/fphys.2021.738471,Frontiers in Physiology,1664042X,12,,,738471,,,"FLÔRES, DANILO E. F. L. ;JANNETTI, MILENE G. ;IMPROTA, GIOVANE C. ;TACHINARDI, PATRICIA ;VALENTINUZZI, VERONICA S. ;ODA, GISELE A.",,2019.0
1998,2002.0,2011.0,2013.0,2017.0,,351,Genética,,"QUANTIFYING THE BIODIVERSITY VALUE OF TROPICAL PRIMARY, SECONDARY, AND PLANTATION FORESTS",2007,,10.1073/pnas.0703333104,PNAS. Proceedings of the National Academy of Sciences of the United States of America,278424,104,,47,18555,18560,,"BARLOW, J. ;HOOGMOED, M. S. ;LEITE, R. N. ;LO-MAN-HUNG, N.F.;LO-MAN-HUNG, NANCY FRANÇA;LO-MAN-HUNG, NANCY;LO-MAN-HUNG, NANCY F. ;MALCON, J. R. ;et al. ;GARDNER, T. A. ;ARAUJO, I. S. ;AVILA-PIRES, T.C.S. ;BONALDO, A. B. ;COSTA, J. E. ;FERREIRA, L. V. ;HAWES, J. ;HERNANDEZ, M. I. M.",,2017.0
1998,2002.0,2011.0,2013.0,2017.0,,351,Genética,,THE COST-EFFECTIVENESS OF BIODIVERSITY SURVEYS IN TROPICAL FORESTS,2008,,10.1111/j.1461-0248.2007.01133.x,Ecology Letters,1461023X,11,,2,139,150,,"GARDNER, T. A. ;HERNANDEZ, M. I. M. ;HOOGMOED, M. S. ;LEITE, R. N. ;LO-MAN-HUNG, N.F.;LO-MAN-HUNG, NANCY FRANÇA;LO-MAN-HUNG, NANCY;LO-MAN-HUNG, NANCY F. ;MALCON, J. R. ;MARTINS, M. B. ;MESTRE, L. A. M. ;MIRANDA-SANTOS, R. ;OVERAL, W. L. ;PARRY, L. ;BARLOW, J. ;PETERS, S. L ;RIBEIRO JUNIOR, M. A. ;SILVA, M. N. F. ;MOTTA, C. S. ;PERES, C. ;ARAUJO, I. S. ;AVILA-PIRES, T.C.S. ;BONALDO, A. B. ;COSTA, J. E. ;ESPOSITO, M. C. ;FERREIRA, L. V. ;HAWES, J.",,2017.0
1998,2002.0,2011.0,2013.0,2017.0,,351,Genética,,"THE VALUE OF PRIMARY, SECONDARY, AND PLANTATION FORESTS FOR NEOTROPICAL EPIGEIC ARACHNIDS",2008,,10.1636/CT07-136.1,Journal of Arachnology,1618202,36,,2,394,401,,"LO-MAN-HUNG, N.F.;LO-MAN-HUNG, NANCY FRANÇA;LO-MAN-HUNG, NANCY;LO-MAN-HUNG, NANCY F. ;GARDNER, T. A. ;RIBEIRO JUNIOR, M. A. ;BARLOW, J. ;BONALDO, A. B.",,2017.0
1998,2002.0,2011.0,2013.0,2017.0,,351,Genética,,"FIRST RECORD OF AN ONYCHOPHORAN (ONYCHOPHORA, PERIPATIDAE) FEEDING ON A THERAPHOSID SPIDER (ARANEAE, THERAPHOSIDAE)",2009,,10.1636/ST08-20.1,Journal of Arachnology,1618202,37,,1,116,117,,"DIAS, S. C. ;LO-MAN-HUNG, N.F.;LO-MAN-HUNG, NANCY FRANÇA;LO-MAN-HUNG, NANCY;LO-MAN-HUNG, NANCY F.",,2017.0
1998,2002.0,2011.0,2013.0,2017.0,,351,Genética,,A NEW SPECIES OF RICINULEI OF THE GENUS CRYPTOCELLUS WESTWOOD (ARACHNIDA) FROM NORTHERN BRAZIL,2010,,,Zootaxa (Auckland. Print),11755326,2684,,,63,68,,"TOURINHO, A. L. ;LO-MAN-HUNG, N.F.;LO-MAN-HUNG, NANCY FRANÇA;LO-MAN-HUNG, NANCY;LO-MAN-HUNG, NANCY F. ;BONALDO, A. B.",,2017.0
1998,2002.0,2011.0,2013.0,2017.0,,351,Genética,,"IMPACT OF DIFFERENT LAND MANAGEMENT ON SOIL SPIDERS (ARACHNIDA, ARANEAE) IN TWO AMAZONIAN AREAS IN BRAZIL AND COLOMBIA",2011,,10.1636/CP10-89.1,The Journal of Arachnology,1618202,39,,,296,302,,"LO-MAN-HUNG, N.F.;LO-MAN-HUNG, NANCY FRANÇA;LO-MAN-HUNG, NANCY;LO-MAN-HUNG, NANCY F. ;PRAXEDES, C. ;BROWN, G. ;VELASQUEZ, E. ;DECAENS, T. ;OSZWALD, J. ;MARTINS, M. B. ;LAVELLE, P. ;MARICHAL, R. ;CANDIANI, D.F. ;CARVALHO, L. S. ;INDICATTI, R. P. ;BONALDO, A. B. ;COBO, D. H. R. ;FEIJOO, A. M. ;TSELOUIKO, S.",,2017.0
1998,2002.0,2011.0,2013.0,2017.0,,351,Genética,,"MICROHABITAT USE AND INTRASPECIFIC ASSOCIATIONS IN THE WHIP SPIDER (ARACHNIDA: AMBLYPYGI) IN FOREST FRAGMENTS FORMED BY THE TUCURUI DAM LAKE, PARA, BRAZIL",2012,,10.1080/00222933.2012.654515,Journal of Natural History,222933,46,,,1263,1272,,"CARVALHO, L. S. ;GOMES, J. O. ;NECKEL-OLIVEIRA, S. ;LO-MAN-HUNG, N.F.;LO-MAN-HUNG, NANCY FRANÇA;LO-MAN-HUNG, NANCY;LO-MAN-HUNG, NANCY F.",,2017.0
1998,2002.0,2011.0,2013.0,2017.0,,351,Genética,,"LIST OF SPECIES OF SPIDERS (ARACHNIDA, ARANEAE) FROM THE PICO DA NEBLINA, STATE OF AMAZONAS, BRAZIL",2014,,10.15560/10.5.1044,Check List (São Paulo. Online),1809127X,10,,,1044,1060,,"NOGUEIRA, A. A. ;VENTICINQUE, E. M. ;BRESCOVIT, A. D. ;LO-MAN-HUNG, N.F.;LO-MAN-HUNG, NANCY FRANÇA;LO-MAN-HUNG, NANCY;LO-MAN-HUNG, NANCY F. ;CANDIANI, D.F.",,2017.0
1998,2002.0,2011.0,2013.0,2017.0,,351,Genética,,"PA NEW AMAZONIAN SPECIES OF CRYPTOCELLUS/EM (ARACHNIDA, RICINULEI), /STRONGWITH DESCRIPTIONS OF ITS INTEGUMENTAL STRUCTURES AND ALL FREE-LIVING LIFE STAGES/STRONG/P",2014,,10.11646/zootaxa.3814.1.4,ZOOTAXA (ONLINE),11755334,3814,,1,81,95,,"TOURINHO, ANA LÚCIA ;LO-MAN-HUNG, NANCY FRANÇA ;SALVATIERRA, LIDIANNE",,2017.0
1998,2002.0,2011.0,2013.0,2017.0,,351,Genética,,THE DATABASE OF THE PREDICTS (PROJECTING RESPONSES OF ECOLOGICAL DIVERSITY IN CHANGING TERRESTRIAL SYSTEMS) PROJECT,2017,,10.1002/ece3.2579,Ecology and Evolution,20457758,7,,1,145,188,,"HUDSON, LAWRENCE N. ;BENNETT, DOMINIC J. ;CAGLE, NICOLETTE L. ;CALVIÑO-CANCELA, MARÍA ;CAMERON, SYDNEY A. ;CANCELLO, ELIANA M. ;CAPARRÓS, RUT ;CARDOSO, PEDRO ;CARPENTER, DAN ;CARRIJO, TIAGO F. ;CARVALHO, ANELENA L. ;CASSANO, CAMILA R. ;BOOTH, HOLLIE ;CASTRO, HELENA ;CASTRO-LUNA, ALEJANDRO A. ;ROLANDO, CERDA B. ;CEREZO, ALEXIS ;CHAPMAN, KIM ALAN ;CHAUVAT, MATTHIEU ;CHRISTENSEN, MORTEN ;CLARKE, FRANCIS M. ;CLEARY, DANIEL F.R. ;COLOMBO, GIORGIO ;BURTON, VICTORIA J. ;CONNOP, STUART P. ;CRAIG, MICHAEL D. ;CRUZ-LÓPEZ, LEOPOLDO ;CUNNINGHAM, SAUL A. ;D'ANIELLO, BIAGIO ;D'CRUZE, NEIL ;DA SILVA, PEDRO GIOVÂNI ;DALLIMER, MARTIN ;DANQUAH, EMMANUEL ;DARVILL, BEN ;CHNG, CHARLOTTE W. T. ;DAUBER, JENS ;DAVIS, ADRIAN L. V. ;DAWSON, JEFF ;DE SASSI, CLAUDIO ;DE THOISY, BENOIT ;DEHEUVELS, OLIVIER ;DEJEAN, ALAIN ;DEVINEAU, JEAN-LOUIS ;DIEKÖTTER, TIM ;DOLIA, JIGNASU V. ;CHOIMES, ARGYRIOS ;DOMÍNGUEZ, ERWIN ;DOMINGUEZ-HAYDAR, YAMILETH ;DORN, SILVIA ;DRAPER, ISABEL ;DREBER, NIELS ;DUMONT, BERTRAND ;DURES, SIMON G. ;DYNESIUS, MATS ;EDENIUS, LARS ;EGGLETON, PAUL ;CORREIA, DAVID L. P. ;EIGENBROD, FELIX ;ELEK, ZOLTÁN ;ENTLING, MARTIN H. ;ESLER, KAREN J. ;DE LIMA, RICARDO F. ;FARUK, AISYAH ;FARWIG, NINA ;FAYLE, TOM M. ;FELICIOLI, ANTONIO ;FELTON, ANNIKA M. ;DAY, JULIE ;FENSHAM, RODERICK J. ;FERNANDEZ, IGNACIO C. ;FERREIRA, CATARINA C. ;FICETOLA, GENTILE F. ;FIERA, CRISTINA ;FILGUEIRAS, BRUNO K. C. ;F'R'NC'O'LU, HÜSEYIN K. ;FLASPOHLER, DAVID ;FLOREN, ANDREAS ;FONTE, STEVEN J. ;ECHEVERRÍA-LONDOÑO, SUSY ;FOURNIER, ANNE ;FOWLER, ROBERT E. ;FRANZÉN, MARKUS ;FRASER, LAUCHLAN H. ;FREDRIKSSON, GABRIELLA M. ;FREIRE, GERALDO B. ;FRIZZO, TIAGO L. M. ;FUKUDA, DAISUKE ;FURLANI, DARIO ;GAIGHER, RENÉ ;EMERSON, SUSAN R. ;GANZHORN, JÖRG U. ;GARCÍA, KARLA P. ;GARCIA-R, JUAN C. ;GARDEN, JENNI G. ;GARILLETI, RICARDO ;GE, BAO-MING ;GENDREAU-BERTHIAUME, BENOIT ;GERARD, PHILIPPA J. ;GHELER-COSTA, CARLA ;GILBERT, BENJAMIN ;GAO, DI ;GIORDANI, PAOLO ;GIORDANO, SIMONETTA ;GOLODETS, CARLY ;GOMES, LAURENS G. L. ;GOULD, RACHELLE K. ;GOULSON, DAVE ;GOVE, AARON D. ;GRANJON, LAURENT ;GRASS, INGO ;GRAY, CLAUDIA L. ;NEWBOLD, TIM ;GARON, MORGAN ;GROGAN, JAMES ;GU, WEIBIN ;GUARDIOLA, MOISÈS ;GUNAWARDENE, NIHARA R. ;GUTIERREZ, ALVARO G. ;GUTIÉRREZ-LAMUS, DORIS L. ;HAARMEYER, DANIELA H. ;HANLEY, MICK E. ;HANSON, THOR ;HASHIM, NOR R. ;HARRISON, MICHELLE L. K. ;HASSAN, SHOMBE N. ;HATFIELD, RICHARD G. ;HAWES, JOSEPH E. ;HAYWARD, MATT W. ;HÉBERT, CHRISTIAN ;HELDEN, ALVIN J. ;HENDEN, JOHN-ANDRÉ ;HENSCHEL, PHILIPP ;HERNÁNDEZ, LIONEL ;HERRERA, JAMES P. ;INGRAM, DANIEL J. ;HERRMANN, FARINA ;HERZOG, FELIX ;HIGUERA-DIAZ, DIEGO ;HILJE, BRANKO ;HÖFER, HUBERT ;HOFFMANN, ANKE ;HORGAN, FINBARR G. ;HORNUNG, ELISABETH ;HORVÁTH, ROLAND ;HYLANDER, KRISTOFFER ;JUNG, MARTIN ;ISAACS-CUBIDES, PAOLA ;ISHIDA, HIROAKI ;ISHITANI, MASAHIRO ;JACOBS, CARMEN T. ;JARAMILLO, VÍCTOR J. ;JAUKER, BIRGIT ;HERNÁNDEZ, F. JIMÉNEZ ;JOHNSON, MCKENZIE F. ;JOLLI, VIRAT ;JONSELL, MATS ;KEMP, VICTORIA ;JULIANI, S. NUR ;JUNG, THOMAS S. ;KAPOOR, VENA ;KAPPES, HEIKE ;KATI, VASSILIKI ;KATOVAI, ERIC ;KELLNER, KLAUS ;KESSLER, MICHAEL ;KIRBY, KATHRYN R. ;KITTLE, ANDREW M. ;KIRKPATRICK, LUCINDA ;KNIGHT, MAIRI E. ;KNOP, EVA ;KOHLER, FLORIAN ;KOIVULA, MATTI ;KOLB, ANNETTE ;KONE, MOUHAMADOU ;K'RÖSI, ÁDÁM ;KRAUSS, JOCHEN ;KUMAR, AJITH ;KUMAR, RAMAN ;MARTIN, CALLUM D. ;KURZ, DAVID J. ;KUTT, ALEX S. ;LACHAT, THIBAULT ;LANTSCHNER, VICTORIA ;LARA, FRANCISCO ;LASKY, JESSE R. ;LATTA, STEVEN C. ;LAURANCE, WILLIAM F. ;LAVELLE, PATRICK ;LE FÉON, VIOLETTE ;PAN, YUAN ;LEBUHN, GRETCHEN ;LÉGARÉ, JEAN-PHILIPPE ;LEHOUCK, VALÉRIE ;LENCINAS, MARÍA V. ;LENTINI, PIA E. ;LETCHER, SUSAN G. ;LI, QI ;LITCHWARK, SIMON A. ;LITTLEWOOD, NICK A. ;LIU, YUNHUI ;PASK-HALE, GWILYM D. ;LO-MAN-HUNG, NANCY ;LÓPEZ-QUINTERO, CARLOS A. ;LOUHAICHI, MOUNIR ;LÖVEI, GABOR L. ;LUCAS-BORJA, MANUEL ESTEBAN ;LUJA, VICTOR H. ;LUSKIN, MATTHEW S. ;MACSWINEY G, M CRISTINA ;MAETO, KAORU ;MAGURA, TIBOR ;PYNEGAR, EDWIN L. ;MALLARI, NEIL ALDRIN ;MALONE, LOUISE A. ;MALONZA, PATRICK K. ;MALUMBRES-OLARTE, JAGOBA ;MANDUJANO, SALVADOR ;MÅREN, INGER E. ;MARIN-SPIOTTA, ERIKA ;MARSH, CHARLES J. ;MARSHALL, E. J. P. ;MARTÍNEZ, ELIANA ;CONTU, SARA ;ROBINSON, ALEXANDRA N. ;MARTÍNEZ PASTUR, GUILLERMO ;MORENO MATEOS, DAVID ;MAYFIELD, MARGARET M. ;MAZIMPAKA, VICENTE ;MCCARTHY, JENNIFER L. ;MCCARTHY, KYLE P. ;MCFREDERICK, QUINN S. ;MCNAMARA, SEAN ;MEDINA, NAGORE G. ;MEDINA, RAFAEL ;SANCHEZ-ORTIZ, KATIA ;MENA, JOSE L. ;MICO, ESTEFANIA ;MIKUSINSKI, GRZEGORZ ;MILDER, JEFFREY C. ;MILLER, JAMES R. ;MIRANDA-ESQUIVEL, DANIEL R. ;MOIR, MELINDA L. ;MORALES, CAROLINA L. ;MUCHANE, MARY N. ;MUCHANE, MUCHAI ;SENIOR, REBECCA A. ;MUDRI-STOJNIC, SONJA ;MUNIRA, A. NUR ;MUOÑZ-ALONSO, ANTONIO ;MUNYEKENYE, B. F. ;NAIDOO, ROBIN ;NAITHANI, A. ;NAKAGAWA, MICHIKO ;NAKAMURA, AKIHIRO ;NAKASHIMA, YOSHIHIRO ;NAOE, SHOJI ;SIMMONS, BENNO I. ;NATES-PARRA, GUIOMAR ;NAVARRETE GUTIERREZ, DARIO A. ;NAVARRO-IRIARTE, LUIS ;NDANG'ANG'A, PAUL K. ;NEUSCHULZ, EIKE L. ;NGAI, JACQUELINE T. ;NICOLAS, VIOLAINE ;NILSSON, SVEN G. ;NOREIKA, NORBERTAS ;NORFOLK, OLIVIA ;WHITE, HANNAH J. ;NORIEGA, JORGE ARI ;NORTON, DAVID A. ;NÖSKE, NICOLE M. ;NOWAKOWSKI, A. JUSTIN ;NUMA, CATHERINE ;O'DEA, NIALL ;O'FARRELL, PATRICK J. ;ODURO, WILLIAM ;OERTLI, SABINE ;OFORI-BOATENG, CALEB ;ZHANG, HANBIN ;OKE, CHRISTOPHER OMAMOKE ;OOSTRA, VICENCIO ;OSGATHORPE, LYNNE M. ;OTAVO, SAMUEL EDUARDO ;PAGE, NAVENDU V. ;PARITSIS, JUAN ;PARRA-H, ALEJANDRO ;PARRY, LUKE ;PE'ER, GUY ;PEARMAN, PETER B. ;ABEN, JOB ;PELEGRIN, NICOLÁS ;PÉLISSIER, RAPHAËL ;PERES, CARLOS A. ;PERI, PABLO L. ;PERSSON, ANNA S. ;PETANIDOU, THEODORA ;PETERS, MARCELL K. ;PETHIYAGODA, ROHAN S. ;PHALAN, BEN ;PHILIPS, T. KEITH ;ABRAHAMCZYK, STEFAN ;PILLSBURY, FINN C. ;PINCHEIRA-ULBRICH, JIMMY ;PINEDA, EDUARDO ;PINO, JOAN ;PIZARRO-ARAYA, JAIME ;PLUMPTRE, A. J. ;POGGIO, SANTIAGO L. ;POLITI, NATALIA ;PONS, PERE ;POVEDA, KATJA ;ADUM, GILBERT B. ;POWER, EILEEN F. ;PRESLEY, STEVEN J. ;PROENÇA, VÂNIA ;QUARANTA, MARINO ;QUINTERO, CAROLINA ;RADER, ROMINA ;RAMESH, B. R. ;RAMIREZ-PINILLA, MARTHA P. ;RANGANATHAN, JAI ;RASMUSSEN, CLAUS ;AGUILAR-BARQUERO, VIRGINIA ;REDPATH-DOWNING, NICOLA A. ;REID, J. LEIGHTON ;REIS, YANA T. ;REY BENAYAS, JOSÉ M. ;REY-VELASCO, JUAN CARLOS ;REYNOLDS, CHEVONNE ;RIBEIRO, DANILO BANDINI ;RICHARDS, MIRIAM H. ;RICHARDSON, BARBARA A. ;RICHARDSON, MICHAEL J. ;HILL, SAMANTHA L. L. ;AIZEN, MARCELO A. ;RÍOS, RODRIGO MACIP ;ROBINSON, RICHARD ;ROBLES, CAROLINA A. ;RÖMBKE, JÖRG ;ROMERO-DUQUE, LUZ PIEDAD ;RÖS, MATTHIAS ;ROSSELLI, LORETA ;ROSSITER, STEPHEN J. ;ROTH, DANA S. ;ROULSTON, T'AI H. ;ALBERTOS, BELÉN ;ROUSSEAU, LAURENT ;RUBIO, ANDRÉ V. ;RUEL, JEAN-CLAUDE ;SADLER, JONATHAN P. ;SÁFIÁN, SZABOLCS ;SALDAÑA-VÁZQUEZ, ROMEO A. ;SAM, KATERINA ;SAMNEGÅRD, ULRIKA ;SANTANA, JOANA ;SANTOS, XAVIER ;ALCALA, E. L. ;SAVAGE, JADE ;SCHELLHORN, NANCY A. ;SCHILTHUIZEN, MENNO ;SCHMIEDEL, UTE ;SCHMITT, CHRISTINE B. ;SCHON, NICOLE L. ;SCHÜEPP, CHRISTOF ;SCHUMANN, KATHARINA ;SCHWEIGER, OLIVER ;SCOTT, DAWN M. ;DEL MAR ALGUACIL, MARIA ;SCOTT, KENNETH A. ;SEDLOCK, JODI L. ;SEEFELDT, STEVEN S. ;SHAHABUDDIN, GHAZALA ;SHANNON, GRAEME ;SHEIL, DOUGLAS ;SHELDON, FREDERICK H. ;SHOCHAT, EYAL ;SIEBERT, STEFAN J. ;SILVA, FERNANDO A. B. ;ALIGNIER, AUDREY ;SIMONETTI, JAVIER A. ;SLADE, ELEANOR M. ;SMITH, JO ;SMITH-PARDO, ALLAN H. ;SODHI, NAVJOT S. ;SOMARRIBA, EDUARDO J. ;SOSA, RAMÓN A. ;SOTO QUIROGA, GRIMALDO ;ST-LAURENT, MARTIN-HUGUES ;STARZOMSKI, BRIAN M. ;ANCRENAZ, MARC ;STEFANESCU, CONSTANTI ;STEFFAN-DEWENTER, INGOLF ;STOUFFER, PHILIP C. ;STOUT, JANE C. ;STRAUCH, AYRON M. ;STRUEBIG, MATTHEW J. ;SU, ZHIMIN ;SUAREZ-RUBIO, MARCELA ;SUGIURA, SHINJI ;SUMMERVILLE, KEITH S. ;ANDERSEN, ALAN N. ;SUNG, YIK-HEI ;SUTRISNO, HARI ;SVENNING, JENS-CHRISTIAN ;TEDER, TIIT ;THRELFALL, CARAGH G. ;TIITSAAR, ANU ;TODD, JACQUI H. ;TONIETTO, REBECCA K. ;TORRE, IGNASI ;TÓTHMÉRÉSZ, BÉLA ;ARBELÁEZ-CORTÉS, ENRIQUE ;TSCHARNTKE, TEJA ;TURNER, EDGAR C. ;TYLIANAKIS, JASON M. ;UEHARA-PRADO, MARCIO ;URBINA-CARDONA, NICOLAS ;VALLAN, DENIS ;VANBERGEN, ADAM J. ;VASCONCELOS, HERALDO L. ;VASSILEV, KIRIL ;VERBOVEN, HANS A. F. ;ARMBRECHT, INGE ;VERDASCA, MARIA JOÃO ;VERDÚ, JOSÉ R. ;VERGARA, CARLOS H. ;VERGARA, PABLO M. ;VERHULST, JORT ;VIRGILIO, MASSIMILIANO ;VU, LIEN VAN ;WAITE, EDWARD M. ;WALKER, TONY R. ;WANG, HUA-FENG ;ARROYO-RODRÍGUEZ, VÍCTOR ;WANG, YANPING ;WATLING, JAMES I. ;WELLER, BRITTA ;WELLS, KONSTANS ;WESTPHAL, CATRIN ;WIAFE, EDWARD D. ;WILLIAMS, CHRISTOPHER D. ;WILLIG, MICHAEL R. ;WOINARSKI, JOHN C. Z. ;WOLF, JAN H. D. ;LYSENKO, IGOR ;AUMANN, TOM ;WOLTERS, VOLKMAR ;WOODCOCK, BEN A. ;WU, JIHUA ;WUNDERLE, JOSEPH M. ;YAMAURA, YUICHI ;YOSHIKURA, SATOKO ;YU, DOUGLAS W. ;ZAITSEV, ANDREY S. ;ZEIDLER, JULIANE ;ZOU, FASHENG ;AXMACHER, JAN C. ;COLLEN, BEN ;EWERS, ROB M. ;MACE, GEORGINA M. ;PURVES, DREW W. ;SCHARLEMANN, JÖRN P. W. ;PURVIS, ANDY ;AZHAR, BADRUL ;AZPIROZ, ADRIÁN B. ;BAETEN, LANDER ;BAKAYOKO, ADAMA ;BÁLDI, ANDRÁS ;BANKS, JOHN E. ;BARAL, SHARAD K. ;BARLOW, JOS ;DE PALMA, ADRIANA ;BARRATT, BARBARA I. P. ;BARRICO, LURDES ;BARTOLOMMEI, PAOLA ;BARTON, DIANE M. ;BASSET, YVES ;BATÁRY, PÉTER ;BATES, ADAM J. ;BAUR, BRUNO ;BAYNE, ERIN M. ;BEJA, PEDRO ;PHILLIPS, HELEN R. P. ;BENEDICK, SUZAN ;BERG, ÅKE ;BERNARD, HENRY ;BERRY, NICHOLAS J. ;BHATT, DINESH ;BICKNELL, JAKE E. ;BIHN, JOCHEN H. ;BLAKE, ROBIN J. ;BOBO, KADIRI S. ;BÓÇON, ROBERTO ;ALHUSSEINI, TAMERA I. ;BOEKHOUT, TEUN ;BÖHNING-GAESE, KATRIN ;BONHAM, KEVIN J. ;BORGES, PAULO A. V. ;BORGES, SÉRGIO H. ;BOUTIN, CÉLINE ;BOUYER, JÉRÉMY ;BRAGAGNOLO, CIBELE ;BRANDT, JODI S. ;BREARLEY, FRANCIS Q. ;BEDFORD, FELICITY E. ;BRITO, ISABEL ;BROS, VICENÇ ;BRUNET, JÖRG ;BUCZKOWSKI, GRZEGORZ ;BUDDLE, CHRISTOPHER M. ;BUGTER, ROB ;BUSCARDO, ERIKA ;BUSE, JÖRN ;CABRA-GARCÍA, JIMMY ;CÁCERES, NILTON C.",,2017.0
1998,2002.0,2011.0,2013.0,2017.0,,351,Genética,,OPTIMIZING SURVEY METHODS FOR SPIDERS AND HARVESTMEN ASSEMBLAGES IN AN AMAZONIAN UPLAND FOREST,2018,,10.1016/j.pedobi.2017.11.002,PEDOBIOLOGIA,314056,67,,,35,44,,"TOURINHO, ANA LÚCIA ;DIAS, SIDCLAY C. ;LO-MAN-HUNG, NANCY F. ;PINTO-DA-ROCHA, RICARDO ;BONALDO, ALEXANDRE B. ;BACCARO, FABRICIO B.",,2017.0
1998,2002.0,2011.0,2013.0,2017.0,,351,Genética,,"EVOLUTION OF SPIDERS AND SILK SPINNING: MINI REVIEW OF THE MORPHOLOGY, EVOLUTION, AND DEVELOPMENT OF SPIDERS? SPINNERETS",2020,,10.3389/fevo.2020.00109,FRONTIERS IN ECOLOGY AND EVOLUTION,2296701X,8,,,1,6,,"MARIANO-MARTINS, PEDRO ;LO-MAN-HUNG, NANCY ;TORRES, TATIANA TEIXEIRA",,2017.0
1998,2002.0,2011.0,2013.0,2017.0,,351,Genética,,"A REVISION OF THE NEOTROPICAL GENUS AUSTROHAHNIA MELLO-LEITAO (ARANEAE, HAHNIDAE)",2014,,,Zootaxa (Online),11755334,3894,,1,106,116,,"RUBIO, G. D. ;LO-MAN-HUNG, N.F. ;IURI, H. A.",,2017.0
2010,2013.0,2016.0,2018.0,2018.0,2022.0,242,Botânica,,"ANOMALOUS SCALES OF TILLANDSIA USNEOIDES (L.) L. (BROMELIACEAE) EXPOSED IN THE METROPOLITAN REGION OF CAMPINAS, SP, BRAZIL AS AIR POLLUTION MARKERS",2015,,10.1590/2236-8906-18/rad/2015,Hoehnea,22368906,42,,4,749,757,,"GIAMPAOLI, PATRÍCIA ;CAPELLI, NATALIE DO VALLE ;TAVARES, ARMANDO REIS ;FERNANDES, FRANCINE FAIA ;DOMINGOS, MARISA ;ALVES, EDENISE SEGALA",,2018.0
2010,2013.0,2016.0,2018.0,2018.0,2022.0,242,Botânica,,STIPULES IN APOCYNACEAE: AN ONTOGENETIC PERSPECTIVE,2017,,10.1093/aobpla/plw083,AOB Plants,20412851,9,,1,plw083,,,"DO VALLE CAPELLI, NATALIE ;ALONSO RODRIGUES, BRUNA ;DEMARCO, DIEGO",,2018.0
2010,2013.0,2016.0,2018.0,2018.0,2022.0,242,Botânica,,PHYLOGENY OF SCHINUS L. (ANACARDIACEAE) WITH A NEW INFRAGENERIC CLASSIFICATION AND INSIGHTS INTO EVOLUTION OF SPINESCENCE AND FLORAL TRAITS,2019,,10.1016/j.ympev.2018.10.013,MOLECULAR PHYLOGENETICS AND EVOLUTION,10557903,133,,,302,351,,"SILVA-LUZ, CÍNTIA LUÍZA DA ;PIRANI, JOSÉ RUBENS ;MITCHELL, JOHN DANIEL ;DALY, DOUGLAS ;CAPELLI, NATALIE DO VALLE ;DEMARCO, DIEGO ;PELL, SUSAN K. ;PLUNKETT, GREGORY M.",,2018.0
2010,2013.0,2016.0,2018.0,2018.0,2022.0,242,Botânica,,STINGING TRICHOMES IN APOCYNACEAE AND THEIR EVOLUTION IN ANGIOSPERMS,2021,,10.3390/plants10112324,PLANTS,22237747,10,,11,2324,,,"MEDINA, MARIA CAMILA ;SOUSA-BAENA, MARIANE S. ;CAPELLI, NATALIE DO VALLE ;KOCH, RAQUEL ;DEMARCO, DIEGO",,2018.0
2010,2016.0,2017.0,2019.0,2019.0,,283,Ecologia,,"FIRST RECORDS OF STURNIRA BAKERI VELAZCO &AMP; PATTERSON, 2014 (CHIROPTERA: PHYLLOSTOMIDAE) FROM COLOMBIA",2017,,10.15560/13.2.2091,"CHECK LIST, JOURNAL OF SPECIES LIST AND DISTRIBUTION",1809127X,13,,2,2091,,,"MONTOYA-BUSTAMANTE, SEBASTIÁN ;GONZÁLEZ-CHÁVEZ, BALTAZAR ;ZAPATA-MESA, NATALYA ;OBANDO-CABRERA, LAURA",,2019.0
2010,2016.0,2017.0,2019.0,2019.0,,283,Ecologia,,"LEUCISM IN AKODON AFFINIS (ALLEN, 1912) (RODENTIA: CRICETIDAE)",2017,,10.12933/therya-17-494,THERYA,20073364,8,,3,269,272,,"MONTOYA-BUSTAMANTE, SEBASTIÁN ;ZAPATA-MESA, NATALYA ;MURILLO-GARCÍA, OSCAR E.",,2019.0
2010,2016.0,2017.0,2019.0,2019.0,,283,Ecologia,,TEMPORAL VARIATION IN BAT-FRUIT INTERACTIONS: FORAGING STRATEGIES INFLUENCE NETWORK STRUCTURE OVER TIME,2017,,10.1016/j.actao.2017.09.003,ACTA OECOLOGICA-INTERNATIONAL JOURNAL OF ECOLOGY,1146609X,85,,,9,17,,"ZAPATA-MESA, NATALYA ;MURILLO-GARCÍA, OSCAR E.",,2019.0
2010,2014.0,2015.0,2017.0,2019.0,,390,Zoologia,,HARVESTMEN ARE FEARFUL IN THE LIGHT BUT NOT THE DARKNESS,2019,,10.1636/0161-8202-47.3.396,JOURNAL OF ARACHNOLOGY,1618202,47,,3,396,,,"SEGOVIA, JÚLIO M.G. ;MURAYAMA, GABRIEL P. ;XIMENES, NATHALIA G.",,2019.0
2010,2014.0,2015.0,2017.0,2019.0,,390,Zoologia,,PREY AND PREDATORS PERCEIVE ORB-WEB SPIDER CONSPICUOUSNESS DIFFERENTLY: EVALUATING ALTERNATIVE HYPOTHESES FOR COLOR POLYMORPHISM EVOLUTION,2018,,10.1093/cz/zoy069,Current Zoology,16745507,31,,1,568,576,,"XIMENES, NATHALIA ;GAWRYSZEWSKI, FELIPE M",,2019.0
2010,2014.0,2015.0,2017.0,2019.0,,390,Zoologia,,CONSPICUOUS COLOURS IN A POLYMORPHIC ORB-WEB SPIDER: EVIDENCE OF PREDATOR AVOIDANCE BUT NOT PREY ATTRACTION,2020,,10.1016/j.anbehav.2020.08.022,ANIMAL BEHAVIOUR,33472,169,,,35,43,,"XIMENES, NATHALIA G. ;GAWRYSZEWSKI, FELIPE M.",,2019.0
2010,2014.0,2015.0,2017.0,2019.0,,390,Zoologia,,COLOR LURES IN ORB-WEAVING SPIDERS: A META-ANALYSIS,2020,,10.1093/beheco/arz210,BEHAVIORAL ECOLOGY,10452249,31,,2,568,576,,"ORTEGA, JEAN C G ;MORAES, VINICIUS DE SOUZA ;GAWRYSZEWSKI, FELIPE M ;Ximenes, Nathalia G",,2019.0
2011,2015.0,2016.0,2018.0,2018.0,,391,Zoologia,,"A NEW SPECIES OF BRANCHAMPHINOME (ANNELIDA: AMPHINOMIDAE) FROM THE SOUTH-WESTERN ATLANTIC, WITH AN EMENDATION OF THE GENUS",2017,,10.1017/S0025315417000054,JOURNAL OF THE MARINE BIOLOGICAL ASSOCIATION OF THE UNITED KINGDOM,253154,97,,5,835,842,,"BARROSO, RÔMULO ;RANAURO, NATÁLIA ;KUDENOV, JERRY D.",,2018.0
2011,2015.0,2016.0,2018.0,2018.0,,391,Zoologia,,"ON THE GENUS SABIDIUS STRELZOV, 1973 (ANNELIDA: PARAONIDAE), WITH A REDESCRIPTION OF THE TYPE SPECIES AND THE DESCRIPTION OF A NEW SPECIES",2020,,10.1371/journal.pone.0229717,PLoS One,19326203,15,,3,e0229717,,,"RANAURO, NATÁLIA ;BARROSO, RÔMULO ;CESAR PAIVA, PAULO ;MIGUEL DE MATOS NOGUEIRA, JOÃO",,2018.0
2011,2015.0,2016.0,2018.0,2018.0,,391,Zoologia,,"PTHREE NEW SPECIES OF ARICIDEA/EM (ACMIRA/EM) (ANNELIDA: PARAONIDAE) FROM THE CONTINENTAL SHELF OF EASTERN BRAZIL, SOUTHWESTERN ATLANTIC/STRONG/P",2020,,10.11646/zootaxa.4838.3.6,ZOOTAXA,11755326,4838,,3,415,426,,"BARROSO, R. ;PAIVA, P.C. ;RANAURO, N.",,2018.0
2011,2015.0,2016.0,2018.0,2018.0,,391,Zoologia,,"P CLASS=&QUOT;ZOOTAXATITLE&QUOT;ON POLYCIRRUS CHANGBUNKER/EM SP. NOV. (ANNELIDA: TEREBELLIFORMIA: POLYCIRRIDAE), A NEW SPECIES OF POLYCIRRID WORMS FROM SOUTHWESTERN ATLANTIC/STRONG/P",2020,,10.11646/zoosymposia.19.1.19,Zoosymposia,11789905,19,,1,185,197,,"NOGUEIRA, JOÃO MIGUEL DE MATOS ;VAN DEURSEN, PLINIO FERREIRA ;RANAURO, NATÁLIA ;CARRERETTE, ORLEMIR",,2018.0
2011,2015.0,2016.0,2018.0,2018.0,,391,Zoologia,,"THREE NEW SPECIES OF LEVINSENIA MESNIL, 1897 (ANNELIDA: PARAONIDAE) FROM SHALLOW AND DEEP WATERS OF SOUTHWESTERN ATLANTIC OCEAN",2020,,10.1371/journal.pone.0244741,PLoS One,19326203,15,,12,e0244741,22,,"RANAURO, NATÁLIA ;BARROSO, RÔMULO ;MIGUEL DE MATOS NOGUEIRA, JOÃO",,2018.0
2009,2014.0,2015.0,2017.0,2017.0,,243,Botânica,,CHLOROPHYLL-A FLUORESCENCE IN ECOLOGY: THEORETICAL CONSIDERATIONS AND 607 EXAMPLES AROUND MARINE MACROALGAE,2013,,10.17265/2162-5298/2013.10.002,JOURNAL OF ENVIRONMENTAL SCIENCE AND ENGINEERING,19348932,2,,10,606,615,,"OLIVEIRA, V. P. ;MARTINS, N.T. ;YONESHIGUE-VALENTIN, Y. ;ENRICH-PRAST, A.",,2017.0
2009,2014.0,2015.0,2017.0,2017.0,,243,Botânica,,THE IMPACT OF DIFFERENT PRESERVATION METHODS ON MACROALGAL TISSUE LIGHT ABSORPTANCE VALUES: A CASE STUDY WITH ULVA AUSTRALIS,2014,,10.1016/j.aquabot.2014.08.008,AQUATIC BOTANY,3043770,,,,236,239,,"MARTINS, N.T. ;RUNCIE, J. W. ;GURGEL, C. F. D.",,2017.0
2009,2014.0,2015.0,2017.0,2017.0,,243,Botânica,,BIOREMEDIATION OF NITROGENOUS COMPOUNDS FROM OILFIELD WASTEWATER BY ULVA LACTUCA (CHLOROPHYTA),2016,,10.1080/10889868.2015.1114463,BIOREMEDIATION JOURNAL,10889868,20,,,1,9,,"OLIVEIRA, V. P. ;NUNO T. MARTINS ;GUEDES, P. S. ;POLLERY, R. C. G. ;ENRICH-PRAST, A.",,2017.0
2009,2014.0,2015.0,2017.0,2017.0,,243,Botânica,,THE ULVA SPP. CONUNDRUM: WHAT DOES THE ECOPHYSIOLOGY OF SOUTHERN ATLANTIC SPECIMENS TELL US?,2019,,10.1155/2019/5653464,JOURNAL OF MARINE BIOLOGY,16879481,2019,,,1,6,,"OLIVEIRA, VINÍCIUS PERUZZI ;IGNACIO, BARBARA LAGE ;MARTINS, NUNO TAVARES ;DOBLER, LETÍCIA ;ENRICH-PRAST, ALEX",,2017.0
2009,2014.0,2015.0,2017.0,2017.0,,243,Botânica,,THE EFFECTS OF PHOSPHATE ON PHYSIOLOGICAL RESPONSES AND CARBOHYDRATE PRODUCTION IN (CHLOROPHYTA) FROM UPWELLING AND NON-UPWELLING SITES,2021,,10.1515/bot-2020-0051,Botanica Marina,14374323,64,,1,1,11,,"FIGUEIRA, TIPHANE ANDRADE ;MARTINS, NUNO TAVARES ;AYRES-OSTROCK, LÍGIA ;PLASTINO, ESTELA M. ;ENRICH-PRAST, ALEX ;OLIVEIRA, VINÍCIUS PERUZZI DE",,2017.0
2009,2014.0,2015.0,2017.0,2017.0,,243,Botânica,,"PFIRST RECORD OF MIKROSYPHAR ZOSTERAE/EM/STRONG /EM(CHORDARIACEAE, PHAEOPHYCEAE)/STRONG /EMIN THE SOUTHERN HEMISPHERE AND AS/STRONG /EMAN/STRONG /EMENDOPHYTE IN/STRONG /EM&LT",2021,,10.11646/phytotaxa.497.2.4,Phytotaxa,11793155,497,,2,113,126,,"MARTINS, NUNO T. ;GURGEL, CARLOS FREDERICO D. ;SPOKES, TRACEY M. ;CASSANO, VALÉRIA",,2017.0
2009,2014.0,2015.0,2017.0,2017.0,,243,Botânica,,"COLPOMENIA SPECIES FROM SOUTH AND SOUTH-EASTERN AUSTRALIA (ECTOCARPALES, PHAEOPHYCEAE): A DNA BARCODING APPROACH",2021,,10.1071/sb21021,AUSTRALIAN SYSTEMATIC BOTANY,10301887,,,,587,594,,"Nuno Tavares Martins ;GURGEL, C. F. D. ;SPOKES, TRACEY M. ;CASSANO, VALÉRIA",,2017.0
2009,2014.0,2015.0,2017.0,2017.0,,243,Botânica,,"PHYLOGEOGRAPHY OF COLPOMENIA SINUOSA (ECTOCARPALES, PHAEOPHYCEAE) ALONG THE BRAZILIAN COAST",2022,,,Journal of Phycology,15298817,,,,,,,"MARTINS, NUNO T. ;CASSANO, VALÉRIA ;GURGEL, C. F. D.",,2017.0
2007,2011.0,2013.0,2015.0,2018.0,,284,Ecologia,,"ANALISE COMPARATIVA DE DUAS FORMACOES VEGETACIONAIS E SEU ECOTONO, MIRANDA, MS",2011,,,SEMINA: CÊNCIAS BIOLÓGICAS E DA SAÚDE,16765435,32,,,213-222,,,"MOTA, M. C. ;SANTANA, P. C. ;HERTEL, M. F. ;FRIOL, N. R. ;CAVARIANI, M. M. ;MEIRA FILHO, M. R. C. ;TOREZAN, J. M. D.",,2018.0
2007,2011.0,2013.0,2015.0,2018.0,,284,Ecologia,,SEED RAIN IN A RESTORATION SITE AND IN AN ADJACENT REMNANT OF SEASONAL ATLANTIC FOREST,2020,,10.5902/1980509835151,CIENCIA FLORESTAL,1039954,30,,,1230,1244,,"VINDICA, V. F. ;BARGOENA, L. R. ;SANTANA, P. C. ;PIMENTA, J. A. ;CAVALHEIRO, A. L. ;TOREZAN, J. M. D. ;Bianchini, E.",,2018.0
2007,2011.0,2013.0,2015.0,2018.0,,284,Ecologia,,GENETIC CORRELATIONS AND ECOLOGICAL NETWORKS SHAPE COEVOLVING MUTUALISMS,2020,,10.1111/ele.13605,Ecology Letters,14610248,23,,7,ele.13605,,,"ASSIS, ANA PAULA A. ;THOMPSON, JOHN N. ;Santana, Pamela Cristina ;JORDANO, PEDRO ;BASCOMPTE, JORDI ;GUIMARÃES, PAULO R.",,2018.0
2007,2011.0,2013.0,2015.0,2018.0,,284,Ecologia,,INTRAFLORAL COLOR MODULARITY IN A BEE-POLLINATED ORCHID,2020,,10.3389/fpls.2020.589300,Frontiers in Plant Science,1664462X,11,,,1,9,,"AGUIAR, J. M. R. B. V. ;MACIEL, A. ;SANTANA, P. C. ;TELLES, F. J. ;BERGAMO, P. J. ;OLIVEIRA, P. E. ;BRITO, V. L. G.",,2018.0
2007,2011.0,2013.0,2015.0,2018.0,,284,Ecologia,,"THALIA GENICULATA L. (MARANTACEAE): A PLANT THAT PRODUCES A PSEUDANTHIUM WITH TWO FLOWERS, TWO OVARIES BUT JUST ONE FRUIT.",2019,,10.4257/oeco.2019.2304.28,Oecologia Australis,21776199,23,,4,1083,1090,,"SANTANA, P. C. ;RECH, A. R. ;MONTOYA-PFEIFFER, P. ;AMAYA-MARQUEZ, M.",,2018.0
2012,2018.0,2018.0,2020.0,,,312,Fisiologia,,"O PERFIL DE SENSIBILIZACAO ACERCA DO DESCARTE E REUTILIZACAO DE RESIDUOS SOLIDOS NA CIDADE UNIVERSITARIA, UNIVERSIDADE FEDERAL DO MARANHAO",2015,,,"Revista Eletrônica em Gestão, Educação e Tecnologia Ambiental",22361170,19,,1,152,159,,"FIGUEIREDO, A. Q. S. ;DUTRA, I. L. ;SILVA, J. U. ;FEITOSA, L. M. ;TROVAO, L. O. ;MARTINS, L. P. ;LIMA, L. S. ;FERREIRA, M. A. M. ;BELFORT, M. R. C. ;OLIVEIRA, O. C. C. ;GARCIA NETO, P. G.;GARCIA NETO, PATRÍCIO GETÚLIO ;MENDES, M. B. P. ;BRANDAO, R. A. ;LIMA, R. R. ;AZEVEDO, G. G. ;NASCIMENTO, A. D. ;VALE, A. A. M. ;PAIVA, B. H. I. ;SARAIVA JUNIOR, C. C. F. ;PEREIRA, D. M. ;ARAUJO JUNIOR, E. C. ;LIMA, G. P.",,2020.0
2012,2018.0,2018.0,2020.0,,,312,Fisiologia,,LEUKOCYTE PROFILES OF TWO NEOTROPICAL ANURAN SPECIES AFFECTED BY ANTHROPOGENIC HABITAT ALTERATION,2020,,10.1111/acv.12564,Animal Conservation,14691795,23,,,524,532,,"GARCIA NETO, P. G.;GARCIA NETO, PATRÍCIO GETÚLIO ;NOWAKOWSKI, A. J. ;SILVA, A. F. C. ;OLIVEIRA, O. C. C. ;GUERRA, R. N. M. ;ANDRADE, G. V.",,2020.0
2012,2018.0,2018.0,2020.0,,,312,Fisiologia,,"LIPOPOLYSACCHARIDE REGULATES PRO- AND ANTI-INFLAMMATORY CYTOKINES, CORTICOSTERONE, AND MELATONIN IN TOADS",2021,,10.1093/iob/obab025,Integrative Organismal Biology,25174843,3,,1,1,13,,"FERREIRA, L. F. ;GARCIA NETO, P. G. ;TITON, S. C. M. ;TITON JR, B. ;MUXEL, S. M. ;GOMES, F. R. ;ASSIS, V. R.",,2020.0
2012,2018.0,2018.0,2020.0,,,312,Fisiologia,,HORMONAL DAILY VARIATION CO-VARIES WITH IMMUNITY IN CAPTIVE MALE BULLFROGS (LITHOBATES CATESBEIANUS),2021,,10.1016/j.ygcen.2020.113702,GENERAL AND COMPARATIVE ENDOCRINOLOGY,166480,303,,,113702,8,,"TITON, STEFANNY CHRISTIE MONTEIRO ;MARKUS, REGINA P. ;TITON JUNIOR, BRAZ ;ASSIS, VANIA REGINA ;VASCONCELOS-TEIXEIRA, RONYELLE ;GARCIA NETO, PATRÍCIO GETÚLIO ;LIMA, ALAN SIQUEIRA ;FERREIRA, LETÍCIA DE FRANÇA ;FERNANDES, PEDRO A. ;GOMES, FERNANDO RIBEIRO",,2020.0
2009,2013.0,2015.0,2017.0,2018.0,,352,Genética,,CONSERVED NUMTS MASK A HIGHLY DIVERGENT MITOCHONDRIAL- COI GENE IN A SPECIES COMPLEX OF AUSTRALIAN STINGLESS BEES TETRAGONULA (HYMENOPTERA: APIDAE),2019,,10.1080/24701394.2019.1665036,Mitochondrial DNA Part A,24701394,30,,7,806,817,,"FRANÇOSO, ELAINE ;ZUNTINI, ALEXANDRE RIZZO ;RICARDO, PAULO CSERI ;SILVA, JOÃO PAULO NALDI ;BRITO, RUTE ;OLDROYD, BENJAMIN P. ;ARIAS, MARIA CRISTINA",,2018.0
2009,2013.0,2015.0,2017.0,2018.0,,352,Genética,,FIDELITY OF DNA POLYMERASES IN THE DETECTION OF INTRAINDIVIDUAL VARIATION OF MITOCHONDRIAL DNA,2020,,10.1080/23802359.2019.1697188,Mitochondrial DNA Part B-Resources,23802359,5,,1,108,112,,"RICARDO, PAULO CSERI ;FRANÇOSO, ELAINE ;ARIAS, MARIA CRISTINA",,2018.0
2009,2013.0,2015.0,2017.0,2018.0,,352,Genética,,MITOCHONDRIAL DNA INTRA-INDIVIDUAL VARIATION IN A BUMBLEBEE SPECIES: A CHALLENGE FOR EVOLUTIONARY STUDIES AND MOLECULAR IDENTIFICATION,2020,,10.1016/j.mito.2020.06.007,MITOCHONDRION,15677249,53,,,243,254,,"RICARDO, PAULO CSERI ;FRANÇOSO, ELAINE ;ARIAS, MARIA CRISTINA",,2018.0
2009,2013.0,2015.0,2017.0,2018.0,,352,Genética,,EVOLUTIONARY PERSPECTIVES ON BEE MTDNA FROM MITO-OMICS ANALYSES OF A SOLITARY SPECIES,2020,,10.1007/s13592-020-00740-x,APIDOLOGIE,448435,51,,4,531,544,,"FRANÇOSO, ELAINE ;DE SOUZA ARAUJO, NATALIA ;RICARDO, PAULO CSERI ;SANTOS, PRISCILA KARLA FERREIRA ;ZUNTINI, ALEXANDRE RIZZO ;ARIAS, MARIA CRISTINA",,2018.0
2009,2013.0,2015.0,2017.0,2018.0,,352,Genética,,"ISOLATION AND CHARACTERIZATION OF MICROSATELLITE MARKERS IN TWO SPECIES OF THE NEOTROPICAL EPICHARIS (HYMENOPTERA, APIDAE, CENTRIDINI) GENUS AND CROSS-AMPLIFICATION IN RELATED SPECIES",2021,,10.1007/s11033-020-06076-0,MOLECULAR BIOLOGY REPORTS,15734978,1,,,1,,,"SOUZA-SHIBATTA, LENICE ;RICARDO, PAULO C. ;PINA, WELBER C. ;FLARESSO-NETO, VILMAR ;FREIRIA, GABRIELE A. ;KOTELOK-DINIZ, THAIS ;GAGLIANONE, MARIA C. ;ARIAS, MARIA C. ;SOFIA, SILVIA H.",,2018.0
2009,2013.0,2015.0,2017.0,2018.0,,352,Genética,,"MICROSATELLITE RECORDS FOR VOLUME 8, ISSUE 2",2016,,10.1007/s12686-016-0549-4,Conservation Genetics Resources (Print),18777252,8,,2,169,196,,"ALMOJIL, DAREEN ;GONZÁLEZ-ORTEGÓN, E. ;GONZÁLEZ-TIZÓN, A. M. ;GUI, LINSHENG ;GUO, HUAYANG ;GUO, HONGFANG ;HALE, MARIE L. ;JIANG, SHIGUI ;JONES, KENNETH L. ;LANCE, STACEY L. ;LEI, YI ;ARIAS, MARIA CRISTINA ;LI, JIUXUAN ;LI, XIAOYAN ;LI, HAOTIAN ;LI, CHUANWU ;LI, XIAOYING ;LI, JIALE ;LIAN, ZONGQIANG ;LIANG, ZHIQIANG ;LINDGREEN, STINUS ;LIU, TIANTIAN ;BEASLEY, ROCHELLE R. ;LIU, MINGQIU ;LIU, ZHIHONG ;LIU, XIAOJUN ;LU, YONGQIANG ;LV, TIANSHU ;MA, QINGZHAN ;MA, WENMING ;MARTÍNEZ-LAGE, A. ;MASSARO, MELANIE ;NIU, DONGHONG ;CHEN, YIYONG ;PERINA, A. ;RAMALHO, MAURO ;RICARDO, PAULO CSERI ;RICE, STEPHEN E. ;SANTOS, PRISCILA KARLA FERREIRA ;SHA, WEILAI ;SILVA, MAISE ;SONG, ZHAOBIN ;SUN, XIUJUN ;VIZCAÍNO, A. ;CLARK, RULON W. ;WANG, YANING ;WANG, XIAOYU ;WANG, CHONGRUI ;WANG, CHENGHE ;WEI, DAWEI ;WU, XUDONG ;WU, BIAO ;XIANG, XING ;XUE, SHUYU ;YANG, AIGUO ;DONG, YINGHUI ;YUAN, XIPING ;ZAN, LINSEN ;ZHAN, AIBIN ;ZHANG, NAN ;ZHANG, DIANCHANG ;ZHANG, HUANXIN ;ZHANG, JIUPAN ;ZHANG, LE ;ZHANG, GUANGMING ;ZHANG, HONGHAI ;DONG, ZHIGUO ;ZHANG, ZAIYONG ;ZHAO, CHAO ;ZHOU, YU ;ZHOU, LIQING ;ZHU, KECHENG ;ZHU, WANCHAO ;FORSDICK, NATALIE ;FRANÇOSO, ELAINE",,2018.0
1992,1996.0,1998.0,2004.0,2016.0,,313,Fisiologia,,"MEDICINAL ANIMALS USED IN ETHNOVETERINARY PRACTICES OF THE 'CARIRI PARAIBANO', NE BRAZIL",2011,,10.1186/1746-4269-7-30,Journal of Ethnobiology and Ethnomedicine,17464269,7,,,30,,,"Souto, Wedson MS ;Alves, Rômulo RN ;Mourão, José S ;Barboza, Raynner RD ;Mendonça, Lívia ET ;Lucena, Reinaldo FP ;Confessor, Maine VA ;Vieira, Washington LS ;Montenegro, Paulo FGP ;Lopez, Luiz CS",,2008.0
1992,1996.0,1998.0,2004.0,2016.0,,313,Fisiologia,,A REVIEW ON HUMAN ATTITUDES TOWARDS REPTILES IN BRAZIL,2011,,10.1007/s10661-011-2465-0,Environmental Monitoring and Assessment (Print),1676369,xx,,,1,25,,"Alves, Rômulo Romeu Nóbrega ;Vieira, Kleber Silva ;Santana, Gindomar Gomes ;Vieira, Washington Luiz Silva ;Almeida, Waltécio Oliveira ;Souto, Wedson Medeiros Silva ;Montenegro, Paulo Fernando Guedes Pereira ;Pezzuti, Juarez Carlos Brito",,2008.0
1992,1996.0,1998.0,2004.0,2016.0,,313,Fisiologia,,"BREVE REVISAO SOBRE USO DA FAUNA MEDICINAL NO BRASIL: ASPECTOS HISTORICOS, FARMACOLOGICOS E CONSERVACIONISTAS",2011,,,Sitientibus. Série Ciências Biológicas,15196097,11,,2,201,210,,"SOUTO, W. M. S. ;VIEIRA, W. L. S. ;MONTENEGRO, P. F. G. P. ;ALVES, H. N. ;Alves, Rômulo Romeu Nóbrega",,2008.0
1992,1996.0,1998.0,2004.0,2016.0,,313,Fisiologia,,TRACHYCEPHALUS ATLAS (BOKERMAN`S CASQUE-HEADED TREE-FROG) GEOGRAPHIC DISTRIBUTION,2011,,,Herpetological Review,0018084X,42,,3,387,387,,"VIEIRA, W. L. S. ;SANTANA, G. G. ;NÓBREGA, R. P. ;Vieira, Kleber Silva ;MONTENEGRO, P. F. G. P.",,2008.0
1992,1996.0,1998.0,2004.0,2016.0,,313,Fisiologia,,A ZOOLOGICAL CATALOGUE OF HUNTED REPTILES IN THE SEMIARID REGION OF BRAZIL,2012,,10.1186/1746-4269-8-27,Journal of Ethnobiology and Ethnomedicine,17464269,8,,1,27,,,"NÓBREGA ALVES, RÔMULO ;PEREIRA FILHO, GENTIL ;SILVA VIEIRA, KLEBER ;SILVA SOUTO, WEDSON ;MENDONÇA, LÍVIA EMANUELLE ;MONTENEGRO, PAULOFERNANDOGUEDESPEREIRA ;ALMEIDA, WALTÉCIO DE ;SILVA VIEIRA, WASHINGTON",,2008.0
1992,1996.0,1998.0,2004.0,2016.0,,313,Fisiologia,,"PHIMOPHIS GUERINI (DUMERIL, BIBRON AND DUMERIL, 1854) (SERPENTES: DIPSADIDAE): DISTRIBUTION EXTENSION IN PARAIBA, BRAZIL",2012,,,Check List (São Paulo. Online),1809127X,8,,8,966,,,"PEREIRA FILHO, G. A. ;SANTANA, G. G. ;VIEIRA, W. L. S. ;Alves, Rômulo Romeu Nóbrega ;MONTENEGRO, P. F. G. P. ;FREITAS, M. A.",,2008.0
1992,1996.0,1998.0,2004.0,2016.0,,313,Fisiologia,,STUDENTS' ATTITUDES TOWARD AND KNOWLEDGE ABOUT SNAKES IN THE SEMIARID REGION OF NORTHEASTERN BRAZIL,2014,,10.1186/1746-4269-10-30,Journal of Ethnobiology and Ethnomedicine,17464269,10,,1,30,,,"Alves, Rômulo RN ;Montenegro, Paulo FGP ;Vieira, Washington LS ;Souto, Wedson MS ;SILVA, VANESSA N ;TROVÃO, DILMA MBM ;OLIVEIRA, JOSÉ V ;Mourão, José S ;DIAS, THELMA LP ;ALVES, ÂNGELO GIUSEPPE CHAVES ;LUCENA, REINALDO FARIAS PAIVA ;Barboza, Raynner RD",,2008.0
1992,1996.0,1998.0,2004.0,2016.0,,313,Fisiologia,,SPECIES RICHNESS AND EVIDENCE OF RANDOM PATTERNS IN ASSEMBLAGES OF SOUTH AMERICAN TITANOSAURIA DURING THE LATE CRETACEOUS (CAMPANIAN-MAASTRICHTIAN),2014,,10.1371/journal.pone.0108307,Plos One,19326203,9,,9,e108307,8,,"Vieira, Washington Luiz Silva ;Vieira, Kleber Silva ;NÓBREGA, RÔMULO PANTOJA ;MONTENEGRO, PAULO FERNANDES GUEDES PEREIRA ;PEREIRA FILHO, GENTIL ALVES ;Santana, Gindomar Gomes ;Alves, Rômulo Romeu Nóbrega ;Almeida, Waltécio Oliveira ;VASCONCELLOS, ALEXANDRE",,2008.0
1992,1996.0,1998.0,2004.0,2016.0,,313,Fisiologia,,MEGASCOPS CHOLIBA (STRIGIFORMES:STRIGIDAE) PREDATION ON SCINAX X-SIGNATUS (ANURA: HYLIDAE) IN THE SEMIARID NORTHEASTERN BRAZIL,2015,,,Herpetology Notes,20715773,8,,,275,276,,"VIEIRA, W. L. S. ;BEZERRA, D. M. M. ;Vieira, Kleber Silva ;SANTANA, G. G. ;MONTENEGRO, P. F. G. P. ;Alves, Rômulo RN",,2008.0
1992,1996.0,1998.0,2004.0,2016.0,,313,Fisiologia,,"GEOGRAPHIC DISTRIBUTION OF PRISTIMANTIS VINHAI (BOKERMANN, 1975) (ANURA, CRAUGASTORIDAE: CEUTHOMANTINAE) IN THE BRAZILIAN ATLANTIC FOREST",2016,,10.1590/1519-6984.19914,Brazilian Journal of Biology (Online),16784375,76,,ahead,548,550,,"SANTANA, G. G. ;AMORIM, F. O. ;SANTOS, E. M. ;VIEIRA, K. S. ;VIEIRA, W. L. S. ;MONTENEGRO, P. F. G. P. ;ALVES, R. R. N.",,2008.0
1992,1996.0,1998.0,2004.0,2016.0,,313,Fisiologia,,EFFECT OF CLIMATE CHANGE ON DISTRIBUTION OF SPECIES OF COMMON HORNED FROGS IN SOUTH AMERICA,2018,,10.1371/journal.pone.0202813,PLoS One,19326203,13,,9,e0202813,,,"Vieira, Kleber Silva ;Montenegro, Paulo Fernandes Guedes ;Santana, Gindomar Gomes ;VIEIRA, WASHINGTON LUIZ DA SILVA",,2008.0
1992,1996.0,1998.0,2004.0,2016.0,,313,Fisiologia,,"GEOGRAPHIC DISTRIBUTION OF GASTROTHECA FISSIPES (BOULENGER, 1888) (ANURA: HEMIPHRACTIDAE) IN THE BRAZILIAN ATLANTIC FOREST",2015,,10.1590/1519-6984.21314,Brazilian Journal of Biology (Online),16784375,75,,4,255,257,,"SANTANA, G. G. ;TORQUATO, S. ;VIEIRA, K. S. ;VIEIRA, W. L. S. ;MONTENEGRO, P. F. G. P. ;AMORIM, F. O. ;SANTOS, E. M. ;VASCONCELLOS, A. ;ALVES, R. R. N.",,2008.0
2011,2016.0,2017.0,2019.0,2019.0,,392,Zoologia,,"MORPHOLOGICAL COMPARISON BETWEEN DORYTEUTHIS PLEII AND D. SANPAULENSIS(CEPHALOPODA, MYOPSIDA, LOLIGINIDAE) FROM BRAZIL",2020,,10.11606/1807-0205/2020.60.01,PAPÉIS AVULSOS DE ZOOLOGIA (ONLINE),18070205,60,,20206001,1,14,,"MIGLIAVACCA, PP ;SIMONE, L. R. L.",,2019.0
2011,2016.0,2017.0,2019.0,2019.0,,392,Zoologia,,"FACIAL AND GILL MUSCULATURE OF POLYNEMID FISHES, WITH NOTES ON THEIR POSSIBLE RELATIONSHIPS WITH SCIAENIDS (PERCOMORPHACEA: PERCIFORMES)",2020,,10.1002/JMOR.21134,Journal of Morphology,10974687,281,,6,662,675,,"PRESTI, P. ;JOHNSON, G. D. ;Datovo, A.",,2019.0
2011,2016.0,2017.0,2019.0,2019.0,,392,Zoologia,,ANATOMY AND EVOLUTION OF THE PECTORAL FILAMENTS OF THREADFINS (POLYNEMIDAE),2020,,10.1038/s41598-020-74896-y,Scientific Reports,20452322,10,,1,1,15,,"PRESTI, PAULO ;JOHNSON, G. DAVID ;DATOVO, ALÉSSIO",,2019.0
2011,2016.0,2017.0,2019.0,2019.0,,392,Zoologia,,ALIPIANAS: ANTONIA AMARAL CAMPOS,2021,,,BOLETIM - SOCIEDADE BRASILEIRA DE ICTIOLOGIA,18081436,136,,,70,78,,"DOPAZO, M. ;DUTRA, G. M. ;Pastana, M. ;PRESTI, P. ;Trevisan, J.P. ;SOARES, K.",,2019.0
2011,2016.0,2017.0,2019.0,2019.0,,392,Zoologia,,PEIXE DA VEZ _X0096_ GRAMMA BRASILIENSIS,2021,,,BOLETIM - SOCIEDADE BRASILEIRA DE ICTIOLOGIA,18081436,137,,,16,19,,"Trevisan, J.P. ;PRESTI, P. ;DUTRA, G. M. ;DOPAZO, M. ;Pastana, M.",,2019.0
2011,2016.0,2015.0,2018.0,2018.0,,314,Fisiologia,,DIVISION OF LABOR IN WORK SHIFTS BY LEAF-CUTTING ANTS,2021,,10.1038/s41598-021-88005-0,Scientific Reports,20452322,11,,1,8737,,,"CONSTANTINO, PEDRO B. ;VALENTINUZZI, VERONICA S. ;HELENE, ANDRÉ F.",,2018.0
2010,2013.0,2014.0,2016.0,2016.0,,353,Genética,,REMATING IN ANASTREPHA SP.1 AFF. FRATERCULUS (DIPTERA: TEPHRITIDAE): AN ANALYSIS USING ROSE MUTATION,2018,,,JOURNAL OF AGRICULTURAL SCIENCE AND TECHNOLOGY A,21616256,6,,,364,,,"VICARI, P. E. ;PERONDINI, A. L. P. ;SELIVON, D.",,2016.0
2010,2013.0,2014.0,2016.0,2016.0,,353,Genética,,"PARENTAL RNAI SILENCING OF THE TRANSFORMER-2 GENE IN A SPECIES OF THE ANASTREPHA FRATERCULUS COMPLEX OF CRYPTIC SPECIES (DIPTERA, TEPHRITIDAE)",2021,,10.5539/jas.v13n10p70,Journal of Agricultural Science,19169760,13,,10,70,,,"VICARI, PIETRO E. ;CHANG, ESTHER S. ;PERONDINI, ANDRÉ L. P. ;SELIVON, DENISE",,2016.0
2004,2008.0,,,2018.0,,285,Ecologia,,ON THE NEED OF LEGAL FRAMEWORKS FOR ASSESSING RESTORATION PROJECTS SUCCESS: NEW PERSPECTIVES FROM SAO PAULO STATE (BRAZIL),2015,,10.1111/rec.12267,Restoration Ecology,10612971,23,,6,754,759,,"CHAVES, Rafael B. ;DURIGAN, GISELDA ;BRANCALION, PEDRO H. S. ;ARONSON, JAMES",,2018.0
2004,2008.0,,,2018.0,,285,Ecologia,,PROTOCOL FOR MONITORING TROPICAL FOREST RESTORATION,2017,,10.1177/1940082917697265,Tropical Conservation Science,19400829,10,,,194008291769726,,,"VIANI, RICARDO A. G. ;HOLL, KAREN D. ;PADOVEZI, AURELIO ;STRASSBURG, BERNARDO B. N. ;FARAH, FABIANO T. ;GARCIA, LETÍCIA C. ;CHAVES, Rafael B. ;RODRIGUES, RICARDO R. ;BRANCALION, PEDRO H. S.",,2018.0
2004,2008.0,,,2018.0,,285,Ecologia,,MANILA DECLARATION ON FOREST AND LANDSCAPE RESTORATION: MAKING IT HAPPEN,2020,,10.3390/f11060685,Forests,19994907,11,,6,685,,,"CHAZDON, ROBIN L. ;HALLETT, JAMES G. ;NEIDEL, J. DAVID ;WATSON, CATHY ;GUTIERREZ, VICTORIA ;HERBOHN, JOHN ;MUKUL, SHARIF A. ;GREGORIO, NESTOR ;OTA, LIZ ;HARRISON, RHETT D. ;DURST, PATRICK B. ;CHAVES, Rafael B. ;PASA, ARTURO",,2018.0
2004,2008.0,,,2018.0,,285,Ecologia,,THERE IS HOPE FOR ACHIEVING AMBITIOUS ATLANTIC FOREST RESTORATION COMMITMENTS,2019,,10.1016/j.pecon.2019.04.003,Perspectives in Ecology and Conservation,25300644,17,,2,80,83,,"CROUZEILLES, RENATO ;MATSUMOTO, MARCELO H. ;PADOVEZI, AURELIO ;BENINI, RUBENS DE M. ;CHAVES, Rafael B. ;METZKER, THIAGO ;FERNANDES, RAFAEL B. ;SCARANO, FABIO R. ;SCHMITT, JAIR ;LUI, GABRIEL ;CHRIST, PEDRO ;SANTIAMI, EDSON ;VIEIRA, RODRIGO M. ;SENTA, MATEUS M.D. ;MALAGUTI, GUSTAVO A. ;STRASSBURG, BERNARDO B.N. ;PINTO, SEVERINO ;ROSA, MARCOS ;PUGLIESE, LUDMILA ;BRANCALION, PEDRO H.S. ;RODRIGUES, RICARDO R. ;METZGER, JEAN P. ;CALMON, MIGUEL ;SCARAMUZZA, CARLOS A. DE M.",,2018.0
2012,2017.0,2017.0,2020.0,,,286,Ecologia,,EVALUATION OF MODELS CAPACITY TO PREDICT SIZE SPECTRA PARAMETERS IN ECOSYSTEMS UNDER STRESS,2017,,10.1016/j.ecolind.2017.04.017,ECOLOGICAL INDICATORS,1470160X,79,,,114,121,,"DOS SANTOS, RAFAEL MENEZES ;HILBERS, JELLE PETER ;HENDRIKS, AALBERT JAN",,2021.0
2012,2017.0,2017.0,2020.0,,,286,Ecologia,,IN RESPONSE TO -AN ALLOMETRIC TRAGEDY OF THE COMMONS: RESPONSE TO THE ARTICLE `EVALUATION OF MODELS CAPACITY TO PREDICT SIZE SPECTRA PARAMETERS IN ECOSYSTEMS UNDER STRESS?-,2018,,10.1016/j.ecolind.2018.04.037,ECOLOGICAL INDICATORS,1470160X,97,,,2018.04.037,,,"DOS SANTOS, RAFAEL MENEZES ;HILBERS, JELLE PETER ;HENDRIKS, AALBERT JAN",,2021.0
2005,2010.0,2012.0,2015.0,2016.0,,244,Botânica,,"NITRIC OXIDE, ETHYLENE AND AUXIN CROSSTALK MEDIATES GREENING AND PLASTID DEVELOPMENT IN DEETIOLATING TOMATO SEEDLINGS",2016,,,PLANT PHYSIOLOGY (ONLINE),15322548,170,,,pp.00023.2016-2,,,"Melo, N.K.G. ;FRESCHI, L. ;Bianchetti, R. E. ;LIRA, B. S. ;ZUCCARELLI, R.;ZUCCARELLI, RAFAEL ;OLIVEIRA, P. M. R. ;DIAS, D. L. O. ;DEMARCO, D. ;PERES, L. E. P. ;ROSSI, M.",,2016.0
2005,2010.0,2012.0,2015.0,2016.0,,244,Botânica,,MULTIFACETED ROLES OF NITRIC OXIDE IN TOMATO FRUIT RIPENING: NO-INDUCED METABOLIC REWIRING AND CONSEQUENCES FOR FRUIT QUALITY TRAITS,2021,,10.1093/jxb/eraa526,JOURNAL OF EXPERIMENTAL BOTANY,220957,72,,3,941,958,,"ZUCCARELLI, RAFAEL ;ROSSI, MAGDALENA ;FRESCHI, LUCIANO ;RODRÍGUEZ-RUIZ, MARTA ;LOPES-OLIVEIRA, PATRÍCIA J ;PASCOAL, GRAZIELI B ;ANDRADE, SÓNIA C S ;FURLAN, CLÁUDIA M ;PURGATTO, EDUARDO ;PALMA, JOSÉ M ;CORPAS, FRANCISCO J",,2016.0
2005,2010.0,2012.0,2015.0,2016.0,,244,Botânica,,DOWNREGULATION OF PHYTOCHROME-INTERACTING FACTOR 4 INFLUENCES PLANT DEVELOPMENT AND FRUIT PRODUCTION,2019,,10.1104/pp.19.00833,PLANT PHYSIOLOGY,320889,181,,3,1360,1370,,"ROSADO, DANIELE ;ROSSI, MAGDALENA ;TRENCH, BRUNA ;BIANCHETTI, RICARDO ;ZUCCARELLI, RAFAEL ;RODRIGUES ALVES, FREDERICO ROCHA ;PURGATTO, EDUARDO ;SEGAL FLOH, ENY IOCHEVET ;SILVEIRA NOGUEIRA, FABIO TEBALDI ;FRESCHI, LUCIANO",,2016.0
2005,2010.0,2012.0,2015.0,2016.0,,244,Botânica,,ALTERNATIVE FLUORIMETRIC-BASED METHOD TO DETECT AND COMPARE TOTAL S -NITROSOTHIOLS IN PLANTS,2017,,10.1016/j.niox.2017.03.001,NITRIC OXIDE-BIOLOGY AND CHEMISTRY,10898603,68,,,7,13,,"MIOTO, PAULO TAMASO ;RODRÍGUEZ-RUIZ, MARTA ;MOT, AUGUSTIN CATALIN ;ZUCCARELLI, RAFAEL ;CORPAS, FRANCISCO J. ;FRESCHI, LUCIANO ;MERCIER, HELENICE",,2016.0
2005,2010.0,2012.0,2015.0,2016.0,,244,Botânica,,SHEDDING LIGHT ON NO HOMEOSTASIS: LIGHT AS A KEY REGULATOR OF GLUTATHIONE AND NITRIC OXIDE METABOLISMS DURING SEEDLING DEETIOLATION,2017,,10.1016/j.niox.2017.01.006,NITRIC OXIDE-BIOLOGY AND CHEMISTRY,10898603,68,,,77,90,,"ZUCCARELLI, RAFAEL ;COELHO, ALINE C.P. ;PERES, LAZARO E.P. ;FRESCHI, LUCIANO",,2016.0
2005,2010.0,2012.0,2015.0,2016.0,,244,Botânica,,"SIGNALING PATHWAY PLAYED BY SALICYLIC ACID, GENTISIC ACID, NITRIC OXIDE, POLYAMINES AND NON-ENZYMATIC ANTIOXIDANTS IN COMPATIBLE AND INCOMPATIBLE SOLANUM-TOMATO MOTTLE MOSAIC VIRUS INTERACTIONS",2020,,10.1016/j.plantsci.2019.110274,PLANT SCIENCE,1689452,290,,,110274,,,"NAGAI, ALICE ;TORRES, PRISCILA BEZERRA ;DUARTE, LÍGIA MARIA LEMBO ;CHAVES, ALEXANDRE LEVI RODRIGUES ;MACEDO, AMANDA FERREIRA ;FLOH, ENY IOCHEVET SEGAL ;DE OLIVEIRA, LEANDRO FRANCISCO ;ZUCCARELLI, RAFAEL ;DOS SANTOS, DÉBORAH YARA ALVES CURSINO",,2016.0
2016,2019.0,,,2019.0,,354,Genética,,ZIKA VIRUS IMPAIRS THE DEVELOPMENT OF BLOOD VESSELS IN A MOUSE MODEL OF CONGENITAL INFECTION,2018,,10.1038/s41598-018-31149-3,Scientific Reports,20452322,8,,1,12774,,,"GARCEZ, P. P. ;FERREIRA, R. O.;FERREIRA, RAIANE O.;FERREIRA, RAIANE OLIVEIRA ;ANDRADE, C. B V. ;SIQUEIRA, M. ;SANTOS, T. M. P. ;DRUMOND, J. ;HOERDER-SUABEDISSEN, A. ;DE LIMA, C. V. F. ;TOVAR-MOLL, F. ;LOPES, R. T. ;FRAGEL-MADEIRA, L. ;STOLP, H. B. ;LENT, R. ;ORTIGA-CARVALHO, T. M. ;STIPURSKY, J. ;BELLIO, M. ;TANURI, A. ;MOLNÁR, Z. ;SRAVANAM, S. ;CHRISTOFF, R. R. ;FERREIRA, J. C. C. G. ;DIAS, A. A. ;PEZZUTO, P. ;HIGA, L. M. ;BARBEITO-ANDRÉS, J.",,2020.0
2016,2019.0,,,2019.0,,354,Genética,,DISSECTING THE TOXIC EFFECTS OF ZIKA VIRUS PROTEINS ON NEURAL PROGENITOR CELLS,2019,,10.1016/j.neuron.2019.03.009,NEURON,8966273,101,,6,989,991,,"FERREIRA, RAIANE O. ;GARCEZ, PATRICIA P.",,2020.0
2016,2019.0,,,2019.0,,354,Genética,,EFFECT OF SERIAL SYSTEMIC AND INTRATUMORAL INJECTIONS OF ONCOLYTIC ZIKVBR IN MICE BEARING EMBRYONAL CNS TUMORS,2021,,10.3390/v13102103,Viruses-Basel,19994915,13,,10,2103,,,"FERREIRA, RAIANE OLIVEIRA ;GRANHA, ISABELA ;FERREIRA, RODOLFO SANCHES ;BUENO, HELOISA DE SIQUEIRA ;OKAMOTO, OSWALDO KEITH ;KAID, CAROLINI ;ZATZ, MAYANA",,2020.0
2016,2019.0,,,2019.0,,354,Genética,,CONGENITAL ZIKA SYNDROME IS ASSOCIATED WITH MATERNAL PROTEIN MALNUTRITION,2020,,10.1126/sciadv.aaw6284,SCIENCE ADVANCES,23752548,6,,2,eaaw6284,,,"BARBEITO-ANDRÉS, J. ;ROSSI, A. D. ;BARBOSA, R. V. ;AMORIM, C. K. N. ;DE SOUZA, M. P. C. ;CHIMELLI, L. ;AGUIAR, R. S. ;GONZALEZ, P. N. ;LARA, F. A. ;CASTRO, M. C. ;MOLNÁR, Z. ;PEZZUTO, P. ;LOPES, R. T. ;BOZZA, M. T. ;VIANEZ, J. L. S. G. ;BARBEITO, C. G. ;CUERVO, P. ;BELLIO, M. ;TANURI, A. ;GARCEZ, P. P. ;HIGA, L. M. ;DIAS, A. A. ;VASCONCELOS, J. M. ;SANTOS, T. M. P. ;FERREIRA, J. C. C. G. ;FERREIRA, R. O. ;DUTRA, F. F.",,2020.0
2013,2014.0,2016.0,2018.0,2020.0,,393,Zoologia,,ANATOMY OF THE REPRODUCTIVE SYSTEM OF A POPULATION OF AMEROTYPHLOPS BRONGERSMIANUS FROM SOUTHEASTERN BRAZIL (SERPENTES: SCOLECOPHIDIA),2020,,10.1002/ar.24382,Anatomical Record-Advances in Integrative Anatomy and Evolutionary Biology,19328486,303,,,2485,2496,,"KHOURI, REBECA S. ;ALMEIDA'SANTOS, SELMA M. ;FERNANDES, DANIEL S.",,2020.0
2005,2007.0,2013.0,2016.0,2016.0,,315,Fisiologia,,CAPTIVE BREEDING AND HUSBANDRY OF SCINAX PERPUSILLUS AT SAO PAULO ZOO: PRELIMINARY ACTION FOR EX SITU CONSERVATION OF SCINAX ALCATRAZ (ANURA: HYLIDAE),2012,,,Herpetological Review,0018084X,43,,3,435,437,,"Lisboa, C.S. ;VAZ, R. I.",,2016.0
2005,2007.0,2013.0,2016.0,2016.0,,315,Fisiologia,,GYRINOPHILUS PORPHYRITICUS (SPRING SALAMANDER). ALBINISM.,2012,,,Herpetological Review,0018084X,43,,1,116,117,,"HILL, R. L. ;Perrela, D. F. ;VAZ, R. I.",,2016.0
2005,2007.0,2013.0,2016.0,2016.0,,315,Fisiologia,,"THERMOGRAPHIC RECORD OF PREDATION OF RHINELLA ORNATA (SPIX, 1824) (ANURA:BUFONIDAE) BY XENODON NEUWIEDII GUNTHER, 1863 (SQUAMATA:DIPSADIDAE) WITH FEEDING BEHAVIOUR NOTES.",2019,,,HERPETOLOGY NOTES,20715773,12,,,235,239,,"VAZ, R. I. ;ORTEGA-CHINCHILLA, J. E.",,2016.0
2005,2007.0,2013.0,2016.0,2016.0,,315,Fisiologia,,CAPTIVE BREEDING PROGRAM FOR SCINAX ALCATRAZ (ANURA: HYLIDAE): INTRODUCING AMPHIBIAN EX SITU CONSERVATION IN BRAZIL,2021,,,AMPHIBIAN & REPTILE CONSERVATION,1083446X,14,,2,279,288,,"Lisboa, C.S. ;VAZ, R. I. ;Brasileiro, C. A.",,2016.0
2005,2007.0,2013.0,2016.0,2016.0,,315,Fisiologia,,"HERPETOFAUNA FROM AN ATLANTIC FOREST FRAGMENT IN SAO PAULO, BRAZIL",2021,,,HERPETOLOGICAL CONSERVATION AND BIOLOGY,19317603,16,,2,436,451,,"Lisboa, C.S. ;VAZ, R. I. ;MALAGOLI, L. R. ;BARBO, F. E. ;VENTURINI, R. E. ;Brasileiro, C. A.",,2016.0
2000,2004.0,2014.0,2017.0,2017.0,,245,Botânica,,"BROMELIACEAE OF ILHA FEIA, ARMACAO DOS BUZIOS, RIO DE JANEIRO, BRAZIL",2005,,,Journal of the Bromeliad Society,908738,55(4),,,147,155,,"PAULA, Cláudio Coelho de ;SILVA, R. R. ;KOLONTAI, T.",,2017.0
2000,2004.0,2014.0,2017.0,2017.0,,245,Botânica,,BRAZILIAN FLORA 2020: INNOVATION AND COLLABORATION TO MEET TARGET 1 OF THE GLOBAL STRATEGY FOR PLANT CONSERVATION (GSPC).,2018,,,Rodriguesia,21757860,69(4),,,1513,1527,,"BFG - The Brazil Flora Group ;GROUP, B. -. T. B. F.",,2017.0
2000,2004.0,2014.0,2017.0,2017.0,,245,Botânica,,BROMELIACEAE OF THE RIO SAO JOAO MANGROVE,2008,,,Journal of the Bromeliad Society,908738,58,,3,118,,,"PAULA, Cláudio Coelho de ;SILVA, R. R. ;KOLONTAI, T.",,2017.0
2001,2009.0,2010.0,2012.0,2019.0,,287,Ecologia,,AMPLIACION DEL AREA DE DISTRIBUCION DE LA RANA HYALINOBATRACHIUM FLEISCHMANNI (ANURA: CENTROLENIDAE) EN EL ESTADO DE PUEBLA Y DEL LIMITE SEPTENTRIONAL DE SU DISTRIBUCION,2010,,,ACTA ZOOLÓGICA MEXICANA,651737,26,,2,473,476,,"MELGAREJO-VELEZ, E. Y. ;CHAVEZ-ORTIZ, M. ;LURÍA-MANZANO, R. ;APORTELA-CORTES, D. ;GALICIA-PORTANO, D. M. ;CANSECO-MARQUEZ, L. ;GUTIERREZ-MAYEN, G.",,2019.0
2001,2009.0,2010.0,2012.0,2019.0,,287,Ecologia,,PRIMERA LOCALIDAD DE LA RANA GASTROPHRYNE USTA (ANURA: MICROHYLIDAE) PARA EL ESTADO DE PUEBLA,2010,,,Boletín de la Sociedad Herpetológica Mexicana,0817988X,18,,1,12,15,,"LURÍA-MANZANO, R. ;CHAVEZ-ORTIZ, M. ;MELGAREJO-VELEZ, E. Y. ;APORTELA-CORTES, D. ;GALICIA-PORTANO, D. M.",,2019.0
2001,2009.0,2010.0,2012.0,2019.0,,287,Ecologia,,AMPLIACION DEL AREA DE DISTRIBUCION DE ELEUTHERODACTYLUS LEPRUS (ANURA: ELEUTHERODACTYLIDAE) EN EL ESTADO DE PUEBLA,2010,,,Boletín de la Sociedad Herpetológica Mexicana,0817988X,18,,1,15,17,,"CHAVEZ-ORTIZ, M. ;MELGAREJO-VELEZ, E. Y. ;LURÍA-MANZANO, R. ;APORTELA-CORTES, D. ;GALICIA-PORTANO, D. M. ;CANSECO-MARQUEZ, L. ;GUTIERREZ-MAYEN, G.",,2019.0
2001,2009.0,2010.0,2012.0,2019.0,,287,Ecologia,,SCELOPORUS MUCRONATUS. SAUROPHAGY,2011,,,HERPETOLOGICAL REVIEW,0018084X,42,,1,96,96,,"LURÍA-MANZANO, R. ;MELGAREJO-VELEZ, E. Y.",,2019.0
2001,2009.0,2010.0,2012.0,2019.0,,287,Ecologia,,"BATRACHOCHYTRIUM DENDROBATIDIS IN PLECTROHYLA ARBORESCANDENS (ANURA: HYLIDAE) LARVAE AT A MONTANE SITE IN THE SIERRA NEGRA, PUEBLA, MEXICO",2011,,,HERPETOLOGICAL REVIEW,0018084X,42,,4,552,554,,"LURÍA-MANZANO, R. ;CANSECO-MARQUEZ, L. ;FRIAS-ALVAREZ, P.",,2019.0
2001,2009.0,2010.0,2012.0,2019.0,,287,Ecologia,,ECNOMIOHYLA MIOTYMPANUM AND CHARADRAHYLA TAENIOPUS. REPRODUCTIVE BEHAVIOR,2011,,,HERPETOLOGICAL REVIEW,0018084X,42,,1,84,84,,"LURÍA-MANZANO, R. ;VAZQUEZ-CORZAS, F. G.",,2019.0
2001,2009.0,2010.0,2012.0,2019.0,,287,Ecologia,,RHINELLA MARINA. PREDATION,2012,,,HERPETOLOGICAL REVIEW,0018084X,43,,1,125,125,,"CALDERON-PATRON, J. ;VALENCIA-HERVERTH, J. ;LURÍA-MANZANO, R. ;ANDRES-PEREZ, L.",,2019.0
2001,2009.0,2010.0,2012.0,2019.0,,287,Ecologia,,"DEPREDACION DE TRES ESPECIES DE HERPETOZOOS POR ARANAS EN LA REGION TROPICAL DE VERACRUZ, MEXICO",2014,,10.7550/rmb.43649,Revista Mexicana de Biodiversidad,18703453,85,,3,965,968,,"AGUILAR-LÓPEZ, JOSÉ LUIS ;PINEDA, EDUARDO ;Luría-Manzano, Ricardo",,2019.0
2001,2009.0,2010.0,2012.0,2019.0,,287,Ecologia,,"APORTE AL CONOCIMIENTO DE LA DISTRIBUCION DE LA CULEBRA DE COLA CORTA DE LINTON, TANTILLITA LINTONI EN MEXICO",2014,,10.7550/rmb.46781,Revista Mexicana de Biodiversidad,18703453,85,,4,1292,1294,,"LUIS AGUILAR-LÓPEZ, JOSÉ ;CANSECO-MÁRQUEZ, LUIS ;PINEDA, EDUARDO ;Luría-Manzano, Ricardo",,2019.0
2001,2009.0,2010.0,2012.0,2019.0,,287,Ecologia,,"REPRODUCTION AND DIET OF HYLA EUPHORBIACEA (ANURA: HYLIDAE) IN A PINE-OAK FOREST OF SOUTHEASTERN PUEBLA, MEXICO",2014,,,Vertebrate Zoology,18645755,64,,2,207,213,,"LURÍA-MANZANO, R. ;GUTIERREZ-MAYEN, G.",,2019.0
2001,2009.0,2010.0,2012.0,2019.0,,287,Ecologia,,DISTRIBUCION GEOGRAFICA DE ANOTHECA SPINOSA (ANURA: HYLIDAE) EN MEXICO: NUEVO REGISTRO PARA LA ANFIBIOFAUNA DE PUEBLA,2014,,10.7550/rmb.47475,Revista Mexicana de Biodiversidad,18703453,85,,4,1285,1288,,"Luría-Manzano, Ricardo ;LUIS AGUILAR-LÓPEZ, JOSÉ ;CANSECO-MÁRQUEZ, LUIS ;GUADALUPE GUTIÉRREZ-MAYÉN, MARÍA",,2019.0
2001,2009.0,2010.0,2012.0,2019.0,,287,Ecologia,,SMILISCA BAUDINII. CANNIBALISM,2015,,,Mesoamerican Herpetology,23730951,2,,3,332,334,,"GARCIA-VINALAY, A. ;AGUILAR-LOPEZ, J. L. ;LURÍA-MANZANO, R. ;PINEDA, E.",,2019.0
2001,2009.0,2010.0,2012.0,2019.0,,287,Ecologia,,ANOLIS (NOROPS) COMPRESSICAUDA AND CRAUGASTOR BERKENBUSCHII. PREDATOR-PREY INTERACTION,2015,,,Mesoamerican Herpetology,23730951,2,,3,336,337,,"AGUILAR-LOPEZ, J. L. ;PINEDA, E. ;LURÍA-MANZANO, R. ;GARCIA-VINALAY, A.",,2019.0
2001,2009.0,2010.0,2012.0,2019.0,,287,Ecologia,,VARIATION IN REPRODUCTION AND SEXUAL DIMORPHISM IN THE LONG-TAILED SPINY LIZARD SCELOPORUS SINIFERUS (SQUAMATA: PHRYNOSOMATIDAE) FROM THE SOUTHERN PACIFIC COAST OF MEXICO,2015,,,SALAMANDRA,363375,51,,2,73,82,,"RAMIREZ-BAUTISTA, A. ;LURÍA-MANZANO, R. ;CRUZ-ELIZALDE, R. ;PAVON, N. P. ;WILSON, L. D.",,2019.0
2001,2009.0,2010.0,2012.0,2019.0,,287,Ecologia,,CELESTUS ROZELLAE. DISTRIBUTION,2016,,,Mesoamerican Herpetology,23730951,3,,3,764,766,,"AGUILAR-LOPEZ, J. L. ;LURÍA-MANZANO, R. ;PINEDA, E. ;APORTELA-CORTES, D.",,2019.0
2001,2009.0,2010.0,2012.0,2019.0,,287,Ecologia,,"SPECIES DIVERSITY, DISTRIBUTION, AND CONSERVATION STATUS IN A MESOAMERICAN REGION",2016,,10.1177/1940082916670003,Tropical Conservation Science,19400829,9,,4,194008291667000,,,"AGUILAR-LOPEZ, J. L. ;PINEDA, E. ;LURÍA-MANZANO, R. ;CANSECO-MARQUEZ, L.",,2019.0
2001,2009.0,2010.0,2012.0,2019.0,,287,Ecologia,,"A NEW SPECIES OF ISTHMURA (CAUDATA: PLETHODONTIDAE) FROM THE MONTANE CLOUD FOREST OF CENTRAL VERACRUZ, MEXICO",2017,,10.11646/zootaxa.4277.4.7,ZOOTAXA,11755326,4277,,4,573,582,,"SANDOVAL-COMTE, ADRIANA ;PINEDA, EDUARDO ;ROVITO, SEAN M. ;Luría-Manzano, Ricardo",,2019.0
2001,2009.0,2010.0,2012.0,2019.0,,287,Ecologia,,A NEW SPECIES OF TREEFROG OF THE GENUS PTYCHOHYLA (ANURA: HYLIDAE) FROM SOUTHERN MEXICO,2017,,10.11646/zootaxa.4317.2.5,ZOOTAXA,11755326,4317,,2,279,290,,"CANSECO-MÁRQUEZ, LUIS ;AGUILAR-LÓPEZ, J. LUIS ;Luría-Manzano, Ricardo ;PINEDA, EDUARDO ;CAVIEDES-SOLÍS, ITZUE W.",,2019.0
2001,2009.0,2010.0,2012.0,2019.0,,287,Ecologia,,REDISCOVERY OF TWO THREATENED TREEFROGS (ANURA: HYLIDAE) FROM SOUTHERN MEXICO,2018,,,HERPETOLOGY NOTES,20715773,11,,,23,29,,"CANSECO-MARQUEZ, L. ;AGUILAR-LOPEZ, J. L. ;LURÍA-MANZANO, R. ;GUTIERREZ-MAYEN, G. ;HERNANDEZ-BENITEZ, D.",,2019.0
2001,2009.0,2010.0,2012.0,2019.0,,287,Ecologia,,"POPULATION CHARACTERISTICS, HABITAT, AND DIET OF THE LARGE-CRESTED TOAD (INCILIUS CRISTATUS; ANURA: BUFONIDAE): A CRITICALLY ENDANGERED SPECIES ENDEMIC TO MEXICO",2018,,,HERPETOLOGICAL CONSERVATION AND BIOLOGY,19317603,13,,3,558,568,,"OROPEZA-SANCHEZ, M. T. ;PINEDA, E. ;LURÍA-MANZANO, R.",,2019.0
2001,2009.0,2010.0,2012.0,2019.0,,287,Ecologia,,DIETA DE LA RANA DE HOJARASCA CRAUGASTOR RHODOPIS (ANURA: CRAUGASTORIDAE): UNA ESPECIE ABUNDANTE EN LA REGION MONTANOSA DEL ESTE DE MEXICO,2019,,,REVISTA DE BIOLOGIA TROPICAL,347744,67,,1,196,205,,"LURÍA-MANZANO, R. ;OROPEZA-SANCHEZ, M. T. ;AGUILAR-LOPEZ, J. L. ;DIAZ-GARCIA, J. M. ;PINEDA, E.",,2019.0
2001,2009.0,2010.0,2012.0,2019.0,,287,Ecologia,,DIETARY COMPOSITION AND SELECTION IN THE STREAM-BREEDING ANURAN ASSEMBLAGE FROM A TROPICAL WET FOREST IN EASTERN MEXICO,2019,,10.1016/j.actao.2019.06.003,ACTA OECOLOGICA-INTERNATIONAL JOURNAL OF ECOLOGY,1146609X,98,,,36,44,,"Luría-Manzano, Ricardo ;RAMÍREZ-BAUTISTA, AURELIO",,2019.0
2001,2009.0,2010.0,2012.0,2019.0,,287,Ecologia,,BODY TEMPERATURE OF PHRYNOSOMA BRACONNIERI (SQUAMATA: PHRYNOSOMATIDAE) FROM A XERIC SCRUBLAND IN CENTRAL MEXICO,2019,,,HERPETOLOGICAL REVIEW,0018084X,50,,2,259,262,,"DIAZ-MARIN, C. A. ;LURÍA-MANZANO, R. ;GUTIERREZ-MAYEN, G.",,2019.0
2001,2009.0,2010.0,2012.0,2019.0,,287,Ecologia,,"REDISCOVERY OF THE RARE SNAKE MYERS, 1974 (SERPENTES: COLUBRIDAE: DIPSADINAE)",2014,,10.1670/12-183,JOURNAL OF HERPETOLOGY,221511,48,,1,122,124,,"Luría-Manzano, Ricardo ;RAMÍREZ-BAUTISTA, AURELIO ;CANSECO-MÁRQUEZ, LUIS",,2019.0
2001,2009.0,2010.0,2012.0,2019.0,,287,Ecologia,,DIET COMPARISON BETWEEN RAINFOREST AND CAVE POPULATIONS OF (ANURA: CRAUGASTORIDAE): DOES DIET VARY IN CONTRASTING HABITATS?,2017,,10.1080/00222933.2017.1366573,JOURNAL OF NATURAL HISTORY,222933,51,,39-40,2345,2354,,"Luría-Manzano, Ricardo ;RAMÍREZ-BAUTISTA, AURELIO",,2019.0
2001,2009.0,2010.0,2012.0,2019.0,,287,Ecologia,,ONTOGENETIC VARIATION IN THE DIET OF THE ANURAN COMMUNITY FROM A SEMI-ARID ENVIRONMENT IN THE SOUTHEASTERN CHIHUAHUAN DESERT,2019,,10.7717/peerj.7908,PeerJ,21678359,7,,,e7908,,,"Luría-Manzano, Ricardo ;RAMÍREZ-BAUTISTA, AURELIO",,2019.0
2001,2009.0,2010.0,2012.0,2019.0,,287,Ecologia,,TRIMORPHODON TAU. DIET,2020,,,HERPETOLOGICAL REVIEW,0018084X,51,,1,159,159,,"LURÍA-MANZANO, R. ;CANTE-BAZAN, E. A. ;MENDEZ-ALLENDE, G.",,2019.0
2001,2009.0,2010.0,2012.0,2019.0,,287,Ecologia,,"DIETA DE LA RANA DE INVERNADERO ELEUTHERODACTYLUS PLANIROSTRIS (AMPHIBIA: ELEUTHERODACTYLIDAE) EN LA PENINSULA DE YUCATAN, MEXICO",2020,,,Revista Mexicana de Biodiversidad,18703453,91,,,e912748,,,"RAMIREZ-VALVERDE, T. ;GONZALEZ-SOLIS, D. ;CEDENO-VAZQUEZ, J. R. ;LURÍA-MANZANO, R.",,2019.0
2001,2009.0,2010.0,2012.0,2019.0,,287,Ecologia,,PREDATION OF ANURANS BY SPIDERS: FOUR CASES IN MEXICAN TROPICAL FORESTS,2020,,10.11606/issn.2316-9079.v19i2p279-282,PHYLLOMEDUSA,15191397,19,,2,279,282,,"Luría-Manzano, Ricardo ;ORTIZ-LOZADA, LILIANA ;PELAYO-MARTÍNEZ, JAIME ;AGUILAR-LÓPEZ, JOSÉ LUIS ;GÓMEZ-TOXQUI, SARAI ;RAMÍREZ-BAUTISTA, AURELIO",,2019.0
2001,2009.0,2010.0,2012.0,2019.0,,287,Ecologia,,BOLITOGLOSSA RUFESCENS. DISTRIBUTION,2021,,,HERPETOLOGICAL REVIEW,0018084X,52,,2,341,341,,"LURÍA-MANZANO, R. ;RAMIREZ-VALVERDE, T. ;Juárez-Ortiz, J. J.",,2019.0
2001,2009.0,2010.0,2012.0,2019.0,,287,Ecologia,,SEASONAL VARIATION IN THERMAL ECOLOGY AND MICROHABITAT USE OF ANOLIS CARLLIEBI (SQUAMATA: DACTYLOIDAE) FROM A XERIC SCRUBLAND IN CENTRAL MEXICO,2021,,10.1643/h2020072,Ichthyology &amp; Herpetology,27661512,109,,2,598,607,,"DÍAZ-MARÍN, CÉSAR A. ;Luría-Manzano, Ricardo ;GUTIÉRREZ-MAYÉN, GUADALUPE ;RAMÍREZ-BAUTISTA, AURELIO",,2019.0
2001,2009.0,2010.0,2012.0,2019.0,,287,Ecologia,,"SELVA ZOQUE, MEXICO: AN IMPORTANT MESOAMERICAN TROPICAL REGION FOR REPTILE SPECIES DIVERSITY AND CONSERVATION",2021,,10.3897/zookeys.1054.67916,ZOOKEYS (ONLINE),13132970,1054,,,127,153,,"AGUILAR-LÓPEZ, JOSÉ LUIS ;Luría-Manzano, Ricardo ;PINEDA, EDUARDO ;CANSECO-MÁRQUEZ, LUIS",,2019.0
2001,2009.0,2010.0,2012.0,2019.0,,287,Ecologia,,"REGISTROS NOTABLES DE THAMNOPHIS CONANTI Y AQUILOEURYCEA CAFETALERA EN LA SIERRA NEGRA DE PUEBLA, MEXICO",2021,,10.22201/fc.25942158e.2021.02.275,Revista Latinoamericana de Herpetología,25942158,4,,2,217,218,,"LURÍA-MANZANO, R. ;Rodríguez-Barrera, O. G. ;Calderón-Cruz, M. F. ;García-Fuentes, J. P.",,2019.0
2001,2009.0,2010.0,2012.0,2019.0,,287,Ecologia,,VARIATION IN FEEDING HABITS BETWEEN TWO SYNTOPIC FROG SPECIES (GENUS LITHOBATES) OF A TROPICAL HABITAT IN THE ATLANTIC VERSANT OF MEXICO,2019,,10.1670/17-132,JOURNAL OF HERPETOLOGY,221511,53,,4,289,296,,"HERNÁNDEZ-AUSTRIA, RAQUEL ;Luría-Manzano, Ricardo ;RAMÍREZ-BAUTISTA, AURELIO",,2019.0
2006,2006.0,2008.0,2010.0,2017.0,,246,Botânica,,"FLORISTICA E FITOSSOCIOLOGIA DE UM CAMPO NATURAL NO MUNICIPIO DE SANTO ANTONIO DA PATRULHA, RIO GRANDE DO SUL, BRASIL",2009,,,Revista Brasileira de Biociências (Online),19804849,7,,2,195,204,,"FERREIRA, P. M. A. ;SETUBAL, R. B.;SETUBAL, ROBBERSON BERNAL;BFG - The Brazil Flora Group",,2017.0
2006,2006.0,2008.0,2010.0,2017.0,,246,Botânica,,CONSERVACAO DAS AVES DO BIOMA PAMPA ALIADA A SISTEMAS DE PRODUCAO ANIMAL,2008,,,Ararajuba (Rio de Janeiro),1035657,16,,4,308,315,,"DEVELEY, P. F. ;SETUBAL, R. B.;SETUBAL, ROBBERSON BERNAL;BFG - The Brazil Flora Group ;DIAS, R. A. ;BENCKE, G.",,2017.0
2006,2006.0,2008.0,2010.0,2017.0,,246,Botânica,,FLORISTIC AND CHARACTERIZATION OF GRASSLAND VEGETATION AT A GRANITIC HILL IN SOUTHERN BRAZIL,2010,,,Revista Brasileira de Biociências (Online),19804849,8,,1,85,111,,"SETUBAL, R. B.;SETUBAL, ROBBERSON BERNAL;BFG - The Brazil Flora Group ;BOLDRINI, Ilsi Iob",,2017.0
2006,2006.0,2008.0,2010.0,2017.0,,246,Botânica,,"ESPECIE CAMPESTRE PROVAVELMENTE EXTINTA (DESMODIUM CRASPEDIFERUM AZEVEDO & OLIVEIRA, FABACEAE) REENCONTRADA NO RIO GRANDE DO SUL",2010,,,Revista Brasileira de Biociências (Online),19804849,8,,4,342,348,,"SETUBAL, R. B.;SETUBAL, ROBBERSON BERNAL;BFG - The Brazil Flora Group ;LIMA, L.C.P. ;GRINGS, Martin",,2017.0
2006,2006.0,2008.0,2010.0,2017.0,,246,Botânica,,"TAXONOMIC AND ECOLOGICAL ASPECTS OF MYRCEUGENIA MESOMISCHA (MYRTACEAE), AN ENDEMIC TREE FROM SOUTHERN BRAZIL",2011,,10.1590/2175-7860201162301,Rodriguésia (Online),21757860,62,,3,445,457,,"SETUBAL, R. B.;SETUBAL, ROBBERSON BERNAL;BFG - The Brazil Flora Group ;GRINGS, Martin ;PASINI, E. ;SEGER, G. D. S.",,2017.0
2006,2006.0,2008.0,2010.0,2017.0,,246,Botânica,,PHYTOSOCIOLOGY AND NATURAL SUBTROPICAL GRASSLAND COMMUNITIES ON A GRANITIC HILL IN SOUTHERN BRAZIL,2012,,10.1590/S2175-78602012000300003,Rodriguésia (Online),21757860,63,,3,513,524,,"SETUBAL, R. B.;SETUBAL, ROBBERSON BERNAL;BFG - The Brazil Flora Group ;BOLDRINI, Ilsi Iob",,2017.0
2006,2006.0,2008.0,2010.0,2017.0,,246,Botânica,,"COMPOSICAO E ESTRUTURA DE VEGETACAO CAMPESTRE EM AREAS COM ORIENTACAO NORTE E SUL NO JARDIM BOTANICO DE PORTO ALEGRE, RS, BRASIL",2014,,,Iheringia. Série Botânica,734705,69,,,433,450,,"ROLIM, R. G. ;SETUBAL, R. B.;SETUBAL, ROBBERSON BERNAL;BFG - The Brazil Flora Group ;CASAGRANDE, A. ;RIVAS, M. I. E. ;NARDIN, J. A. ;PROENCA, M. L. ;SANDRI, S. M. ;BONILHA, C. L. ;BOLDRINI, Ilsi Iob",,2017.0
2006,2006.0,2008.0,2010.0,2017.0,,246,Botânica,,"NEMATANTHUS WETTSTEINII (FRITISH) H.E. MOORE (GESNERIACEAE): AMPLIACAO DA EXTENSAO DE OCORRENCIA DE UMA ESPECIE ENDEMICA DO BIOMA MATA ATLANTICA, PARA O ESTADO DE SANTA CATARINA, BRASIL",2014,,,Revista Brasileira de Biociências (Online),19804849,12,,4,177,182,,"MELLO, Anderson Santos de ;NUERNBERG, A. ;GRINGS, Martin ;SETUBAL, R. B.;SETUBAL, ROBBERSON BERNAL;BFG - The Brazil Flora Group",,2017.0
2006,2006.0,2008.0,2010.0,2017.0,,246,Botânica,,"FLORA DAS CANGAS DA SERRA DOS CARAJAS, PARA, BRASIL: LOGANIACEAE",2016,,10.1590/2175-7860201667538,Rodriguésia (Online),21757860,67,,5,1405,1409,,"ZAPPI, DANIELA CRISTINA ;SETUBAL, ROBBERSON BERNAL",,2017.0
2006,2006.0,2008.0,2010.0,2017.0,,246,Botânica,,VASCULAR PLANT SPECIES RICHNESS AND DISTRIBUTION IN THE RIO DE LA PLATA GRASSLANDS,2018,,,BOTANICAL JOURNAL OF THE LINNEAN SOCIETY,244074,188,,3,250,256,,"ANDRADE, B. O. ;BOLDRINI, I. I. ;MARCHESI, E. ;BURKART, S. ;SETUBAL, R. B. ;LEZAMA, F. ;PERELMAN, S. ;SCHNEIDER, A. A. ;TREVISAN, R. ;OVERBECK, G. E.",,2017.0
2006,2006.0,2008.0,2010.0,2017.0,,246,Botânica,,BRAZILIAN FLORA 2020: INNOVATION AND COLLABORATION TO MEET TARGET 1 OF THE GLOBAL STRATEGY FOR PLANT CONSERVATION (GSPC).,2018,,10.1590/2175-7860201869402,RODRIGUÉSIA (IMPRESSO),3706583,69,,4,1513,1527,,"B F G - The Brazil Flora Group ;SETUBAL, R. B.",,2017.0
2006,2006.0,2008.0,2010.0,2017.0,,246,Botânica,,A TOXIC STORY: PHYLOGENY AND CLASSIFICATION OF STRYCHNOS L. (LOGANIACEAE),2021,,10.1600/036364421x16312067913444,SYSTEMATIC BOTANY,3636445,,,3,639,655,,"SETUBAL, R. B. ;FRASIER, C. L. ;MOLINA, J. ;TORKE, B. M. ;FORZZA, R. C. ;STRUWE, L.",,2017.0
2006,2006.0,2008.0,2010.0,2017.0,,246,Botânica,,FLORISTIC AND VEGETATION STRUCTURE OF A GRASSLAND PLANT COMMUNITY ON SHALLOW BASALT IN SOUTHERN BRAZIL,2013,,,Acta Botanica Brasílica (Impresso),1023306,27,,1,162,179,,"PINTO, M. F. ;NABINGER, C. ;BOLDRINI, Ilsi Iob ;FERREIRA, P. M. A. ;SETUBAL, R. B.;SETUBAL, ROBBERSON BERNAL;BFG - The Brazil Flora Group ;TREVISAN, R. ;FEDRIGO, J. K. ;CARASSAI, I. J.",,2017.0
2014,2018.0,2018.0,2020.0,2020.0,,394,Zoologia,,CONHECER PARA CONSERVAR: A INVASAO DAS ABELHAS NA ESCOLA,2016,,,Horizonte Científico (Uberlândia),18083064,10,,2,99,121,,"NOVAES, L. R. ;GUIMARAES, B. M. C. ;BORGES, N. C. M. ;ARAUJO, T. N. ;OLIVEIRA, M. M. ;SANTOS, R. O.;SANTOS, RODOLFO OTÁVIO;SANTOS RO;RODOLFO OTAVIO SANTOS;DOS SANTOS, RODOLFO OTÁVIO ;FERREIRA, A. F. F. ;MELO, L. R. F. ;BARTELLI, B. F. ;BATISTA, J. E. ;OLIVEIRA, S. F. ;CARVALHO, B. G. S. ;JACOBUCCI, G. B. ;NOGUEIRA-FERREIRA, F. H. ;BENAVALLI, L. ;BIANCHI, R. A. ;SILVA, G. H. ;MARQUES, Y. S. ;MARRA, C. T. ;MORAES, J. A. ;SILVA, S. A.",,2020.0
2014,2018.0,2018.0,2020.0,2020.0,,394,Zoologia,,A REVIEW OF THE FOSSIL RECORD OF CAECILIANS (LISSAMPHIBIA: GYMNOPHIONOMORPHA) WITH COMMENTS ON ITS USE TO CALIBRATE MOLECULAR TIMETREES,2020,,10.1093/biolinnean/blaa148,BIOLOGICAL JOURNAL OF THE LINNEAN SOCIETY,244066,131,,4,737,755,,"SANTOS, RODOLFO OTÁVIO ;LAURIN, MICHEL ;ZAHER, HUSSAM",,2020.0
2014,2018.0,2018.0,2020.0,2020.0,,394,Zoologia,,"THE CAMPANIAN&AMP;#45;MAASTRICHTIAN INTERVAL AT THE NAZE, JAMES ROSS ISLAND, ANTARCTICA: MICROBIOSTRATIGRAPHIC AND PALEOENVIRONMENTAL STUDY",2020,,10.1016/j.cretres.2020.104725,CRETACEOUS RESEARCH,1956671,,,,,,,"PIOVESAN, ENELISE KATIA ;CORREIA FILHO, OSVALDO JOSÉ ;MELO, ROBBYSON MENDES ;LACERDA, LUIZ DRUDE ;DOS SANTOS, RODOLFO OTÁVIO ;PINHEIRO, ALLYSSON PONTES ;COSTA, FABIANA RODRIGUES ;SAYÃO, JULIANA MANSO ;ARMIN KELLNER, ALEXANDER WILHELM",,2020.0
2014,2017.0,2018.0,2020.0,2020.0,,395,Zoologia,,"TAXONOMIC REVIEW OF THE GENUS ATLANTODESMUS HOFFMAN, 2000 (POLYDESMIDA: CHELODESMIDAE)",2017,,10.11646/zootaxa.4236.2.3,Zootaxa (Auckland. Print),11755326,4236,,2,269,290,,"BOUZAN, RODRIGO SALVADOR ;PENA-BARBOSA, JOÃO PAULO P. ;BRESCOVIT, ANTONIO DOMINGOS",,2020.0
2014,2017.0,2018.0,2020.0,2020.0,,395,Zoologia,,TWO NEW BRAZILIAN SPECIES OF CHELODESMIDAE OF THE GENERA IGUAZUS AND TESSARITHYS (DIPLOPODA: POLYDESMIDA),2017,,10.3897/zoologia.34.e19986,Zoologia,19844689,34,,,1,8,,"BOUZAN, RODRIGO S. ;PENA-BARBOSA, JOÃO PAULO P. ;BRESCOVIT, ANTONIO DOMINGOS",,2020.0
2014,2017.0,2018.0,2020.0,2020.0,,395,Zoologia,,"ANNOTATED CHECKLIST OF THE MILLIPEDE FAMILY CHELODESMIDAE COOK, 1895 FROM SAO PAULO STATE, BRAZIL (DIPLOPODA: POLYDESMIDA)",2018,,10.11606/1807&#8209;0205/2018.58.06,PAPÉIS AVULSOS DE ZOOLOGIA (ONLINE),18070205,58,,,1,,,"BOUZAN, R. S. ;INIESTA, L. F. M. ;PENA-BARBOSA, J. P. P. ;BRESCOVIT, A. D.",,2020.0
2014,2017.0,2018.0,2020.0,2020.0,,395,Zoologia,,"A REVIEW OF THE MILLIPEDE GENUS RUPIDESMUS SCHUBART, 1952 (POLYDESMIDA: CHELODESMIDAE)",2018,,10.11646/zootaxa.4434.3.12,ZOOTAXA,11755326,4434,,3,589,,,"BOUZAN, RODRIGO SALVADOR ;INIESTA, LUIZ FELIPE M. ;BRESCOVIT, ANTONIO DOMINGOS",,2020.0
2014,2017.0,2018.0,2020.0,2020.0,,395,Zoologia,,A NEW RECORD AFTER A CENTURY AND DESCRIPTION OF THE FEMALE OF (BROLEMANN 1902) (POLYDESMIDA: CHELODESMIDAE),2018,,10.1080/01650521.2018.1536018,STUDIES ON NEOTROPICAL FAUNA AND ENVIRONMENT,1650521,54,,,1,8,,"BOUZAN, RODRIGO SALVADOR ;INIESTA, LUIZ FELIPE MORETTI ;DE SOUZA, CLÁUDIO AUGUSTO RIBEIRO ;BRESCOVIT, ANTONIO DOMINGOS",,2020.0
2014,2017.0,2018.0,2020.0,2020.0,,395,Zoologia,,"CLADISTIC ANALYSIS AND DESCRIPTION OF A NEW SPECIES OF THE BRAZILIAN GENUS ATLANTODESMUS HOFFMAN, 2000 (DIPLOPODA: POLYDESMIDA: CHELODESMIDAE)",2019,,10.5852/ejt.2019.538,European Journal of Taxonomy,21189773,2019,,538,1,17,,"BOUZAN, RODRIGO SALVADOR ;INIESTA, LUIZ FELIPE MORETTI ;BRESCOVIT, ANTONIO DOMINGOS",,2020.0
2014,2017.0,2018.0,2020.0,2020.0,,395,Zoologia,,"CHOOSING SAMPLING METHODS FOR CHILOPODA, DIPLOPODA AND ISOPODA (ONISCIDEA): A CASE STUDY FOR FERRUGINOUS LANDSCAPES IN BRAZILIAN AMAZONIA",2019,,10.1016/j.apsoil.2019.07.012,APPLIED SOIL ECOLOGY,9291393,143,,,181,191,,"OLIVEIRA, MARCUS PAULO ALVES DE ;PROUS, XAVIER ;PIETROBON, THADEU ;FERREIRA, RODRIGO LOPES ;BASTOS-PEREIRA, RAFAELA ;TORRES, SILVIA HELENA SOARES ;PEREIRA, THAÍS SILVEIRA ;BATISTA, FAGNER MÁRCIO ;ALVES, JOÃO PAULO ;INIESTA, LUIZ FELIPE MORETTI ;BOUZAN, RODRIGO SALVADOR ;CHAGAS-JR, AMAZONAS",,2020.0
2014,2017.0,2018.0,2020.0,2020.0,,395,Zoologia,,ON THE MILLIPEDE GENUS HETEROPYGE: DESCRIPTION OF THE ADULTS OF H. ARAGUAYENSIS AND REVALIDATION OF H. BIDENS (DIPLOPODA: SPIROSTREPTIDA: SPIROSTREPTIDAE),2019,,10.1590/1678-4766e2019032,IHERINGIA. SÉRIE ZOOLOGIA (ONLINE),16784766,109,,,1,13,,"INIESTA, LUIZ F. M. ;BOUZAN, RODRIGO S. ;BRESCOVIT, ANTONIO D.",,2020.0
2014,2017.0,2018.0,2020.0,2020.0,,395,Zoologia,,"TAXONOMIC REVIEW OF THE AMAZONIAN MILLIPEDE GENUS PARASTENONIA HOFFMAN, 1977 AND DESCRIPTION OF A NEW SPECIES FROM IRON-ORE CAVES (POLYDESMIDA: CHELODESMIDAE)",2020,,10.1080/00222933.2020.1749956,Journal of Natural History,14645262,53,,45-46,2781,2799,,"BOUZAN, RODRIGO S. ;INIESTA, LUIZ FELIPE M. ;DE SOUZA, CLAUDIO A. R. ;ZAMPAULO, ROBSON A. ;BRESCOVIT, ANTONIO D.",,2020.0
2014,2017.0,2018.0,2020.0,2020.0,,395,Zoologia,,"PHYLOGENETIC PLACEMENT OF THE MONOTYPIC GENUS HOLOPODOSTREPTUS CARL, 1913 AND NOTES ON THE SYSTEMATICS OF PSEUDONANNOLENIDAE (SPIROSTREPTIDA : CAMBALIDEA)",2020,,10.1071/is20012,INVERTEBRATE SYSTEMATICS,14455226,34,,6,661,677,,"INIESTA, LUIZ FELIPE MORETTI ;ENGHOFF, HENRIK ;BRESCOVIT, ANTONIO D. ;BOUZAN, RODRIGO S.",,2020.0
2014,2017.0,2018.0,2020.0,2020.0,,395,Zoologia,,"ECOLOGICAL NICHE MODELING PREDICTING THE POTENTIAL INVASION OF THE NON-NATIVE MILLIPEDE OXIDUS GRACILIS (C. L. KOCH, 1847) (POLYDESMIDA: PARADOXOSOMATIDAE) IN BRAZILIAN ATLANTIC FOREST",2020,,10.1080/00379271.2020.1834873,ANNALES DE LA SOCIETE ENTOMOLOGIQUE DE FRANCE,379271,56,,5,387,394,,"INIESTA, LUIZ F.M. ;BOUZAN, RODRIGO S. ;RODRIGUES, PATRICIA E.S. ;ALMEIDA, THAIS M. ;OTT, RICARDO ;BRESCOVIT, ANTONIO D.",,2020.0
2014,2017.0,2018.0,2020.0,2020.0,,395,Zoologia,,"PCLADISTIC ANALYSIS AND TAXONOMIC REVIEW OF THE MILLIPEDE TRIBE ARTHROSOLAENOMERIDINI HOFFMAN, 1976 (POLYDESMIDA: CHELODESMIDAE)/STRONG/P",2021,,10.11646/zootaxa.4970.2.1,ZOOTAXA (ONLINE),11755334,4970,,2,201,256,,"BOUZAN, RODRIGO SALVADOR ;INIESTA, LUIZ FELIPE M. ;BRESCOVIT, ANTONIO DOMINGOS",,2020.0
2014,2017.0,2018.0,2020.0,2020.0,,395,Zoologia,,"HOFFMANOPELTIS (DIPLOPODA: POLYDESMIDA), A NEW GENUS OF CHELODESMIDAE FROM THE CERRADO-ATLANTIC FOREST ECOTONE, SOUTHEASTERN BRAZIL, WITH A LIST OF SPECIES IN THE STATE OF MINAS GERAIS",2021,,10.5735/086.058.0111,ANNALES ZOOLOGICI FENNICI,0003455X,58,,2023-03-01 00:00:00,1,,,"BOUZAN, R. S. ;BRESCOVIT, A. D. ;INIESTA, LUIZ F. M.",,2020.0
2014,2017.0,2018.0,2020.0,2020.0,,395,Zoologia,,"TWO NEW SPECIES OF THE BRAZILIAN MILLIPEDE GENUS RHICNOSTHETUS HOFFMAN, 2006 (POLYDESMIDA: CHELODESMIDAE), INCLUDING A KEY TO MALES",2021,,10.6620/ZS.2021.60-21,ZOOLOGICAL STUDIES,10215506,60,,,21,,,"BOUZAN, R. S. ;INIESTA, L. F. M. ;BRESCOVIT, A. D.",,2020.0
2014,2017.0,2018.0,2020.0,2020.0,,395,Zoologia,,SIX NEW SPECIES OF THE WIDESPREAD BRAZILIAN MILLIPEDE GENUS EUCAMPESMELLA (POLYDESMIDA: CHELODESMIDAE),2021,,10.3897/zoologia.38.e66300,Zoologia,19844689,38,,,1,22,,"BOUZAN, RODRIGO S. ;INIESTA, LUIZ FELIPE M. ;PENA-BARBOSA, JOÃO PAULO P. ;BRESCOVIT, ANTONIO D.",,2020.0
2014,2017.0,2018.0,2020.0,2020.0,,395,Zoologia,,"A PRELIMINARY SURVEY AND RANGE EXTENSION OF MILLIPEDES SPECIES INTRODUCED IN BRAZIL (MYRIAPODA, DIPLOPODA)",2021,,10.11606/1807-0205/2021.61.88,PAPÉIS AVULSOS DE ZOOLOGIA (ONLINE),18070205,61,,,1,18,,"INIESTA, L. F. M. ;BOUZAN, R. S. ;Rodrigues,  P. E. S. ;ALMEIDA, THAIS M. ;Ott, R. ;BRESCOVIT, A. D.",,2020.0
2014,2017.0,2018.0,2020.0,2020.0,,395,Zoologia,,"A NEW SPECIES OF LEPTUS ( LEPTUS ) (TROMBIDIFORMES: ERYTHRAEIDAE) AND NEW RECORDS OF LEPTUS ( LEPTUS ) HAITLINGERI JACINAVICIUS, BASSINI-SILVA &AMP; WELBOURN, 2019 FOR BRAZIL",2020,,10.1080/01647954.2020.1762732,INTERNATIONAL JOURNAL OF ACAROLOGY,1647954,46,,,1,9,,"BASSINI-SILVA, RICARDO ;BARROS-BATTESTI, DARCI MORAES ;JACINAVICIUS, FERNANDO DE CASTRO ;BOUZAN, RODRIGO SALVADOR ;INIESTA, LUIZ FELIPE M. ;CAMPOS-DE-OLIVEIRA, ELIANE ;WELBOURN, CAL ;?UNDI', MILOJE ;OCHOA, RONALD ;BRESCOVIT, ANTONIO DOMINGOS",,2020.0
2011,2014.0,2016.0,2018.0,2018.0,,355,Genética,,NON-MAMMALIAN PRDX6 ENZYMES (PROTEINS WITH 1-CYS PRDX MECHANISM) DISPLAY PLA2 ACTIVITY SIMILAR TO THE HUMAN ORTHOLOGUE,2019,,10.3390/antiox8030052,ANTIOXIDANTS,20763921,8,,3,52,,,"BANNITZ-FERNANDES, RENATA ;ALEIXO-SILVA, ROGÉRIO ;SILVA, JOÃO ;DODIA, CHANDRA ;VAZQUEZ-MEDINA, JOSE ;TAO, JIAN-QIN ;FISHER, ARON ;NETTO, LUIS",,2018.0
2011,2014.0,2016.0,2018.0,2018.0,,355,Genética,,RELEVANCE OF PEROXIREDOXINS IN PATHOGENIC MICROORGANISMS,2021,,10.1007/s00253-021-11360-5,APPLIED MICROBIOLOGY AND BIOTECHNOLOGY,1757598,105,,14-15,5701,5717,,"DE OLIVEIRA, MARCOS ANTONIO ;TAIRUM, CARLOS A. ;NETTO, LUIS EDUARDO SOARES ;DE OLIVEIRA, ANA LAURA PIRES ;ALEIXO-SILVA, ROGERIO LUIS ;CABRERA, VITORIA ISABELA MONTANHERO ;BREYER, CARLOS A. ;DOS SANTOS, MELINA CARDOSO",,2018.0
2011,2014.0,2016.0,2018.0,2018.0,,355,Genética,,"REDUCTION OF SULFENIC ACIDS BY ASCORBATE IN PROTEINS, CONNECTING THIOL-DEPENDENT TO ALTERNATIVE REDOX PATHWAYS",2020,,10.1016/j.freeradbiomed.2020.06.015,FREE RADICAL BIOLOGY AND MEDICINE,8915849,156,,,207,216,,"ANSCHAU, VALESCA ;FERRER-SUETA, GERARDO ;ALEIXO-SILVA, ROGERIO LUIS ;BANNITZ FERNANDES, RENATA ;TAIRUM, CARLOS A. ;TONOLI, CELISA CALDANA COSTA ;MURAKAMI, MARIO TYAGO ;DE OLIVEIRA, MARCOS ANTONIO ;NETTO, LUIS EDUARDO SOARES",,2018.0
2005,2011.0,2014.0,2018.0,2019.0,,247,Botânica,,PHYLOGENETIC POSITION AND EVOLUTION OF GLANDULAR STRUCTURES OF THE UNUSUAL AND NARROWLY DISTRIBUTED GENUS RHYTIDANTHERA (OCHNACEAE),2020,,10.1093/botlinnean/boaa008,BOTANICAL JOURNAL OF THE LINNEAN SOCIETY,244074,193,,1,84,99,,"Reinales, Sandra ;PARRA-O, CARLOS",,2019.0
2017,2017.0,2019.0,2020.0,2020.0,,356,Genética,,CRIANCA TAMBEM TEM CANCER?,2019,,,Genética na Escola (on line),19803540,14,,2,98,107,,"RIVAS, M. P. ;PIRES, S. F. ;AGUIAR, T. F. M.",,2019.0
2017,2017.0,2019.0,2020.0,2020.0,,356,Genética,,EXPANDING THE ROLE OF SETD5 HAPLOINSUFFICIENCY IN NEURODEVELOPMENT AND NEUROBLASTOMA,2020,,10.1002/pbc.28376,PEDIATRIC BLOOD & CANCER (ONLINE),15455017,67,,11,1,3,,"PIRES, S. F. ;TOLEZANO, G. C. ;COSTA, S. S. ;KAWAHIRA, R. S. H. ;KIM, C. A. ;ROSENBERG, C. ;TEIXEIRA, A. C. B. ;BERTOLA, D. R. ;KREPISCHI, A. C. V.",,2019.0
2010,2015.0,2017.0,2019.0,2019.0,,288,Ecologia,,"FIRST RECORDS OF STURNIRA BAKERI VELAZCO &AMP; PATTERSON, 2014 (CHIROPTERA: PHYLLOSTOMIDAE) FROM COLOMBIA",2017,,10.15560/13.2.2091,"CHECK LIST, JOURNAL OF SPECIES LIST AND DISTRIBUTION",1809127X,13,,2,2091,,,"MONTOYA-BUSTAMANTE, SEBASTIÁN ;ZAPATA-MESA, NATALYA ;OBANDO-CABRERA, LAURA",,2019.0
2010,2015.0,2017.0,2019.0,2019.0,,288,Ecologia,,TEMPORAL VARIATION IN BAT-FRUIT INTERACTIONS: FORAGING STRATEGIES INFLUENCE NETWORK STRUCTURE OVER TIME,2017,,10.1016/j.actao.2017.09.003,ACTA OECOLOGICA-INTERNATIONAL JOURNAL OF ECOLOGY,1146609X,85,,,9,17,,"ZAPATA-MESA, NATALYA ;MONTOYA-BUSTAMANTE, SEBASTIÁN ;MURILLO-GARCÍA, OSCAR E.",,2019.0
2010,2015.0,2017.0,2019.0,2019.0,,288,Ecologia,,"LEUCISM IN AKODON AFFINIS (ALLEN, 1912) (RODENTIA: CRICETIDAE)",2017,,10.12933/therya-17-494,THERYA,20073364,8,,3,269,272,,"MONTOYA-BUSTAMANTE, SEBASTIÁN ;ZAPATA-MESA, NATALYA ;MURILLO-GARCÍA, OSCAR E.",,2019.0
2010,2015.0,2017.0,2019.0,2019.0,,288,Ecologia,,RECORDS OF STREBLIDAE (DIPTERA: HIPPOBOSCOIDEA) IN A TROPICAL DRY FOREST FRAGMENT IN COLOMBIA,2020,,10.21068/c2020.v21n01a02,BIOTA COLOMBIA,2539200X,21,,1,16,27,,"ASCUNTAR-OSNAS, OSCAR ;MONTOYA-BUSTAMANTE, SEBASTIÁN ;GONZÁLEZ-CHÁVEZ, BALTAZAR",,2019.0
2010,2015.0,2017.0,2019.0,2019.0,,288,Ecologia,,"INTERACTIONS BETWEEN FRUGIVOROUS BATS (PHYLLOSTOMIDAE) AND PIPER TUBERCULATUM (PIPERACEAE) IN A TROPICAL DRY FOREST REMNANT IN VALLE DEL CAUCA, COLOMBIA",2016,,10.15517/rbt.v64i2.20689,REVISTA DE BIOLOGIA TROPICAL,347744,64,,2,701,,,"MONTOYA-BUSTAMANTE, SEBASTIÁN ;ROJAS-DÍAZ, VLADIMIR ;TORRES-GONZÁLEZ, ALBA MARINA",,2019.0
2003,2006.0,2012.0,2014.0,2020.0,,316,Fisiologia,,CARACTERIZACAO HIDROQUIMICA DO SISTEMA AQUIFERO BAURU NO ESPIGAO DE MARILIA (SP),2017,,10.14295/ras.v0i0.28725,ÁGUAS SUBTERRÂNEAS,21799784,1,,,1,,,"RIOS, ANA PAULA ;ALBUQUERQUE FILHO, JOSE LUIZ ;CÂNDIDO, SÉRGIO ;TAVARES, TATIANA ;CORREA, NÁDIA ;FERREIRA, ANDRÉ LUIZ ;CÂNDIDA MELO CAVANI, ANA ;MARTINS, VERIDIANA ;CRESPI, ALESSANDRA ;BERTOLO, REGINALDO ;MACIEL DE CARVALHO, ANA",,2020.0
2012,2016.0,2016.0,2018.0,2021.0,,317,Fisiologia,,"TREATMENT WITH CINNAMALDEHYDE REDUCES THE VISCERAL ADIPOSITY AND REGULATES LIPID METABOLISM, AUTOPHAGY AND ENDOPLASMIC RETICULUM STRESS IN THE LIVER OF A RAT MODEL OF EARLY OBESITY",2019,,10.1016/j.jnutbio.2019.108321,JOURNAL OF NUTRITIONAL BIOCHEMISTRY,9552863,77,,,108321,,,"NETO, JESSIKA GEISEBEL OLIVEIRA ;BOECHAT, SILVIA KARL ;ROMÃO, JULIANA SANTOS ;PAZOS-MOURA, CARMEN CABANELAS ;OLIVEIRA, KAREN JESUS",,2021.0
2012,2016.0,2016.0,2018.0,2021.0,,317,Fisiologia,,CINNAMALDEHYDE TREATMENT DURING ADOLESCENCE IMPROVES WHITE AND BROWN ADIPOSE TISSUE METABOLISM IN A MALE RAT MODEL OF EARLY OBESITY,2022,,10.1039/d1fo03871k,Food & Function,20426496,x,,,x,,,"NETO, JESSIKA GEISEBEL OLIVEIRA ;BOECHAT, SILVIA KARL ;ROMÃO, JULIANA SANTOS ;KUHNERT, LIA RAFAELLA BALLARD ;PAZOS-MOURA, CARMEN CABANELAS ;OLIVEIRA, KAREN JESUS",,2021.0
2014,2018.0,,,2018.0,,318,Fisiologia,,L-ARGININE AVAILABILITY AND ARGINASE ACTIVITY: CHARACTERIZATION OF AMINO ACID PERMEASE 3 IN LEISHMANIA AMAZONENSIS,2017,,10.1371/journal.pntd.0006025,PLoS Neglected Tropical Diseases,19352735,11,,,e0006025,,,"AOKI, JULIANA IDE ;MUXEL, SANDRA MARCIA ;ZAMPIERI, RICARDO ANDRADE ;ACUÑA, STEPHANIE MAIA ;FERNANDES, JULIANE CRISTINA RIBEIRO ;VANDERLINDE, RUBIA HELOISA ;SALES, MARIA CARMEN OLIVEIRA DE PINHO ;FLOETER-WINTER, LUCILE MARIA",,2018.0
2014,2018.0,,,2018.0,,318,Fisiologia,,FUNCTIONAL VALIDATION OF MIRNA-MRNA INTERACTIONS IN MACROPHAGES BY INHIBITION/COMPETITION ASSAYS BASED IN TRANSIENT TRANSFECTION,2017,,10.1038/protex.2017.034,NATURE PROTOCOL EXCHANGE,20430116,-,,,1,,,"MUXEL, SANDRA MARCIA ;LARANJEIRA-SILVA, MARIA FERNANDA ;ZAMPIERI, RICARDO ANDRADE ;AOKI, JULIANA IDE ;ACUÑA, STEPHANIE MAIA ;FLOETER-WINTER, LUCILE MARIA",,2018.0
2014,2018.0,,,2018.0,,318,Fisiologia,,ARGINASE EXPRESSION MODULATES NITRIC OXIDE PRODUCTION IN LEISHMANIA (LEISHMANIA) AMAZONENSIS,2017,,10.1371/journal.pone.0187186,PLoS One,19326203,-,,,1,,,"ACUÑA, STEPHANIE MAIA ;AOKI, J. I. ;LARANJEIRA-SILVA, M. F. ;ZAMPIERI, R. A. ;FERNANDES, JULIANE CRISTINA RIBEIRO ;MUXEL, S. M. ;FLOETER-WINTER, L. M.",,2018.0
2014,2018.0,,,2018.0,,318,Fisiologia,,LONG NON-CODING RNAS IN THE REGULATION OF GENE EXPRESSION: PHYSIOLOGY AND DISEASE,2019,,10.3390/ncrna5010017,Non-Coding RNA,2311553X,5,,1,17,,,"FERNANDES, JULIANE ;ACUÑA, STEPHANIE ;AOKI, JULIANA ;FLOETER-WINTER, LUCILE ;MUXEL, SANDRA",,2018.0
2014,2018.0,,,2018.0,,318,Fisiologia,,"MELATONIN AND LEISHMANIA AMAZONENSIS INFECTION ALTERED MIR-294, MIR-30E, AND MIR-302D IMPACTING ON TNF, MCP-1, AND NOS2 EXPRESSION",2019,,10.3389/fcimb.2019.00060,Frontiers in Cellular and Infection Microbiology,22352988,9,,,1,,,"FERNANDES, JULIANE CRISTINA RIBEIRO ;AOKI, JULIANA IDE ;MAIA ACUÑA, STEPHANIE ;ZAMPIERI, RICARDO ANDRADE ;MARKUS, REGINA P. ;FLOETER-WINTER, LUCILE MARIA ;MUXEL, SANDRA MARCIA",,2018.0
2014,2018.0,,,2018.0,,318,Fisiologia,,TOLL-LIKE RECEPTOR AND MIRNA-LET-7E EXPRESSION ALTER THE INFLAMMATORY RESPONSE IN LEISHMANIA AMAZONENSIS-INFECTED MACROPHAGES,2018,,10.3389/fimmu.2018.02792,Frontiers in Immunology,16643224,9,,,1,,,"MUXEL, SANDRA MARCIA ;ACUÑA, STEPHANIE MAIA ;AOKI, JULIANA IDE ;ZAMPIERI, RICARDO ANDRADE ;FLOETER-WINTER, LUCILE MARIA",,2018.0
2014,2018.0,,,2018.0,,318,Fisiologia,,MICRORNAS: BIOLOGICAL REGULATORS IN PATHOGEN-HOST INTERACTIONS,2020,,10.3390/cells9010113,Cells,20734409,9,,1,113,,,"ACUÑA, STEPHANIE MAIA ;FLOETER-WINTER, LUCILE MARIA ;MUXEL, SANDRA MARCIA",,2018.0
2013,2017.0,2018.0,2020.0,,,248,Botânica,,"VIABILIZACAO DO PROCESSO DE COMPOSTAGEM NA URI/SANTO ANGELO-RS, PARA A PRODUCAO DE PLANTULAS NA EDUCACAO AMBIENTAL DA ONG ECO GLOBAL MISSOES",2015,,,Revista Monografias Ambientais,22361308,15,,1,120,125,,"MATOS, T. M. ;MULLER, N. T. G. ;FREITAS, N. ;PACHLA, L. ;MATOS, T. M.;MATOS, TAMARA MACHADO",,2020.0
2013,2017.0,2018.0,2020.0,,,248,Botânica,,EFEITO DE PLANTAS BIOATIVAS E DIFERENTES SUBSTRATOS NA GERMINACAO DA GRAPIA (APULEIA LEIOCARPA),2017,,,VIVÊNCIAS (URI. ERECHIM),18091636,13,,24,170,182,,"MATOS, T. M.;MATOS, TAMARA MACHADO ;MULLER, N. T. G.",,2020.0
2013,2017.0,2018.0,2020.0,,,248,Botânica,,CHARACTERIZATION OF FOLIAR SECONDARY METABOLITES IN BUTIA YATAY (MART.) BECC.,2019,,10.4025/revtecnol.v28i1.50962,REVISTA TECNOLÓGICA (UEM),15178048,28,,1,31,38,,"MATOS, TAMARA MACHADO ;MÜLLER, NILVANE TEREZINHA GHELLAR ;MACHADO, DENILSON ;VETTORATO, JORDANA GABRIELE ;DO AMARAL, GUILHERME NUNES",,2020.0
2013,2017.0,2018.0,2020.0,,,248,Botânica,,UV-B AND DROUGHT STRESS INFLUENCED GROWTH AND CELLULAR COMPOUNDS OF TWO CULTIVARS OF L. (FABACEAE),2020,,10.1111/php.13318,Photochemistry and Photobiology,17511097,96,,4,php.13318,,,"SANTOS, DÉBORAH Y.A.C. ;WATERMAN, MELINDA J. ;ROBINSON, SHARON A. ;FURLAN, CLAUDIA M. ;FERREIRA, MARCELO J. P. ;MATOS, TAMARA MACHADO ;SALA'CARVALHO, WILTON RICARDO ;ANSELMO'MOREIRA, FERNANDA ;ROMA, LUCAS PARADIZO ;CARVALHO, JULIANA CAJADO SOUZA ;PEÑA'HIDALGO, MIGUEL ;FRENCH, KRISTINE",,2020.0
2013,2017.0,2018.0,2020.0,,,248,Botânica,,THE MORPHOLOGY AND CHEMICAL COMPOSITION OF CUTICULAR WAXES IN SOME BRAZILIAN LIVERWORTS AND MOSSES,2021,,10.1080/03736687.2020.1859872,JOURNAL OF BRYOLOGY,3736687,43,,,1,9,,"MATOS, TAMARA MACHADO ;PERALTA, DENILSON FERNANDES ;ROMA, LUCAS PARADIZO ;SANTOS, DÉBORAH YARA ALVES CURSINO DOS",,2020.0
2013,2017.0,2018.0,2020.0,,,248,Botânica,,COMPARATIVE ANALYSIS OF CUTICULAR WAXES OF THE GAMETOPHYTE AND SPOROPHYTE OF THREE SPECIES OF POLYTRICHACEAE,2021,,10.1639/0007-2745-124.4.590,BRYOLOGIST,72745,124,,4,591,599,,"MATOS, TAMARA MACHADO ;PERALTA, DENILSON FERNANDES ;CURSINO DOS SANTOS, DÉBORAH YARA ALVES",,2020.0
2005,2008.0,2009.0,2011.0,2018.0,,289,Ecologia,,PING-PONG BALLS: AN ECONOMICAL IDEA TO ENRICH MARMOSETS,2007,,,The Shape of Enrichment,10888152,16,,1,4,4,,"SGAI, M. G. F. G. ;STASIENIUK, É. V. Z. ;ROCHA, C. G. ;PORTELLA, T. P. ;GUIMARÃES, M. A. B. V.",,2018.0
2005,2008.0,2009.0,2011.0,2018.0,,289,Ecologia,,"INVENTARIO RAPIDO DE MAMIFEROS DE MEDIO E GRANDE PORTE DA AREA DE PROTECAO AMBIENTAL DA ILHA COMPRIDA, SP.",2012,,,RevInter,19843577,19,,2,19,37,,"PORTELLA, T. P. ;Maurea Nicoletti Flynn",,2018.0
2005,2008.0,2009.0,2011.0,2018.0,,289,Ecologia,,ASSESSING THE EFFICACY OF HAIR SNARES AS A METHOD FOR NONINVASIVE SAMPLING OF NEOTROPICAL FELIDS,2013,,10.1590/S1984-46702013000100006,Zoologia (Curitiba. Impresso),19844670,30,,1,49,54,,"Portella, Tatiana P. ;BILSKI, DIEGO R. ;PASSOS, FERNANDO C. ;PIE, MARCIO R.",,2018.0
2005,2008.0,2009.0,2011.0,2018.0,,289,Ecologia,,"FIRST RECORD OF THE VULNERABLE BAT FURIPTERUS HORRENS (CUVIER, 1828)&NBSP;(CHIROPTERA: FURIPTERIDAE) IN THE STATE OF PARANA, SOUTHERN BRAZIL",2017,,10.15560/13.4.127,"CHECK LIST, JOURNAL OF SPICIES LIST AND DISTRIBUTION",1809127X,13,,4,127,134,,"PORTELLA, TATIANA P ;KAKU-OLIVEIRA, NATHALIA Y ;BARROS, JENNIFER DE S ;SESSEGOLO, GISELE C",,2018.0
2005,2008.0,2009.0,2011.0,2018.0,,289,Ecologia,,BRAZIL IN THE FACE OF NEW SARS-COV-2 VARIANTS: EMERGENCIES AND CHALLENGES IN PUBLIC HEALTH,2021,,10.1590/1980-549720210022,REVISTA BRASILEIRA DE EPIDEMIOLOGIA,19805497,24,,,E210022,,,"MARQUITTI, FLAVIA MARIA DARCIE ;COELHO, VERÔNICA ;BARBERIA, LORENA ;BOLLE, MONICA DE ;BOING, ALEXANDRA CRISPIM ;DONALISIO, MARIA RITA ;BOING, ANTONIO FERNANDO ;SILVA, ANTÔNIO AUGUSTO MOURA DA ;PRADO, PAULO INÁCIO ;VERAS, MARIA AMÉLIA DE SOUSA MASCENA ;KRAENKEL, ROBERTO ANDRÉ ;COUTINHO, RENATO MENDES ;FERREIRA, LEONARDO SOUTO ;BORGES, MARCELO EDUARDO ;PORTELLA, TATIANA PINEDA ;SILVA, RAFAEL LOPES PAIXÃO DA ;CANTON, OTAVIO ;POLONI, SILAS ;FRANCO, CAROLINE",,2018.0
2005,2008.0,2009.0,2011.0,2018.0,,289,Ecologia,,SPATIAL-TEMPORAL PATTERN OF CUTANEOUS LEISHMANIASIS IN BRAZIL,2021,,10.1186/s40249-021-00872-x,Infectious Diseases of Poverty,20499957,10,,1,86,,,"Portella, Tatiana P. ;KRAENKEL, ROBERTO A.",,2018.0
2005,2008.0,2009.0,2011.0,2018.0,,289,Ecologia,,MODEL-BASED ESTIMATION OF TRANSMISSIBILITY AND REINFECTION OF SARS-COV-2 P.1 VARIANT,2021,,10.1038/s43856-021-00048-6,Communications Medicine,2730664X,1,,1,1,,,"COUTINHO, RENATO MENDES ;PLUCINSKI, MATEUSZ M. ;LESSA, FERNANDA C. ;DA SILVA, ANTÔNIO AUGUSTO MOURA ;KRAENKEL, ROBERTO ANDRE ;DE SOUSA MASCENA VERAS, MARIA AMÉLIA ;PRADO, PAULO INÁCIO ;MARQUITTI, FLAVIA MARIA DARCIE ;FERREIRA, LEONARDO SOUTO ;BORGES, MARCELO EDUARDO ;DA SILVA, RAFAEL LOPES PAIXÃO ;CANTON, OTAVIO ;Portella, Tatiana P. ;POLONI, SILAS ;FRANCO, CAROLINE",,2018.0
2014,2017.0,2018.0,2020.0,2020.0,,357,Genética,,TRANSCRIPTOME EXPRESSION OF BIOMINERALIZATION GENES IN LITTORARIA FLAVA GASTROPOD IN BRAZILIAN ROCKY SHORE REVEALS EVIDENCE OF LOCAL ADAPTATION,2021,,10.1093/gbe/evab050,Genome Biology and Evolution,17596653,13,,4,.,,,"SANTOS, CAMILLA A ;SONODA, GABRIEL G ;CORTEZ, THAINÁ ;COUTINHO, LUIZ L ;ANDRADE, SÓNIA C S",,2020.0
2014,2017.0,2018.0,2020.0,2020.0,,357,Genética,,GENOME-WIDE ASSESSMENT ELUCIDATES CONNECTIVITY AND THE EVOLUTIONARY HISTORY OF THE HIGHLY DISPERSIVE MARINE INVERTEBRATE LITTORARIA FLAVA (LITTORINIDAE: GASTROPODA),2021,,10.1093/biolinnean/blab055,Biological Journal of the Linnean Society,10958312,133,,4,999,1015,,"CORTEZ, THAINÁ ;AMARAL, RAFAEL V ;SOBRAL-SOUZA, THADEU ;ANDRADE, SÓNIA C S",,2020.0
2012,2016.0,2016.0,2018.0,2021.0,,290,Ecologia,,"FIRST RECORD OF SOLMUNDELLA BITENTACULATA (CNIDARIA: AEGINIDAE) IN PARA STATE SHELF, BRAZIL",2017,,10.1590/1519-6984.166278,BRAZILIAN JOURNAL OF BIOLOGY,15196984,78,,0,176,177,,"BANHA, T. N. S. ;STAMPAR, S. N. ;MARTINELLI-FILHO, J. E.",,2021.0
2012,2016.0,2016.0,2018.0,2021.0,,290,Ecologia,,IN SITU SHIFTS OF PREDOMINANCE BETWEEN AUTOTROPHIC AND HETEROTROPHIC FEEDING IN THE REEF-BUILDING CORAL MUSSISMILIA HISPIDA: AN APPROACH USING FATTY ACID TROPHIC MARKERS,2018,,10.1007/s00338-018-1692-z,CORAL REEFS (ONLINE),14320975,37,,3,677,689,,"MIES, M. ;GÜTH, A. Z. ;TENÓRIO, A. A. ;BANHA, T. N. S. ;WATERS, L. G. ;POLITO, P. S. ;TANIGUCHI, S. ;BÍCEGO, M. C. ;SUMIDA, P. Y. G.",,2021.0
2012,2016.0,2016.0,2018.0,2021.0,,290,Ecologia,,LOW CORAL MORTALITY DURING THE MOST INTENSE BLEACHING EVENT EVER RECORDED IN SUBTROPICAL SOUTHWESTERN ATLANTIC REEFS,2019,,10.1007/s00338-019-01856-y,CORAL REEFS (ONLINE),14320975,X,,,1,,,"BANHA, T. N. S. ;CAPEL, K. C. C. ;KITAHARA, M. V. ;FRANCINI-FILHO, R. B. ;FRANCINI, C. L. B. ;SUMIDA, P. Y. G. ;MIES, M.",,2021.0
2012,2016.0,2016.0,2018.0,2021.0,,290,Ecologia,,PEROXYNITRITE GENERATION AND INCREASED HETEROTROPHIC CAPACITY ARE LINKED TO THE DISRUPTION OF THE CORAL-DINOFLAGELLATE SYMBIOSIS IN A SCLERACTINIAN AND HYDROCORAL SPECIES,2019,,10.3390/microorganisms7100426,Microorganisms,20762607,7,,10,426,,,"MARANGONI, LAURA FERNANDES DE BARROS ;BIANCHINI, ADALTO ;MIES, MIGUEL ;GÜTH, ARTHUR Z. ;BANHA, THOMÁS N. S. ;INAGUE, ALEX ;FONSECA, JULIANA DA SILVA ;DALMOLIN, CAMILA ;FARIA, SAMUEL COELHO ;FERRIER-PAGÈS, CHRISTINE",,2021.0
2012,2016.0,2016.0,2018.0,2021.0,,290,Ecologia,,"IMPLICATIONS OF FEEDING FREQUENCY, PREY SIZE AND CONDITION, AND INTRASPECIFIC COMPETITION FOR THE COMMERCIAL AQUACULTURE OF THE NUDIBRANCH BERGHIA STEPHANIEAE",2019,,10.1111/jwas.12645,Journal of the World Aquaculture Society,17497345,51,,,244,254,,"MONTEIRO, ESTELA A. ;GÜTH, ARTHUR Z. ;BANHA, THOMÁS N. S. ;SUMIDA, PAULO Y. G. ;MIES, MIGUEL",,2021.0
2012,2016.0,2016.0,2018.0,2021.0,,290,Ecologia,,SOUTH ATLANTIC CORAL REEFS ARE MAJOR GLOBAL WARMING REFUGIA AND LESS SUSCEPTIBLE TO BLEACHING,2020,,10.3389/fmars.2020.00514,FRONTIERS IN MARINE SCIENCE,22967745,7,,,514,,,"MIES, MIGUEL ;FRANCINI-FILHO, RONALDO B. ;ZILBERBERG, CARLA ;GARRIDO, AMANA G. ;LONGO, GUILHERME O. ;LAURENTINO, EDUARDA ;GÜTH, ARTHUR Z. ;SUMIDA, PAULO Y. G. ;BANHA, THOMÁS N. S.",,2021.0
2012,2016.0,2016.0,2018.0,2021.0,,290,Ecologia,,AQUACULTURE FACILITIES PROMOTE POPULATIONAL STABILITY THROUGHOUT SEASONS AND INCREASE MEDUSAE SIZE FOR THE INVASIVE JELLYFISH CASSIOPEA ANDROMEDA,2020,,10.1016/j.marenvres.2020.105161,MARINE ENVIRONMENTAL RESEARCH,1411136,.,,,105161,,,"THÉ, JORGE ;DE OLIVEIRA SOARES, MARCELO ;DE SOUSA BARROSO, HORTÊNCIA ;MAMMONE, MARTA ;VIANA, MICHAEL ;BATISTA MELO, CAIO SERVULO ;MIES, MIGUEL ;BANHA, THOMÁS N.S. ;MORANDINI, ANDRÉ C. ;ROSSI, SERGIO",,2021.0
2012,2016.0,2016.0,2018.0,2021.0,,290,Ecologia,,JUVENILE CASSIOPEA ANDROMEDA MEDUSAE ARE RESISTANT TO MULTIPLE THERMAL STRESS EVENTS,2020,,10.1007/s00227-020-03792-w,MARINE BIOLOGY,253162,167,,,173,,,"BANHA, THOMÁS N. S. ;MIES, M. ;GUTH, A. Z. ;POMORY, C. M. ;SUMIDA, PAULO Y. G.",,2021.0
2012,2016.0,2016.0,2018.0,2021.0,,290,Ecologia,,"SCYPHOZOAN JELLYFISH (CNIDARIA, MEDUSOZOA) FROM AMAZON COAST: DISTRIBUTION, TEMPORAL VARIATION AND LENGTH-WEIGHT RELATIONSHIP",2020,,10.1093/plankt/fbaa056,JOURNAL OF PLANKTON RESEARCH,14643774,42,,6,767,778,,"BANHA, THOMÁS N S ;MORANDINI, ANDRÉ C ;ROSÁRIO, RENAN P ;MARTINELLI FILHO, JOSÉ E",,2021.0
2012,2016.0,2016.0,2018.0,2021.0,,290,Ecologia,,EVIDENCE AGAINST MUTUALISM IN AN AEOLID NUDIBRANCH ASSOCIATED WITH SYMBIODINIACEAE DINOFLAGELLATES,2019,,10.1007/s13199-019-00632-4,Symbiosis,18787665,X,,,1,,,"MONTEIRO, ESTELA A. ;GÜTH, ARTHUR Z. ;BANHA, THOMÁS N. S. ;SUMIDA, PAULO Y. G. ;MIES, MIGUEL",,2021.0
2008,2012.0,2014.0,2016.0,2016.0,2022.0,358,Genética,,RECONSTRUCTING THE DEEP POPULATION HISTORY OF CENTRAL AND SOUTH AMERICA,2018,,10.1016/j.cell.2018.10.027,CELL,928674,175,,5,1185,11970000000000000180355072,,"POSTH, COSIMO ;BERTOLINI, EMILIE ;BROOMANDKHOSHBACHT, NASREEN ;COOPER, ALAN ;CULLETON, BRENDAN J. ;FERRAZ, TIAGO ;FERRY, MATTHEW ;FURTWÄNGLER, ANJA ;HAAK, WOLFGANG ;HARKINS, KELLY ;HARPER, THOMAS K. ;NAKATSUKA, NATHAN ;HÜNEMEIER, TÁBITA ;LAWSON, ANN MARIE ;LLAMAS, BASTIEN ;MICHEL, MEGAN ;NELSON, ELIZABETH ;OPPENHEIMER, JONAS ;PATTERSON, NICK ;SCHIFFELS, STEPHAN ;SEDIG, JAKOB ;STEWARDSON, KRISTIN ;LAZARIDIS, IOSIF ;TALAMO, SAHRA ;WANG, CHUAN-CHAO ;HUBLIN, JEAN-JACQUES ;HUBBE, MARK ;HARVATI, KATERINA ;NUEVO DELAUNAY, AMALIA ;BEIER, JUDITH ;FRANCKEN, MICHAEL ;KAULICKE, PETER ;REYES-CENTENO, HUGO ;SKOGLUND, PONTUS ;RADEMAKER, KURT ;TRASK, WILLA R. ;ROBINSON, MARK ;GUTIERREZ, SAID M. ;PRUFER, KEITH M. ;SALAZAR-GARCÍA, DOMINGO C. ;CHIM, ELIANE N. ;MÜLLER PLUMM GOMES, LISIANE ;ALVES, MARCONY L. ;LIRYO, ANDERSEN ;MALLICK, SWAPAN ;INGLEZ, MARIANA ;OLIVEIRA, RODRIGO E. ;BERNARDO, DANILO V. ;BARIONI, ALBERTO ;WESOLOWSKI, VERONICA ;SCHEIFLER, NAHUEL A. ;RIVERA, MARIO A. ;PLENS, CLAUDIA R. ;MESSINEO, PABLO G. ;FIGUTI, LEVY ;LAMNIDIS, THISEAS C. ;CORACH, DANIEL ;SCABUZZO, CLARA ;EGGERS, SABINE ;DEBLASIS, PAULO ;REINDEL, MARKUS ;MÉNDEZ, CÉSAR ;POLITIS, GUSTAVO ;TOMASTO-CAGIGAO, ELSA ;KENNETT, DOUGLAS J. ;STRAUSS, ANDRÉ ;ROHLAND, NADIN ;FEHREN-SCHMITZ, LARS ;KRAUSE, JOHANNES ;REICH, DAVID ;NÄGELE, KATHRIN ;ADAMSKI, NICOLE",,2016.0
2008,2012.0,2014.0,2016.0,2016.0,2022.0,358,Genética,,CONTRASTING PATTERNS OF RUNX2 REPEAT VARIATIONS ARE ASSOCIATED WITH PALATE SHAPE IN PHYLLOSTOMID BATS AND NEW WORLD PRIMATES,2018,,10.1038/s41598-018-26225-7,Scientific Reports,20452322,8,,1,7867,,,"FERRAZ, TIAGO ;GONÇALVES, GISLENE L. ;HÜNEMEIER, TÁBITA ;ROSSONI, DANIELA M. ;ALTHOFF, SÉRGIO L. ;PISSINATTI, ALCIDES ;PAIXÃO-CORTÊS, VANESSA R. ;BORTOLINI, MARIA CÁTIRA ;GONZÁLEZ-JOSÉ, ROLANDO ;MARROIG, GABRIEL ;SALZANO, FRANCISCO M.",,2016.0
2008,2012.0,2014.0,2016.0,2016.0,2022.0,358,Genética,,EFFECTIVE POPULATION SIZE AND THE GENETIC CONSEQUENCES OF COMMERCIAL WHALING ON THE HUMPBACK WHALES (MEGAPTERA NOVAEANGLIAE) FROM SOUTHWESTERN ATLANTIC OCEAN,2018,,10.1590/1678-4685-gmb-2017-0052,GENETICS AND MOLECULAR BIOLOGY (ONLINE VERSION),16784685,41,,1 suppl 1,253,262,,"CYPRIANO-SOUZA, ANA LÚCIA ;DA SILVA, TIAGO FERRAZ ;ENGEL, MÁRCIA H. ;BONATTO, SANDRO L.",,2016.0
2008,2012.0,2014.0,2016.0,2016.0,2022.0,358,Genética,,DEEP GENETIC AFFINITY BETWEEN COASTAL PACIFIC AND AMAZONIAN NATIVES EVIDENCED BY AUSTRALASIAN ANCESTRY,2021,,10.1073/pnas.2025739118,PROCEEDINGS OF THE NATIONAL ACADEMY OF SCIENCES OF THE UNITED STATES OF AMERICA,278424,118,,14,e2025739118,,,"CASTRO E SILVA, MARCOS ARAÚJO ;FERRAZ, TIAGO ;BORTOLINI, MARIA CÁTIRA ;COMAS, DAVID ;HÜNEMEIER, TÁBITA",,2016.0
2008,2012.0,2014.0,2016.0,2016.0,2022.0,358,Genética,,TEN MILLENNIA OF HEPATITIS B VIRUS EVOLUTION,2021,,10.1126/science.abi5658,SCIENCE,368075,374,,6564,182,188,,"KOCHER, ARTHUR ;WISSGOTT, ANTJE ;CALMET, MICAELA ALVAREZ ;LLAMAS, BASTIEN ;SCHULTZ, MICHAEL ;KRAUß, RAIKO ;JIMÉNEZ-ECHEVARRÍA, JAVIER ;FRANCKEN, MICHAEL ;SHNAIDER, SVETLANA ;DE KNIJFF, PETER ;ALTENA, EVELINE ;VAN DE VIJVER, KATRIEN ;VAN BÖMMEL, FLORIAN ;FEHREN-SCHMITZ, LARS ;TUNG, TIFFINY A. ;LÖSCH, SANDRA ;DOBROVOLSKAYA, MARIA ;MAKAROV, NIKOLAJ ;READ, CHRIS ;VAN TWEST, MELANIE ;SAGONA, CLAUDIA ;RAMSL, PETER C. ;AKAR, MURAT ;PFEFFERKORN, MARIA ;YENER, K. ASLIHAN ;BALLESTERO, EDUARDO CARMONA ;CUCCA, FRANCESCO ;MAZZARELLO, VITTORIO ;UTRILLA, PILAR ;RADEMAKER, KURT ;FERNÁNDEZ-DOMÍNGUEZ, EVA ;BAIRD, DOUGLAS ;SEMAL, PATRICK ;MÁRQUEZ-MORFÍN, LOURDES ;MITTNIK, ALISSA ;ROKSANDIC, MIRJANA ;STEINER, HUBERT ;SALAZAR-GARCÍA, DOMINGO CARLOS ;SHISHLINA, NATALIA ;ERDAL, YILMAZ SELIM ;HALLGREN, FREDRIK ;BOYADZHIEV, YAVOR ;BOYADZHIEV, KAMEN ;KÜßNER, MARIO ;SAYER, DUNCAN ;VILLALBA-MOUCO, VANESSA ;ONKAMO, PÄIVI ;SKEATES, ROBIN ;ROJO-GUERRA, MANUEL ;BUZHILOVA, ALEXANDRA ;KHUSSAINOVA, ELMIRA ;DJANSUGUROVA, LEYLA B. ;BEISENOV, ARMAN Z. ;SAMASHEV, ZAINOLLA ;MASSY, KEN ;MANNINO, MARCELLO ;NEUMANN, GUNNAR U. ;MOISEYEV, VYACHESLAV ;MANNERMAA, KRISTIINA ;BALANOVSKY, OLEG ;DEGUILLOUX, MARIE-FRANCE ;REINHOLD, SABINE ;HANSEN, SVEND ;KITOV, EGOR P. ;DOBE?, MIROSLAV ;ERNÉE, MICHAL ;MELLER, HARALD ;RIVOLLAT, MAÏTÉ ;ALT, KURT W. ;PRÜFER, KAY ;WARINNER, CHRISTINA ;SCHIFFELS, STEPHAN ;STOCKHAMMER, PHILIPP W. ;BOS, KIRSTEN ;POSTH, COSIMO ;HERBIG, ALEXANDER ;HAAK, WOLFGANG ;KRAUSE, JOHANNES ;VAN DE LOOSDRECHT, MARIEKE S. ;KÜHNERT, DENISE ;MAJANDER, KERTTU ;TUKHBATOVA, REZEDA I. ;PAPAC, LUKA ;MUSRALINA, LYAZZAT ;GHALICHI, AYSHIN ;PENSKE, SANDRA ;SABIN, SUSANNA ;MICHEL, MEGAN ;GRETZINGER, JOSCHA ;NELSON, ELIZABETH A. ;FERRAZ, TIAGO ;NÄGELE, KATHRIN ;PARKER, CODY ;BARQUERA, RODRIGO ;KELLER, MARCEL ;GUEVARA, EVELYN K. ;FELDMAN, MICHAL ;EISENMANN, STEFANIE ;SKOURTANIOTI, EIRINI ;GIFFIN, KAREN ;GNECCHI-RUSCONE, GUIDO ALBERTO ;FRIEDERICH, SUSANNE ;SCHIMMENTI, VITTORIA ;KHARTANOVICH, VALERY ;KEY, FELIX M. ;KARAPETIAN, MARINA K. ;CHAPLYGIN, MIKHAIL S. ;KUFTERIN, VLADIMIR V. ;KHOKHLOV, ALEKSANDR A. ;CHIZHEVSKY, ANDREY A. ;STASHENKOV, DMITRY A. ;KOCHKINA, ANNA F. ;TEJEDOR-RODRÍGUEZ, CRISTINA ;DE LAGRÁN, ÍÑIGO GARCÍA-MARTÍNEZ ;ARCUSA-MAGALLÓN, HÉCTOR ;SPYROU, MARIA A. ;GARRIDO-PENA, RAFAEL ;ROYO-GUILLÉN, JOSÉ IGNACIO ;NOVÁ&#269;EK, JAN ;ROTTIER, STÉPHANE ;KACKI, SACHA ;SAINTOT, SYLVIE ;KAVERZNEVA, ELENA ;BELINSKIY, ANDREJ B. ;VELEMÍNSKÝ, PETR ;LIMBURSKÝ, PETR ;HÜBLER, RON ;KOSTKA, MICHAL ;LOE, LOUISE ;POPESCU, ELIZABETH ;CLARKE, RACHEL ;LYONS, ALICE ;MORTIMER, RICHARD ;SAJANTILA, ANTTI ;DE ARMAS, YADIRA CHINIQUE ;HERNANDEZ GODOY, SILVIA TERESITA ;HERNÁNDEZ-ZARAGOZA, DIANA I. ;ROHRLACH, ADAM B. ;PEARSON, JESSICA ;BINDER, DIDIER ;LEFRANC, PHILIPPE ;KANTOROVICH, ANATOLY R. ;MASLOV, VLADIMIR E. ;LAI, LUCA ;ZOLEDZIEWSKA, MAGDALENA ;BECKETT, JESSICA F. ;LANGOVÁ, MICHAELA ;DANIELISOVÁ, AL'B&#283;TA ;ARON, FRANZISKA ;INGMAN, TARA ;ATIÉNZAR, GABRIEL GARCÍA ;DE MIGUEL IBÁÑEZ, MARIA PAZ ;ROMERO, ALEJANDRO ;SPERDUTI, ALESSANDRA ;BECKETT, SOPHIE ;SALTER, SUSANNAH J. ;ZILIVINSKAYA, EMMA D. ;VASIL?EV, DMITRY V. ;VON HEYKING, KRISTIN ;STAHL, RAPHAELA ;BURGER, RICHARD L. ;SALAZAR, LUCY C. ;AMKREUTZ, LUC ;NAVRUZBEKOV, MASNAV ;ROSENSTOCK, EVA ;ALONSO-FERNÁNDEZ, CARMEN ;SLAVCHEV, VLADIMIR ;KALMYKOV, ALEXEY A. ;ATABIEV, BIASLAN CH. ;BATIEVA, ELENA",,2016.0
2008,2012.0,2014.0,2016.0,2016.0,2022.0,358,Genética,,POPULATION HISTORIES AND GENOMIC DIVERSITY OF SOUTH AMERICAN NATIVES,2022,,10.1093/molbev/msab339,MOLECULAR BIOLOGY AND EVOLUTION,7374038,39,,1,msa339,,,"CASTRO E SILVA, MARCOS ARAÚJO ;FERRAZ, TIAGO ;COUTO-SILVA, CAINÃ M ;LEMES, RENAN B ;NUNES, KELLY ;COMAS, DAVID ;HÜNEMEIER, TÁBITA",,2016.0
2011,2017.0,2018.0,,,,249,Botânica,,MACROALGAS MARINHAS DO ESTADO DE ALAGOAS: COLECAO HISTORICA E PERSPECTIVAS,2017,,,Revista AmbientAL,25947982,1,,1,122,139,,"Lemos, R.P.L. ;CARNEIRO, V. A. R. ;GUEDES, E. A. C. ;COSTA, M. M. S.",,2021.0
2011,2017.0,2018.0,,,,249,Botânica,,AVALIACAO DO PROCESSO DE PRODUCAO DE MICROALGAS DO SEMIARIDO E LITORAL ALAGOANO VISANDO A PRODUCAO DE BIODIESEL,2017,,,Revista Ouricuri,23170131,7,,1,34,63,,"GUEDES, E. A. C. ;REGO, E. ;COSTA, M. M. S. ;CARNEIRO, V. A. R. ;SILVA, A. D. R. ;CAMPION, G. L. L. ;ALMEIDA, R. M. R. G.",,2021.0
2011,2017.0,2018.0,,,,249,Botânica,,"MACROALGAS MARINHAS BENTONICAS DA PISCINA DO AMOR, ENSEADA DA PAJUCARA, ALAGOAS ? BRASIL",2018,,,Revista AmbientAL,25946674,2,,1,69,,,"CARNEIRO, V. A. R. ;Lemos, R.P.L. ;GUEDES, E. A. C. ;BRITO, J. O. F.",,2021.0
2011,2017.0,2018.0,,,,249,Botânica,,"OCORRENCIA E DISTRIBUICAO DO GENERO CAULERPA J.V.LAMOUR. (BRYOPSIDALES ? CHLOROPHYTA) NO ESTADO DE ALAGOAS, NORDESTE BRASILEIRO.",2019,,10.1590/2236-8906-71/2018,HOEHNEA (SÃO PAULO),732877,46,,4,1,18,,"CARNEIRO, V. A. R. ;OLIVEIRA-CARVALHO, M. F. ;BRITO, J. O. F. ;LIMA, F. E. G. Q. ;GUEDES, E. A. C.",,2021.0
2011,2017.0,2018.0,,,,249,Botânica,,"STOMACH CONTENTS AND FEEDING HABIT OF PLAGUSIA DEPRESSA (FABRICIUS, 1775) (DECAPODA: PLAGUSIIDAE) IN SANDSTONE REEFS",2019,,,REVISTA NORDESTINA DE ZOOLOGIA,18087663,12,,,147,164,,"SANTANA, J. L. ;CARNEIRO, V. A. R. ;SANTOS, W. J. ;CALADO, T. C. S.",,2021.0
2016,2018.0,2019.0,2021.0,2022.0,,319,Fisiologia,,INFLUENCE OF TROPICAL RESERVOIRS EUTROPHICATION ON THE POLYUNSATURATED FATTY ACID PROFILE IN ASTYANAX ALTIPARANAE (PISCES: CHARACIDAE),2020,,10.1016/j.scitotenv.2020.137182,SCIENCE OF THE TOTAL ENVIRONMENT,489697,717,,,137182,,,"MARQUES, V.H. ;MOREIRA, R.G.W. ;GOMES, A.D.",,2022.0
2016,2018.0,2019.0,2021.0,2022.0,,319,Fisiologia,,EUTROPHICATION EFFECTS ON FATTY ACID PROFILES OF SESTON AND OMNIVOROUS FISH IN TROPICAL RESERVOIRS,2021,,10.1016/j.scitotenv.2021.146649,SCIENCE OF THE TOTAL ENVIRONMENT,489697,781,,,146649,,,"DAL'OLIO GOMES, ALINE ;POMPÊO, MARCELO LUIZ MARTINS ;DE LIMA CARDOSO, RAYSSA ;Marques, Victor Hugo ;MOREIRA, RENATA GUIMARÃES ;GOMES, FERNANDO RIBEIRO ;GÜCKER, BJÖRN ;TOLUSSI, CARLOS EDUARDO ;FIGUEREDO, CLEBER CUNHA ;BOËCHAT, IOLA GONÇALVES ;MARUYAMA, LÍDIA SUMILE ;OLIVEIRA, LUCAS CHAGAS ;MUÑOZ-PEÑUELA, MARCELA",,2022.0
2016,2018.0,2019.0,2021.0,2022.0,,319,Fisiologia,,"INCREASING DIETARY SFA:MUFA RATIO WITH LOW LEVELS OF LC-PUFA AFFECTED LIPID METABOLISM, TISSUE FATTY ACID PROFILE AND GROWTH OF JUVENILE CALIFORNIA YELLOWTAIL (SERIOLA DORSALIS)",2021,,10.1016/j.aquaculture.2021.737011,AQUACULTURE,448486,543,,,737011,,,"MATA-SOTRES, JOSÉ A. ;Marques, Victor Hugo ;BARBA, DESIREE ;BRAGA, ANDRE ;ARAÚJO, BRUNO ;VIANA, MARÍA TERESA ;ROMBENSO, ARTUR N.",,2022.0
2016,2018.0,2019.0,2021.0,2022.0,,319,Fisiologia,,DIFFERENT SATURATED AND MONOUNSATURATED FATTY ACIDS LEVELS IN FISH OIL-FREE DIETS TO COBIA (RACHYCENTRON CANADUM) JUVENILES: EFFECTS IN THE GROWTH PERFORMANCE AND LIPID METABOLISM,2021,,10.1016/j.aquaculture.2021.736843,AQUACULTURE,448486,541,,,736843,,,"MARQUES, VICTOR H. ;MOREIRA, RENATA G. ;BRANCO, GIOVANA S. ;HONJI, RENATO M. ;ROMBENSO, ARTUR N. ;VIANA, MARIA TERESA ;MELLO, PAULO H. DE ;MATA-SOTRES, JOSÉ A. ;ARAÚJO, BRUNO C.",,2022.0
2016,2018.0,2019.0,2021.0,2022.0,,319,Fisiologia,,SPAWNING INDUCTION AND EMBRYONIC DEVELOPMENT OF (CHARACIFORMES: CHARACIDAE),2020,,10.1017/S0967199420000210,ZYGOTE,9671994,28,,,1,11,,"ARAÚJO, BRUNO CAVALHEIRO ;MELLO, PAULO HENRIQUE ;MOREIRA, RENATA GUIMARÃES ;HILSDORF, ALEXANDRE WAGNER SILVA ;Marques, Victor Hugo ;HONJI, RENATO MASSAAKI",,2022.0
2014,2020.0,,,2021.0,,250,Botânica,,LIGHT AND ELECTRON MICROSCOPIES REVEAL UNKNOWN DETAILS OF THE POLLEN GRAIN STRUCTURE AND PHYSIOLOGY FROM BRAZILIAN CERRADO SPECIES,2021,,10.1007/s00709-021-01671-9,PROTOPLASMA,0033183X,0,,,0,14,,"CORTEZ, PRISCILA ANDRESSA ;DOS SANTOS SILVA, LEYDE NAYANE NUNES ;DE ORNELLAS PASCHOALINI, GUILHERME ;ALBUQUERQUE-PINNA, JULIA ;SIBINELLI, VICTOR ;MELO-DE-PINNA, GLADYS FLÁVIA DE ALBUQUERQUE",,2021.0
2014,2020.0,,,2021.0,,250,Botânica,,AXIAL AND RADIAL WOOD MATURATION IN THREE MISTLETOE `GIANTS&AMP;#146; (LORANTHACEAE),2022,,10.1163/22941932-bja10081,IAWA Journal,22941932,,,,,,,"SIBINELLI, VICTOR ;CECCANTINI, GREGÓRIO",,2021.0
2010,2014.0,2015.0,2017.0,2017.0,,359,Genética,,PROGRAMA GENETICA & SOCIEDADE: ATIVIDADE DE GENETICA COMUNITARIA COM ACOES EM PESQUISA/ ENSINO/EXTENSAO,2015,,,Extensio (Florianópolis),18070221,12,,20,36,47,,"MOREIRA, L. M. A. ;FREITAS, L. M. ;BORGES, V. M.;BORGES, VINÍCIUS MAGALHÃES;BORGES, VINÍCIUS M ;SILVA, E. R. J. ;OLIVEIRA, W. S. ;VIEIRA, M. J. F. ;LIMA, R. L. L. F. ;ROCHA, P. H. S. A. ;MOTA, L. R. ;SANTOS, J. F.",,2017.0
2010,2014.0,2015.0,2017.0,2017.0,,359,Genética,,ESTUDO SOBRE ALBINISMO OCULOCUTANEO E ETNIA NEGRA EM BAIRROS E LOCALIDADES DE SALVADOR-BAHIA,2016,,,Revista Ciências Médicas e Biológicas,16775090,15,,1,23,26,,"MOREIRA, L. M. A. ;PINHEIRO, M. A. L. ;BORGES, V. M.;BORGES, VINÍCIUS MAGALHÃES;BORGES, VINÍCIUS M ;CECILIA, M. H. M. S.",,2017.0
2010,2014.0,2015.0,2017.0,2017.0,,359,Genética,,"TRANSTORNO DO ESPECTRO AUTISTA: DESCOBERTAS, PERSPECTIVAS E AUTISM PLUS",2018,,10.9771/cmbio.v17i2.21828,Revista de Ciências Médicas e Biológicas,16775090,17,,2,230,235,,"BORGES, VINÍCIUS MAGALHÃES ;AZEVEDO MOREIRA, LÍLIA MARIA",,2017.0
2010,2014.0,2015.0,2017.0,2017.0,,359,Genética,,A RARE GENOMIC DUPLICATION IN 2P14 UNDERLIES AUTOSOMAL DOMINANT HEARING LOSS DFNA58,2020,,10.1093/hmg/ddaa075,HUMAN MOLECULAR GENETICS,9646906,29,,9,1520,1536,,"Mingroni-Netto, Regina C ;PEDROSO-CAMPOS, VINICIUS ;JAGGER, DANIEL J ;BORGES, VINÍCIUS M ;LEVY, DÉBORA ;LEZIROVITZ, KARINA ;GRILLET, NICOLAS ;VASCONCELOS, LAURA G ;GRASEL, SIGNE S ;OUYANG, ELLEN ;BECK, ROBERTO M O ;SONODA, CINDY Y ;TROUILLET, ALIX ;BATISSOCO, ANA C ;NASCIMENTO, LARISSA R ;SAMPAIO-SILVA, JULIANA ;OITICICA, JEANNE ;KITAJIMA, JOAO P ;ZEBARJADI, NAVID ;BENTO, RICARDO F ;VIEIRA-SILVA, GLEICIELE A",,2017.0
2009,2012.0,2015.0,2017.0,2018.0,,251,Botânica,,IS HYPTIS LACUSTRIS A. ST.-HIL. EX BENTH. (LAMIACEAE) EXTRACT A GOOD CANDIDATE FOR ANTIBACTERIAL USES?,2019,,10.1016/j.indcrop.2019.02.054,INDUSTRIAL CROPS AND PRODUCTS,9266690,133,,,26,32,,"SALA-CARVALHO, WILTON RICARDO ;DOS SANTOS, KÁTIA PEREIRA ;SEDANO-PARTIDA, MARTHA DALILA ;DA SILVA-LUZ, CÍNTIA LUÍZA ;PENA FERREIRA, MARCELO JOSÉ ;FURLAN, CLÁUDIA MARIA",,2018.0
2009,2012.0,2015.0,2017.0,2018.0,,251,Botânica,,ANTI-HIV-1 AND ANTIBACTERIAL POTENTIAL OF HYPTIS RADICANS (POHL) HARLEY & J.F.B. PASTORE AND HYPTIS MULTIBRACTEATA BENTH. (LAMIACEAE),2019,,10.1016/j.hermed.2019.100328,Journal of Herbal Medicine,22108033,20,,,100328,,,"SEDANO-PARTIDA, MARTHA DALILA ;SANTOS, KÁTIA PEREIRA DOS ;SALA-CARVALHO, WILTON RICARDO ;SILVA-LUZ, CÍNTIA LUÍZA ;FURLAN, CLÁUDIA MARIA",,2018.0
2009,2012.0,2015.0,2017.0,2018.0,,251,Botânica,,A REVIEW OF THE PHYTOCHEMICAL PROFILING AND BIOLOGICAL ACTIVITIES OF HYPTIS JACQ.: A BRAZILIAN NATIVE GENUS OF LAMIACEAE,2020,,10.1007/s40415-020-00582-y,Brazilian Journal of Botany,1008404,43,,,213,228,,"SEDANO-PARTIDA, MARTHA DALILA ;DOS SANTOS, KÁTIA PEREIRA ;SALA-CARVALHO, WILTON RICARDO ;SILVA-LUZ, CÍNTIA LUÍZA ;FURLAN, CLAUDIA M.",,2018.0
2009,2012.0,2015.0,2017.0,2018.0,,251,Botânica,,BIOLOGICAL ACTIVITY OF HYPTIS JACQ. (LAMIACEAE) IS DETERMINED BY THE ENVIRONMENT,2018,,10.1016/j.indcrop.2017.12.065,INDUSTRIAL CROPS AND PRODUCTS,9266690,112,,,705,715,,"DOS SANTOS, KÁTIA PEREIRA ;SEDANO-PARTIDA, MARTHA DALILA ;SALA-CARVALHO, WILTON RICARDO ;LOUREIRO, BEATRIZ ORTEGA SAN JUAN ;DA SILVA-LUZ, CÍNTIA LUÍZA ;FURLAN, CLAUDIA MARIA",,2018.0
2009,2012.0,2015.0,2017.0,2018.0,,251,Botânica,,UV-B AND DROUGHT STRESS INFLUENCED GROWTH AND CELLULAR COMPOUNDS OF TWO CULTIVARS OF PHASEOLUS VULGARIS L. (FABACEAE),2020,,10.1111/php.13318,Photochemistry and Photobiology,17511097,,,,,,,"SANTOS, D. Y. A. C. ;WATERMAN, M. J. ;ROBINSON, S. A. ;Furlan, C. M. ;FERREIRA, M. J. P. ;MATOS, T. M. ;Sala-Carvalho, W. R. ;ANSELMO-MOREIRA, F. ;ROMA, L. P. ;CARVALHO, J. C. S. ;PENA-HIDALGO, E. M. ;FRENCH, K.",,2018.0
